-- phpMyAdmin SQL Dump
-- version 4.8.3
-- https://www.phpmyadmin.net/
--
-- Хост: db
-- Время создания: Окт 01 2018 г., 10:34
-- Версия сервера: 5.7.22
-- Версия PHP: 7.2.8

SET SQL_MODE = "NO_AUTO_VALUE_ON_ZERO";
SET AUTOCOMMIT = 0;
START TRANSACTION;
SET time_zone = "+00:00";


/*!40101 SET @OLD_CHARACTER_SET_CLIENT=@@CHARACTER_SET_CLIENT */;
/*!40101 SET @OLD_CHARACTER_SET_RESULTS=@@CHARACTER_SET_RESULTS */;
/*!40101 SET @OLD_COLLATION_CONNECTION=@@COLLATION_CONNECTION */;
/*!40101 SET NAMES utf8mb4 */;

--
-- База данных: `home`
--

DELIMITER $$
--
-- Процедуры
--
CREATE DEFINER=`root`@`%` PROCEDURE `rating_users` ()  BEGIN
    SELECT
      fk_user
      , login
      , sum(ball) AS rating
    FROM ratings_balls
      JOIN users AS us ON us.pk = ratings_balls.fk_user
    GROUP BY fk_user
    ORDER BY rating DESC;
  END$$

CREATE DEFINER=`root`@`%` PROCEDURE `report_1_char_top3` ()  BEGIN
    SELECT
        uc.fk_character        'идентификатор персонажа'
      , ch.name                'имя'
      , count(uc.fk_character) 'частота использования'
    FROM matches_party mp
      JOIN users_has_characters uc ON uc.pk = mp.fk_user_char
      JOIN characters ch ON ch.pk = uc.fk_character
    WHERE uc.fk_user IN (SELECT fk_user
                         FROM (
                                SELECT
                                  fk_user
                                  , login
                                  , sum(ball) AS rating
                                FROM ratings_balls rb
                                  JOIN users AS us ON us.pk = rb.fk_user
                                GROUP BY fk_user
                                ORDER BY rating DESC
                                LIMIT 3
                              ) rat2)
    GROUP BY uc.fk_character
    ORDER BY 'частота использования' DESC
    LIMIT 3;
  END$$

CREATE DEFINER=`root`@`%` PROCEDURE `report_3_user_matches` (IN `userId` INT)  BEGIN
    SELECT
      userId
      , ms.status
      , m.datetime_finish AS 'дата окончания матча'
      , TIMESTAMPDIFF(MINUTE, m.datetime_start, m.datetime_finish)
                          AS 'длительность матча в минутах'
    FROM matches m
      JOIN matches_statuses ms ON m.fk_status = ms.pk
      JOIN matches_party mp ON mp.fk_match = m.pk
      JOIN users_has_characters uc ON uc.pk = mp.fk_user_char
                                      AND uc.fk_user = userId
    ORDER BY m.datetime_finish DESC
    LIMIT 10;
  END$$

DELIMITER ;

-- --------------------------------------------------------

--
-- Структура таблицы `achievements`
--

CREATE TABLE `achievements` (
  `pk` int(11) NOT NULL,
  `name` varchar(255) DEFAULT NULL,
  `message` varchar(255) DEFAULT NULL
) ENGINE=InnoDB DEFAULT CHARSET=latin1;

-- --------------------------------------------------------

--
-- Структура таблицы `characters`
--

CREATE TABLE `characters` (
  `pk` int(11) NOT NULL,
  `name` varchar(255) DEFAULT NULL,
  `fk_first_line` int(11) DEFAULT '1',
  `fk_second_line` int(11) DEFAULT '4'
) ENGINE=InnoDB DEFAULT CHARSET=latin1;

--
-- Дамп данных таблицы `characters`
--

INSERT INTO `characters` (`pk`, `name`, `fk_first_line`, `fk_second_line`) VALUES
(1, 'Dr. Velda Larkin', 1, 4),
(2, 'Wava Medhurst I', 1, 4),
(3, 'Bradford Corkery', 1, 4),
(4, 'Amari Kuvalis IV', 1, 2),
(5, 'Joshuah Mante', 1, 4),
(6, 'Mrs. Daisy Gibson', 1, 3),
(7, 'Chet Larkin', 1, 4),
(8, 'Eldora Hyatt', 1, 4),
(9, 'Lee Mills I', 1, 4),
(10, 'Jordi Boyle', 1, 4),
(11, 'Efren Wintheiser', 1, 4),
(12, 'Nicola Bergstrom DVM', 1, 2),
(13, 'Dr. Anais Wyman DVM', 1, 3),
(14, 'Destiny Hamill', 1, 4),
(15, 'Ernestina Sanford II', 1, 3);

-- --------------------------------------------------------

--
-- Структура таблицы `characters_levels`
--

CREATE TABLE `characters_levels` (
  `pk` int(11) NOT NULL,
  `level` tinyint(3) UNSIGNED DEFAULT NULL,
  `experience` int(10) UNSIGNED DEFAULT NULL
) ENGINE=InnoDB DEFAULT CHARSET=latin1;

--
-- Дамп данных таблицы `characters_levels`
--

INSERT INTO `characters_levels` (`pk`, `level`, `experience`) VALUES
(1, 1, 0),
(2, 2, 500),
(3, 3, 750),
(4, 4, 1125),
(5, 5, 1688),
(6, 6, 2532),
(7, 7, 3798),
(8, 8, 5697),
(9, 9, 8546),
(10, 10, 12819),
(11, 11, 19229),
(12, 12, 28844),
(13, 13, 43266),
(14, 14, 64899),
(15, 15, 97349),
(16, 16, 146024),
(17, 17, 219036),
(18, 18, 328554),
(19, 19, 492831),
(20, 20, 739247),
(21, 21, 1108871),
(22, 22, 1663307),
(23, 23, 2494961),
(24, 24, 3742442),
(25, 25, 5613663),
(26, 26, 8420495),
(27, 27, 12630743),
(28, 28, 18946115),
(29, 29, 28419173),
(30, 30, 42628760),
(31, 1, 0),
(32, 2, 500),
(33, 3, 750),
(34, 4, 1125),
(35, 5, 1688),
(36, 6, 2532),
(37, 7, 3798),
(38, 8, 5697),
(39, 9, 8546),
(40, 10, 12819),
(41, 11, 19229),
(42, 12, 28844),
(43, 13, 43266),
(44, 14, 64899),
(45, 15, 97349),
(46, 16, 146024),
(47, 17, 219036),
(48, 18, 328554),
(49, 19, 492831),
(50, 20, 739247),
(51, 21, 1108871),
(52, 22, 1663307),
(53, 23, 2494961),
(54, 24, 3742442),
(55, 25, 5613663),
(56, 26, 8420495),
(57, 27, 12630743),
(58, 28, 18946115),
(59, 29, 28419173),
(60, 30, 42628760),
(61, 1, 0),
(62, 2, 500),
(63, 3, 750),
(64, 4, 1125),
(65, 5, 1688),
(66, 6, 2532),
(67, 7, 3798),
(68, 8, 5697),
(69, 9, 8546),
(70, 10, 12819),
(71, 11, 19229),
(72, 12, 28844),
(73, 13, 43266),
(74, 14, 64899),
(75, 15, 97349),
(76, 16, 146024),
(77, 17, 219036),
(78, 18, 328554),
(79, 19, 492831),
(80, 20, 739247),
(81, 21, 1108871),
(82, 22, 1663307),
(83, 23, 2494961),
(84, 24, 3742442),
(85, 25, 5613663),
(86, 26, 8420495),
(87, 27, 12630743),
(88, 28, 18946115),
(89, 29, 28419173),
(90, 30, 42628760);

-- --------------------------------------------------------

--
-- Структура таблицы `characters_lines`
--

CREATE TABLE `characters_lines` (
  `pk` int(11) NOT NULL,
  `name` varchar(255) DEFAULT NULL
) ENGINE=InnoDB DEFAULT CHARSET=latin1;

--
-- Дамп данных таблицы `characters_lines`
--

INSERT INTO `characters_lines` (`pk`, `name`) VALUES
(1, 'health'),
(2, 'rage'),
(3, 'energy'),
(4, 'mana'),
(5, 'health'),
(6, 'rage'),
(7, 'energy'),
(8, 'mana'),
(9, 'health'),
(10, 'rage'),
(11, 'energy'),
(12, 'mana');

-- --------------------------------------------------------

--
-- Структура таблицы `characters_parametrs`
--

CREATE TABLE `characters_parametrs` (
  `pk` int(11) NOT NULL,
  `fk_character` int(11) DEFAULT NULL,
  `level` tinyint(3) UNSIGNED DEFAULT NULL,
  `move_speed` int(10) UNSIGNED DEFAULT NULL,
  `physical_attack` int(10) UNSIGNED DEFAULT NULL,
  `magic_attack` int(10) UNSIGNED DEFAULT NULL,
  `first_line_value` int(10) UNSIGNED DEFAULT NULL,
  `second_line_value` int(10) UNSIGNED DEFAULT NULL
) ENGINE=InnoDB DEFAULT CHARSET=latin1;

-- --------------------------------------------------------

--
-- Структура таблицы `matches`
--

CREATE TABLE `matches` (
  `pk` int(11) NOT NULL,
  `fk_status` int(11) DEFAULT NULL,
  `datetime_start` datetime DEFAULT NULL,
  `datetime_finish` datetime DEFAULT NULL
) ENGINE=InnoDB DEFAULT CHARSET=latin1;

--
-- Дамп данных таблицы `matches`
--

INSERT INTO `matches` (`pk`, `fk_status`, `datetime_start`, `datetime_finish`) VALUES
(1, 2, '2018-03-14 10:41:37', '2018-03-14 11:10:37'),
(2, 1, '2018-09-10 08:47:25', '2018-09-10 09:13:58'),
(3, 1, '2018-05-12 03:32:36', '2018-05-12 03:51:04'),
(4, 2, '2017-11-17 22:53:26', '2017-11-17 23:10:17'),
(5, 1, '2018-06-27 07:08:50', '2018-06-27 07:25:34'),
(6, 2, '2018-05-09 06:26:28', '2018-05-09 06:52:54'),
(7, 1, '2018-02-06 00:35:48', '2018-02-06 01:04:24'),
(8, 2, '2018-08-17 18:38:05', '2018-08-17 19:03:55'),
(9, 1, '2018-08-21 02:24:11', '2018-08-21 02:52:22'),
(10, 2, '2018-04-12 21:46:53', '2018-04-12 22:15:38'),
(11, 2, '2017-12-19 06:43:52', '2017-12-19 06:47:30'),
(12, 1, '2018-04-29 04:23:51', '2018-04-29 04:44:24'),
(13, 2, '2018-07-23 12:05:46', '2018-07-23 12:33:57'),
(14, 1, '2017-11-17 08:37:07', '2017-11-17 08:51:58'),
(15, 2, '2018-05-28 07:27:14', '2018-05-28 07:49:52'),
(16, 2, '2017-12-19 10:26:53', '2017-12-19 10:53:06'),
(17, 1, '2017-10-29 15:16:08', '2017-10-29 15:27:44'),
(18, 2, '2018-09-08 22:21:12', '2018-09-08 22:30:05'),
(19, 2, '2018-02-17 02:42:18', '2018-02-17 03:07:56'),
(20, 2, '2018-02-09 08:34:56', '2018-02-09 08:47:24'),
(21, 2, '2018-06-18 21:02:35', '2018-06-18 21:30:12'),
(22, 1, '2018-01-30 14:09:39', '2018-01-30 14:32:04'),
(23, 2, '2017-12-03 00:47:48', '2017-12-03 01:09:16'),
(24, 2, '2018-04-12 05:32:23', '2018-04-12 05:33:00'),
(25, 2, '2018-09-18 18:27:59', '2018-09-18 18:29:05'),
(26, 1, '2018-04-10 05:10:20', '2018-04-10 05:39:42'),
(27, 2, '2017-10-23 14:18:23', '2017-10-23 14:37:38'),
(28, 2, '2017-10-05 18:01:17', '2017-10-05 18:21:10'),
(29, 1, '2018-05-26 23:16:00', '2018-05-26 23:22:17'),
(30, 2, '2018-06-04 03:55:33', '2018-06-04 04:15:44'),
(31, 2, '2017-10-22 06:18:31', '2017-10-22 06:47:04'),
(32, 1, '2018-02-13 18:40:04', '2018-02-13 19:04:36'),
(33, 2, '2018-03-15 23:33:32', '2018-03-15 23:58:17'),
(34, 1, '2018-06-02 05:35:42', '2018-06-02 06:05:14'),
(35, 1, '2017-11-02 01:53:40', '2017-11-02 02:03:24'),
(36, 2, '2018-07-17 01:11:33', '2018-07-17 01:35:31'),
(37, 2, '2018-09-08 14:48:08', '2018-09-08 14:56:05'),
(38, 2, '2017-12-15 19:52:37', '2017-12-15 19:59:39'),
(39, 2, '2018-02-02 17:54:13', '2018-02-02 18:13:18'),
(40, 2, '2018-08-23 09:35:45', '2018-08-23 09:45:49'),
(41, 1, '2018-04-02 14:19:21', '2018-04-02 14:42:31'),
(42, 2, '2018-08-13 15:55:24', '2018-08-13 16:12:20'),
(43, 2, '2018-08-18 18:27:07', '2018-08-18 18:43:31'),
(44, 1, '2018-08-21 11:44:07', '2018-08-21 12:09:47'),
(45, 1, '2017-12-27 21:08:47', '2017-12-27 21:24:05'),
(46, 2, '2018-08-31 15:58:58', '2018-08-31 16:25:31'),
(47, 2, '2018-07-02 06:54:49', '2018-07-02 07:04:31'),
(48, 1, '2018-02-02 21:01:00', '2018-02-02 21:17:38'),
(49, 2, '2017-12-31 23:56:58', '2018-01-01 00:20:43'),
(50, 1, '2018-07-02 20:36:34', '2018-07-02 20:43:37'),
(51, 1, '2018-05-25 18:12:30', '2018-05-25 18:27:51'),
(52, 2, '2018-03-20 14:04:21', '2018-03-20 14:08:21'),
(53, 2, '2017-10-12 02:04:06', '2017-10-12 02:21:42'),
(54, 1, '2018-09-01 16:59:35', '2018-09-01 17:23:50'),
(55, 1, '2018-07-27 23:28:09', '2018-07-27 23:41:00'),
(56, 2, '2017-11-19 03:57:31', '2017-11-19 04:11:40'),
(57, 2, '2017-11-23 17:37:07', '2017-11-23 17:51:05'),
(58, 2, '2018-01-29 14:12:26', '2018-01-29 14:27:44'),
(59, 1, '2018-08-12 20:46:26', '2018-08-12 21:03:08'),
(60, 1, '2018-07-09 10:13:06', '2018-07-09 10:32:01'),
(61, 1, '2018-01-01 07:14:12', '2018-01-01 07:42:17'),
(62, 2, '2017-10-23 20:02:16', '2017-10-23 20:24:08'),
(63, 2, '2017-12-07 12:41:50', '2017-12-07 12:46:22'),
(64, 1, '2018-03-19 23:06:40', '2018-03-19 23:22:53'),
(65, 2, '2018-08-10 07:11:57', '2018-08-10 07:17:46'),
(66, 2, '2017-10-31 04:49:07', '2017-10-31 05:00:51'),
(67, 1, '2017-11-23 06:30:38', '2017-11-23 06:35:38'),
(68, 2, '2018-03-08 12:11:47', '2018-03-08 12:22:36'),
(69, 1, '2018-02-20 15:24:31', '2018-02-20 15:53:04'),
(70, 1, '2018-08-15 23:57:20', '2018-08-16 00:12:09'),
(71, 2, '2018-02-12 02:56:59', '2018-02-12 03:24:36'),
(72, 2, '2018-05-30 20:53:35', '2018-05-30 21:01:39'),
(73, 2, '2018-05-24 09:41:45', '2018-05-24 09:46:10'),
(74, 1, '2018-04-04 12:02:59', '2018-04-04 12:05:44'),
(75, 2, '2017-10-07 12:54:46', '2017-10-07 13:14:07'),
(76, 2, '2017-10-11 02:34:32', '2017-10-11 02:43:31'),
(77, 1, '2018-05-24 01:54:49', '2018-05-24 02:06:35'),
(78, 2, '2018-05-29 06:04:41', '2018-05-29 06:11:22'),
(79, 1, '2018-05-23 13:00:50', '2018-05-23 13:09:27'),
(80, 1, '2017-10-10 12:01:57', '2017-10-10 12:29:14'),
(81, 2, '2018-09-16 13:29:06', '2018-09-16 13:55:12'),
(82, 2, '2018-08-22 23:32:07', '2018-08-23 00:00:34'),
(83, 2, '2018-02-13 15:02:40', '2018-02-13 15:25:09'),
(84, 2, '2018-05-08 23:49:35', '2018-05-09 00:19:25'),
(85, 2, '2018-09-16 08:13:13', '2018-09-16 08:34:56'),
(86, 1, '2018-02-23 11:36:52', '2018-02-23 12:05:28'),
(87, 2, '2018-09-08 10:21:22', '2018-09-08 10:33:56'),
(88, 1, '2017-10-11 00:24:42', '2017-10-11 00:49:28'),
(89, 2, '2018-09-09 02:05:22', '2018-09-09 02:23:46'),
(90, 1, '2017-11-29 21:09:08', '2017-11-29 21:38:13'),
(91, 2, '2018-03-08 19:01:30', '2018-03-08 19:27:50'),
(92, 2, '2018-06-12 12:46:15', '2018-06-12 13:11:42'),
(93, 1, '2017-11-06 16:21:05', '2017-11-06 16:47:37'),
(94, 2, '2018-02-03 19:30:21', '2018-02-03 19:37:34'),
(95, 2, '2018-02-25 04:51:48', '2018-02-25 05:18:16'),
(96, 2, '2018-07-11 11:06:01', '2018-07-11 11:14:04'),
(97, 2, '2018-04-03 16:00:23', '2018-04-03 16:18:09'),
(98, 1, '2018-03-11 15:01:39', '2018-03-11 15:11:13'),
(99, 1, '2018-02-18 23:00:30', '2018-02-18 23:24:00'),
(100, 2, '2018-02-13 18:53:32', '2018-02-13 19:20:40');

-- --------------------------------------------------------

--
-- Структура таблицы `matches_logs`
--

CREATE TABLE `matches_logs` (
  `pk` int(11) NOT NULL,
  `fk_match` int(11) DEFAULT NULL,
  `fk_user_char_1` int(11) DEFAULT NULL,
  `fk_user_char_2` int(11) DEFAULT NULL,
  `datetime_event` datetime DEFAULT NULL,
  `fk_event` int(11) DEFAULT NULL
) ENGINE=InnoDB DEFAULT CHARSET=latin1;

--
-- Дамп данных таблицы `matches_logs`
--

INSERT INTO `matches_logs` (`pk`, `fk_match`, `fk_user_char_1`, `fk_user_char_2`, `datetime_event`, `fk_event`) VALUES
(501, 1, 1, 10, '2017-10-02 18:52:48', 1),
(503, 1, 18, 78, '2017-10-07 08:21:29', 1),
(504, 1, 43, 53, '2017-12-14 12:19:55', 1),
(505, 1, 69, 96, '2017-12-11 01:08:47', 1),
(506, 1, 94, 90, '2018-07-27 05:07:07', 1),
(507, 1, 27, 41, '2017-12-01 19:49:37', 1),
(508, 2, 34, 81, '2018-09-10 23:08:48', 1),
(509, 2, 67, 50, '2018-05-13 20:13:22', 1),
(510, 2, 3, 3, '2018-09-07 05:51:57', 1),
(511, 2, 98, 98, '2018-08-01 14:09:30', 1),
(512, 2, 59, 95, '2018-07-28 00:41:51', 1),
(513, 3, 59, 45, '2017-12-23 20:03:35', 1),
(514, 3, 99, 87, '2018-05-27 05:00:48', 1),
(515, 3, 27, 3, '2018-04-14 02:18:25', 1),
(516, 3, 79, 16, '2018-04-09 18:48:54', 1),
(517, 3, 35, 48, '2018-09-27 12:13:24', 1),
(518, 4, 85, 16, '2017-11-06 06:02:19', 1),
(519, 4, 99, 2, '2017-10-22 08:47:38', 1),
(520, 4, 85, 54, '2018-04-09 04:17:43', 1),
(521, 4, 69, 60, '2018-07-29 23:08:10', 1),
(522, 4, 74, 11, '2018-08-19 21:35:03', 1),
(523, 5, 86, 58, '2018-04-05 13:09:04', 1),
(524, 5, 31, 41, '2018-01-19 13:43:08', 1),
(525, 5, 34, 35, '2018-06-16 12:08:27', 1),
(526, 5, 67, 50, '2018-06-28 02:05:51', 1),
(527, 5, 79, 35, '2018-07-05 05:47:43', 1),
(528, 6, 28, 83, '2018-03-05 09:42:42', 1),
(529, 6, 23, 30, '2018-02-13 00:26:58', 1),
(530, 6, 3, 86, '2017-11-04 07:29:11', 1),
(531, 6, 5, 68, '2018-09-25 04:54:50', 1),
(532, 6, 56, 80, '2017-10-27 15:03:31', 1),
(533, 7, 62, 26, '2017-11-25 10:22:40', 1),
(534, 7, 29, 7, '2018-03-21 04:23:21', 1),
(535, 7, 44, 41, '2018-03-06 07:08:14', 1),
(536, 7, 7, 5, '2018-04-06 06:41:05', 1),
(537, 7, 57, 77, '2018-08-19 02:57:19', 1),
(538, 8, 58, 38, '2018-07-19 13:01:41', 1),
(539, 8, 80, 64, '2017-12-11 02:25:26', 1),
(540, 8, 28, 56, '2018-06-07 21:06:10', 1),
(541, 8, 83, 1, '2018-02-23 13:15:35', 1),
(542, 8, 53, 92, '2017-11-05 23:31:59', 1),
(543, 9, 43, 70, '2018-01-07 23:34:21', 1),
(544, 9, 59, 79, '2017-10-20 16:32:07', 1),
(545, 9, 44, 12, '2018-05-15 04:18:29', 1),
(546, 9, 9, 62, '2017-11-15 15:09:29', 1),
(547, 9, 98, 62, '2018-04-29 18:47:41', 1),
(548, 10, 44, 65, '2018-09-23 03:41:24', 1),
(549, 10, 48, 40, '2017-12-08 19:23:04', 1),
(550, 10, 70, 18, '2018-02-01 10:07:38', 1),
(551, 10, 71, 40, '2018-07-26 20:05:36', 1),
(552, 10, 50, 64, '2017-10-06 10:56:31', 1),
(553, 11, 99, 53, '2018-01-22 15:47:19', 1),
(554, 11, 101, 2, '2018-05-01 05:51:40', 1),
(555, 11, 95, 70, '2018-01-08 16:12:05', 1),
(556, 11, 62, 38, '2018-04-05 08:48:29', 1),
(557, 11, 80, 85, '2018-07-23 03:45:24', 1),
(558, 12, 12, 38, '2018-06-13 10:20:09', 1),
(559, 12, 6, 45, '2017-12-20 15:39:58', 1),
(560, 12, 94, 75, '2018-01-11 14:12:29', 1),
(561, 12, 50, 5, '2018-08-27 08:00:06', 1),
(562, 12, 65, 97, '2018-01-06 22:28:19', 1),
(563, 13, 53, 99, '2017-11-30 20:20:15', 1),
(564, 13, 29, 101, '2018-09-16 21:00:25', 1),
(565, 13, 95, 19, '2018-09-22 06:46:22', 1),
(566, 13, 8, 37, '2018-08-17 13:06:06', 1),
(567, 13, 36, 48, '2018-05-17 22:36:17', 1),
(568, 14, 94, 34, '2017-10-18 19:13:00', 1),
(569, 14, 100, 27, '2017-10-28 02:27:42', 1),
(570, 14, 3, 54, '2017-11-25 20:22:14', 1),
(571, 14, 49, 28, '2018-03-24 23:00:57', 1),
(572, 14, 18, 45, '2017-11-29 12:13:24', 1),
(573, 15, 93, 58, '2018-08-06 00:47:17', 1),
(574, 15, 58, 84, '2018-08-10 17:47:37', 1),
(575, 15, 67, 76, '2017-11-17 04:55:30', 1),
(576, 15, 73, 21, '2018-07-21 01:50:37', 1),
(577, 15, 39, 45, '2017-12-24 20:41:16', 1),
(578, 16, 67, 26, '2018-03-25 19:40:22', 1),
(579, 16, 74, 20, '2017-11-05 14:53:29', 1),
(580, 16, 99, 12, '2018-09-06 12:07:13', 1),
(581, 16, 81, 11, '2018-06-06 12:27:29', 1),
(582, 16, 10, 18, '2017-11-17 18:52:02', 1),
(583, 17, 44, 79, '2018-06-25 10:14:01', 1),
(584, 17, 35, 58, '2018-07-15 20:36:18', 1),
(585, 17, 61, 24, '2018-08-09 08:32:24', 1),
(586, 17, 58, 69, '2018-06-11 18:43:21', 1),
(587, 17, 67, 80, '2017-12-13 21:23:23', 1),
(588, 18, 14, 82, '2018-07-15 20:31:27', 1),
(589, 18, 56, 4, '2018-08-10 17:19:54', 1),
(590, 18, 62, 2, '2018-06-25 20:11:41', 1),
(591, 18, 77, 44, '2018-04-05 23:46:28', 1),
(592, 18, 38, 4, '2018-02-25 10:52:21', 1),
(593, 19, 91, 64, '2018-01-15 21:30:48', 1),
(594, 19, 65, 14, '2018-04-01 00:44:56', 1),
(595, 19, 33, 85, '2018-09-03 05:56:48', 1),
(596, 19, 42, 61, '2017-12-15 02:20:22', 1),
(597, 19, 3, 86, '2018-07-14 01:35:34', 1),
(598, 20, 15, 8, '2018-08-25 01:06:04', 1),
(599, 20, 14, 35, '2018-04-04 09:56:30', 1),
(600, 20, 26, 92, '2017-12-27 22:12:53', 1),
(601, 20, 60, 74, '2017-11-19 09:45:48', 1),
(602, 20, 45, 41, '2017-10-27 11:14:02', 1),
(603, 21, 88, 35, '2018-05-25 13:30:18', 1),
(604, 21, 73, 55, '2018-09-04 20:03:24', 1),
(605, 21, 54, 58, '2017-11-06 21:25:18', 1),
(606, 21, 16, 71, '2018-04-23 16:09:22', 1),
(607, 21, 34, 48, '2018-03-25 11:51:44', 1),
(608, 22, 48, 94, '2018-06-11 18:07:24', 1),
(609, 22, 58, 23, '2018-02-10 03:53:22', 1),
(610, 22, 94, 16, '2018-06-29 18:57:22', 1),
(611, 22, 11, 88, '2017-10-23 00:20:19', 1),
(612, 22, 62, 52, '2018-02-07 23:30:35', 1),
(613, 23, 51, 59, '2018-02-15 10:57:11', 1),
(614, 23, 26, 97, '2018-06-25 08:25:46', 1),
(615, 23, 94, 84, '2017-10-13 03:47:36', 1),
(616, 23, 62, 47, '2017-10-07 20:08:27', 1),
(617, 23, 62, 73, '2018-08-06 09:24:09', 1),
(618, 24, 22, 83, '2018-09-07 05:12:45', 1),
(619, 24, 82, 98, '2018-08-10 20:22:23', 1),
(620, 24, 79, 79, '2018-02-26 05:02:30', 1),
(621, 24, 30, 19, '2018-09-08 02:16:01', 1),
(622, 24, 5, 11, '2018-03-13 18:29:55', 1),
(623, 25, 54, 68, '2017-11-02 06:44:43', 1),
(624, 25, 64, 55, '2018-01-28 20:21:41', 1),
(625, 25, 75, 19, '2018-08-25 13:44:00', 1),
(626, 25, 95, 90, '2018-01-09 23:36:46', 1),
(627, 25, 31, 46, '2017-12-28 09:13:16', 1),
(628, 26, 52, 57, '2018-06-27 06:37:36', 1),
(629, 26, 85, 75, '2018-05-12 05:42:18', 1),
(630, 26, 80, 85, '2018-04-13 11:33:21', 1),
(631, 26, 73, 4, '2018-04-11 11:29:59', 1),
(632, 26, 100, 64, '2018-07-20 03:37:06', 1),
(633, 27, 9, 11, '2018-08-15 02:22:45', 1),
(634, 27, 4, 18, '2018-04-18 18:50:49', 1),
(635, 27, 90, 10, '2017-10-26 07:07:57', 1),
(636, 27, 57, 33, '2018-02-10 04:28:41', 1),
(637, 27, 61, 31, '2018-02-25 13:41:09', 1),
(638, 28, 21, 62, '2018-09-15 15:27:27', 1),
(639, 28, 19, 55, '2018-06-27 20:01:03', 1),
(640, 28, 93, 47, '2018-02-27 20:43:23', 1),
(641, 28, 12, 8, '2018-08-06 21:29:54', 1),
(642, 28, 10, 68, '2018-02-02 10:06:17', 1),
(643, 29, 25, 74, '2018-09-18 23:38:52', 1),
(644, 29, 73, 32, '2018-03-09 18:50:49', 1),
(645, 29, 77, 5, '2018-09-15 09:16:21', 1),
(646, 29, 38, 55, '2018-02-15 18:03:40', 1),
(647, 29, 96, 96, '2018-05-16 01:50:35', 1),
(648, 30, 32, 36, '2017-11-18 12:44:59', 1),
(649, 30, 48, 45, '2018-08-22 18:24:03', 1),
(650, 30, 43, 61, '2017-12-21 14:45:56', 1),
(651, 30, 80, 10, '2018-02-21 12:00:57', 1),
(652, 30, 71, 13, '2018-04-14 05:37:55', 1),
(653, 31, 7, 75, '2018-06-15 18:58:22', 1),
(654, 31, 55, 42, '2018-06-28 17:38:40', 1),
(655, 31, 86, 56, '2018-01-28 13:22:58', 1),
(656, 31, 91, 13, '2018-07-02 14:05:01', 1),
(657, 31, 6, 7, '2018-07-25 09:47:20', 1),
(658, 32, 66, 44, '2018-07-23 19:28:26', 1),
(659, 32, 93, 40, '2018-07-10 07:33:35', 1),
(660, 32, 89, 65, '2018-09-09 12:39:56', 1),
(661, 32, 78, 87, '2018-02-22 02:35:51', 1),
(662, 32, 6, 9, '2018-03-13 14:50:31', 1),
(663, 33, 92, 38, '2018-01-16 21:22:09', 1),
(664, 33, 44, 32, '2018-08-22 23:46:45', 1),
(665, 33, 83, 69, '2018-01-03 10:32:47', 1),
(666, 33, 95, 26, '2018-04-05 15:27:59', 1),
(667, 33, 13, 73, '2017-11-14 04:29:06', 1),
(668, 34, 76, 3, '2018-07-17 15:35:17', 1),
(669, 34, 84, 43, '2017-11-19 23:20:41', 1),
(670, 34, 39, 42, '2017-10-10 15:53:24', 1),
(671, 34, 20, 3, '2018-06-30 08:06:46', 1),
(672, 34, 90, 55, '2018-07-03 02:38:19', 1),
(673, 35, 85, 71, '2018-04-14 04:40:26', 1),
(674, 35, 89, 97, '2018-04-16 15:58:33', 1),
(675, 35, 82, 65, '2017-12-10 09:29:16', 1),
(676, 35, 26, 27, '2018-03-31 01:41:25', 1),
(677, 35, 82, 28, '2018-06-15 11:43:17', 1),
(678, 36, 100, 11, '2018-09-03 13:58:43', 1),
(679, 36, 29, 9, '2018-01-12 21:11:39', 1),
(680, 36, 73, 70, '2018-08-26 12:59:34', 1),
(681, 36, 60, 7, '2017-11-23 16:42:30', 1),
(682, 36, 21, 12, '2018-05-26 12:24:10', 1),
(683, 37, 51, 34, '2018-08-19 00:44:48', 1),
(684, 37, 72, 70, '2018-03-21 14:29:12', 1),
(685, 37, 73, 8, '2018-06-02 02:23:36', 1),
(686, 37, 65, 75, '2017-12-10 00:23:38', 1),
(687, 37, 63, 21, '2018-02-08 11:43:31', 1),
(688, 38, 13, 87, '2017-11-26 05:51:14', 1),
(689, 38, 13, 51, '2018-04-02 02:08:46', 1),
(690, 38, 83, 1, '2017-10-28 11:09:51', 1),
(691, 38, 14, 79, '2018-01-24 23:55:34', 1),
(692, 38, 24, 17, '2018-02-08 06:05:32', 1),
(693, 39, 64, 76, '2018-09-01 15:45:29', 1),
(694, 39, 42, 26, '2017-10-20 18:07:58', 1),
(695, 39, 59, 82, '2018-04-21 03:04:46', 1),
(696, 39, 51, 94, '2018-06-26 18:08:34', 1),
(697, 39, 22, 24, '2017-12-12 20:47:53', 1),
(698, 40, 25, 98, '2017-10-30 00:17:12', 1),
(699, 40, 29, 41, '2018-04-29 00:45:27', 1),
(700, 40, 55, 62, '2018-08-14 10:17:00', 1),
(701, 40, 37, 90, '2018-04-07 22:56:24', 1),
(702, 40, 10, 11, '2018-04-16 00:42:29', 1),
(703, 41, 92, 15, '2017-11-19 16:05:26', 1),
(704, 41, 1, 91, '2018-07-21 02:33:49', 1),
(705, 41, 10, 92, '2018-09-03 21:39:11', 1),
(706, 41, 35, 10, '2018-06-05 06:02:17', 1),
(707, 41, 24, 35, '2018-03-04 21:30:08', 1),
(708, 42, 27, 71, '2018-03-19 08:46:35', 1),
(709, 42, 45, 52, '2017-10-18 16:57:26', 1),
(710, 42, 47, 29, '2018-06-24 16:41:40', 1),
(711, 42, 22, 13, '2018-04-09 19:15:55', 1),
(712, 42, 92, 81, '2018-03-13 13:54:46', 1),
(713, 43, 65, 66, '2018-05-14 00:50:11', 1),
(714, 43, 72, 46, '2017-10-18 01:39:42', 1),
(715, 43, 97, 55, '2017-10-26 02:47:30', 1),
(716, 43, 8, 81, '2017-12-15 12:41:29', 1),
(717, 43, 46, 26, '2017-12-29 09:30:56', 1),
(718, 44, 69, 41, '2017-10-29 13:08:38', 1),
(719, 44, 94, 93, '2018-05-15 08:33:26', 1),
(720, 44, 14, 17, '2018-01-17 22:44:04', 1),
(721, 44, 72, 66, '2018-04-30 01:50:22', 1),
(722, 44, 47, 17, '2017-12-25 01:17:26', 1),
(723, 45, 76, 77, '2017-10-25 11:54:31', 1),
(724, 45, 80, 101, '2017-12-31 20:27:06', 1),
(725, 45, 26, 62, '2018-04-04 19:39:02', 1),
(726, 45, 57, 44, '2018-08-25 23:26:58', 1),
(727, 45, 72, 71, '2018-03-05 21:29:02', 1),
(728, 46, 37, 30, '2018-03-23 23:34:15', 1),
(729, 46, 29, 96, '2018-08-09 12:17:03', 1),
(730, 46, 38, 22, '2017-10-22 07:57:48', 1),
(731, 46, 91, 17, '2018-01-03 19:17:09', 1),
(732, 46, 71, 14, '2017-10-22 18:15:57', 1),
(733, 47, 46, 78, '2018-09-14 22:24:46', 1),
(734, 47, 73, 47, '2018-01-16 05:01:17', 1),
(735, 47, 29, 88, '2018-03-05 19:31:38', 1),
(736, 47, 27, 73, '2018-05-07 13:07:22', 1),
(737, 47, 63, 71, '2018-03-14 05:37:01', 1),
(738, 48, 44, 98, '2018-04-02 21:11:21', 1),
(739, 48, 94, 58, '2018-09-07 00:36:06', 1),
(740, 48, 27, 63, '2018-05-21 17:16:20', 1),
(741, 48, 43, 3, '2017-12-18 02:00:59', 1),
(742, 48, 1, 47, '2017-11-21 06:25:27', 1),
(743, 49, 16, 64, '2018-05-25 10:22:05', 1),
(744, 49, 67, 53, '2018-06-15 23:53:43', 1),
(745, 49, 67, 66, '2018-02-25 13:30:46', 1),
(746, 49, 84, 23, '2018-06-30 09:54:34', 1),
(747, 49, 14, 41, '2017-10-03 04:23:21', 1),
(748, 50, 77, 43, '2018-07-25 13:29:49', 1),
(749, 50, 76, 11, '2018-07-28 13:08:13', 1),
(750, 50, 29, 94, '2017-12-23 17:42:27', 1),
(751, 50, 54, 35, '2018-06-20 13:55:59', 1),
(752, 50, 34, 49, '2018-04-19 20:48:04', 1),
(753, 51, 82, 90, '2018-08-21 00:15:53', 1),
(754, 51, 58, 44, '2018-09-06 01:53:06', 1),
(755, 51, 11, 86, '2018-01-10 06:59:05', 1),
(756, 51, 53, 47, '2018-03-28 22:02:46', 1),
(757, 51, 90, 90, '2018-07-29 11:15:06', 1),
(758, 52, 66, 42, '2017-11-12 15:28:32', 1),
(759, 52, 29, 34, '2018-02-06 10:34:39', 1),
(760, 52, 101, 95, '2018-09-06 17:51:22', 1),
(761, 52, 23, 83, '2018-03-16 18:10:46', 1),
(762, 52, 100, 23, '2017-11-11 04:09:56', 1),
(763, 53, 36, 6, '2018-02-12 12:12:05', 1),
(764, 53, 14, 90, '2018-06-18 19:58:41', 1),
(765, 53, 68, 82, '2018-04-12 08:03:10', 1),
(766, 53, 101, 101, '2018-09-23 13:42:29', 1),
(767, 53, 69, 95, '2018-03-31 05:39:00', 1),
(768, 54, 93, 18, '2017-10-24 22:56:12', 1),
(769, 54, 81, 74, '2018-03-17 17:27:27', 1),
(770, 54, 9, 62, '2018-02-19 15:57:49', 1),
(771, 54, 30, 14, '2018-04-01 05:44:10', 1),
(772, 54, 74, 95, '2018-08-02 15:30:11', 1),
(773, 55, 50, 87, '2017-12-27 05:46:10', 1),
(774, 55, 4, 17, '2017-10-06 08:35:35', 1),
(775, 55, 48, 73, '2018-01-11 00:06:14', 1),
(776, 55, 72, 20, '2018-04-12 12:50:14', 1),
(777, 55, 82, 97, '2018-03-17 12:00:25', 1),
(778, 56, 60, 67, '2018-09-21 10:30:29', 1),
(779, 56, 52, 67, '2018-01-26 19:23:07', 1),
(780, 56, 17, 31, '2018-08-21 05:41:44', 1),
(781, 56, 46, 9, '2017-10-04 05:08:25', 1),
(782, 56, 84, 40, '2018-01-25 03:00:56', 1),
(783, 57, 59, 80, '2018-05-15 10:24:29', 1),
(784, 57, 19, 41, '2018-08-21 05:41:35', 1),
(785, 57, 3, 54, '2018-05-22 21:08:08', 1),
(786, 57, 78, 6, '2017-12-09 23:10:48', 1),
(787, 57, 58, 22, '2017-10-22 03:04:24', 1),
(788, 58, 84, 27, '2017-10-10 02:38:23', 1),
(789, 58, 65, 35, '2018-04-03 03:26:25', 1),
(790, 58, 39, 71, '2018-01-25 06:24:35', 1),
(791, 58, 31, 92, '2017-11-21 13:41:17', 1),
(792, 58, 43, 23, '2018-06-05 08:12:59', 1),
(793, 59, 92, 29, '2018-08-09 13:14:52', 1),
(794, 59, 46, 57, '2018-03-21 04:29:54', 1),
(795, 59, 73, 45, '2017-10-31 00:22:52', 1),
(796, 59, 39, 50, '2018-02-10 09:38:46', 1),
(797, 59, 28, 54, '2018-01-15 20:57:28', 1),
(798, 60, 11, 9, '2017-11-23 10:30:23', 1),
(799, 60, 15, 7, '2018-07-29 09:00:17', 1),
(800, 60, 36, 87, '2018-03-26 08:47:25', 1),
(801, 60, 26, 55, '2018-01-17 10:45:18', 1),
(802, 60, 24, 33, '2018-06-09 22:56:12', 1),
(803, 61, 16, 51, '2018-06-02 12:39:28', 1),
(804, 61, 66, 74, '2018-06-01 02:23:43', 1),
(805, 61, 69, 25, '2018-01-03 12:32:03', 1),
(806, 61, 16, 6, '2018-06-23 22:10:19', 1),
(807, 61, 72, 17, '2017-10-11 10:35:07', 1),
(808, 62, 46, 23, '2018-06-08 02:02:56', 1),
(809, 62, 36, 14, '2017-10-18 06:17:38', 1),
(810, 62, 58, 34, '2017-11-08 18:29:00', 1),
(811, 62, 39, 70, '2018-09-08 01:58:07', 1),
(812, 62, 69, 15, '2018-01-18 22:53:23', 1),
(813, 63, 91, 1, '2017-12-05 01:49:46', 1),
(814, 63, 48, 38, '2018-05-01 17:53:09', 1),
(815, 63, 33, 84, '2018-05-09 21:02:51', 1),
(816, 63, 57, 22, '2018-07-15 14:13:23', 1),
(817, 63, 45, 31, '2018-01-04 01:05:13', 1),
(818, 64, 99, 32, '2018-05-14 10:50:39', 1),
(819, 64, 83, 7, '2018-07-06 12:53:43', 1),
(820, 64, 91, 33, '2018-03-07 23:18:52', 1),
(821, 64, 74, 5, '2018-06-09 19:00:54', 1),
(822, 64, 66, 101, '2017-10-17 18:36:51', 1),
(823, 65, 97, 83, '2017-10-27 04:59:35', 1),
(824, 65, 100, 24, '2018-03-23 20:25:00', 1),
(825, 65, 12, 13, '2018-05-02 09:25:24', 1),
(826, 65, 27, 52, '2018-01-14 18:43:04', 1),
(827, 65, 85, 94, '2017-10-04 18:02:00', 1),
(828, 66, 43, 44, '2018-05-21 21:24:15', 1),
(829, 66, 98, 33, '2017-12-21 01:41:57', 1),
(830, 66, 2, 29, '2018-06-02 01:05:03', 1),
(831, 66, 17, 2, '2018-08-07 02:01:28', 1),
(832, 66, 50, 78, '2018-08-27 20:48:47', 1),
(833, 67, 58, 35, '2017-12-05 08:13:39', 1),
(834, 67, 76, 14, '2018-06-25 09:48:16', 1),
(835, 67, 30, 38, '2018-05-21 00:21:24', 1),
(836, 67, 32, 34, '2018-01-25 11:50:14', 1),
(837, 67, 53, 68, '2018-08-02 06:39:18', 1),
(838, 68, 96, 31, '2018-08-04 19:00:05', 1),
(839, 68, 76, 51, '2018-01-31 16:18:36', 1),
(840, 68, 35, 93, '2018-09-14 04:22:56', 1),
(841, 68, 42, 50, '2017-10-22 03:10:53', 1),
(842, 68, 67, 47, '2018-06-23 15:38:19', 1),
(843, 69, 2, 30, '2018-07-25 02:39:15', 1),
(844, 69, 48, 49, '2018-01-02 10:26:03', 1),
(845, 69, 99, 65, '2018-01-10 00:46:56', 1),
(846, 69, 32, 27, '2017-11-19 09:49:17', 1),
(847, 69, 30, 68, '2018-06-14 01:59:27', 1),
(848, 70, 46, 101, '2018-03-08 02:23:35', 1),
(849, 70, 44, 77, '2018-03-27 21:43:27', 1),
(850, 70, 33, 37, '2018-08-15 23:45:29', 1),
(851, 70, 42, 65, '2018-03-31 14:36:17', 1),
(852, 70, 46, 79, '2018-09-23 14:32:57', 1),
(853, 71, 42, 29, '2018-05-12 05:06:54', 1),
(854, 71, 37, 79, '2018-03-05 09:13:56', 1),
(855, 71, 96, 94, '2018-03-26 09:39:04', 1),
(856, 71, 59, 44, '2017-11-04 09:14:22', 1),
(857, 71, 15, 69, '2018-01-18 23:37:17', 1),
(858, 72, 20, 92, '2018-04-07 12:28:33', 1),
(859, 72, 16, 72, '2018-04-29 03:51:57', 1),
(860, 72, 69, 83, '2018-07-07 08:57:04', 1),
(861, 72, 16, 42, '2018-09-12 02:20:55', 1),
(862, 72, 60, 14, '2018-01-03 03:54:36', 1),
(863, 73, 72, 92, '2018-05-25 12:55:39', 1),
(864, 73, 71, 12, '2018-02-04 02:58:54', 1),
(865, 73, 89, 74, '2018-01-05 12:15:37', 1),
(866, 73, 27, 17, '2018-01-26 11:10:00', 1),
(867, 73, 68, 33, '2017-10-19 04:20:47', 1),
(868, 74, 36, 100, '2018-01-19 13:10:38', 1),
(869, 74, 90, 3, '2018-06-06 04:38:56', 1),
(870, 74, 18, 31, '2017-12-12 10:53:17', 1),
(871, 74, 41, 14, '2018-09-15 05:22:13', 1),
(872, 74, 25, 59, '2018-06-13 07:33:52', 1),
(873, 75, 48, 7, '2018-07-19 22:23:11', 1),
(874, 75, 68, 4, '2017-11-02 21:17:44', 1),
(875, 75, 15, 99, '2017-11-04 05:58:40', 1),
(876, 75, 99, 24, '2018-01-25 11:25:14', 1),
(877, 75, 83, 59, '2017-12-22 00:10:36', 1),
(878, 76, 80, 71, '2018-09-19 15:18:00', 1),
(879, 76, 11, 21, '2018-07-17 10:49:38', 1),
(880, 76, 8, 93, '2018-08-11 09:56:15', 1),
(881, 76, 60, 82, '2018-04-14 13:30:44', 1),
(882, 76, 14, 87, '2018-09-26 07:17:45', 1),
(883, 77, 65, 85, '2018-01-23 08:40:25', 1),
(884, 77, 62, 62, '2018-01-20 19:10:35', 1),
(885, 77, 83, 85, '2017-10-01 19:36:44', 1),
(886, 77, 88, 29, '2018-03-17 13:10:47', 1),
(887, 77, 65, 13, '2018-02-18 23:41:42', 1),
(888, 78, 58, 13, '2018-06-21 04:55:05', 1),
(889, 78, 43, 32, '2018-07-16 19:31:36', 1),
(890, 78, 101, 83, '2018-01-15 15:01:01', 1),
(891, 78, 58, 58, '2018-07-29 14:07:54', 1),
(892, 78, 2, 13, '2017-10-15 04:38:30', 1),
(893, 79, 96, 61, '2018-02-23 21:09:57', 1),
(894, 79, 65, 71, '2018-09-02 08:37:28', 1),
(895, 79, 4, 66, '2017-12-13 13:17:24', 1),
(896, 79, 6, 66, '2017-10-18 14:45:42', 1),
(897, 79, 40, 25, '2017-12-07 22:13:12', 1),
(898, 80, 75, 61, '2018-07-25 05:09:18', 1),
(899, 80, 62, 53, '2018-01-10 21:03:24', 1),
(900, 80, 17, 43, '2018-02-26 09:39:25', 1),
(901, 80, 31, 42, '2018-07-26 13:05:19', 1),
(902, 80, 31, 86, '2018-07-10 14:07:30', 1),
(903, 81, 5, 21, '2018-06-13 19:03:32', 1),
(904, 81, 96, 22, '2018-01-17 05:29:54', 1),
(905, 81, 40, 16, '2018-04-22 02:12:27', 1),
(906, 81, 81, 15, '2018-03-30 08:57:12', 1),
(907, 81, 47, 7, '2018-05-18 23:00:36', 1),
(908, 82, 94, 27, '2018-02-02 12:56:44', 1),
(909, 82, 91, 81, '2018-07-19 11:42:25', 1),
(910, 82, 21, 49, '2018-04-21 22:11:19', 1),
(911, 82, 54, 12, '2018-09-07 11:00:30', 1),
(912, 82, 11, 5, '2018-05-12 03:02:31', 1),
(913, 83, 34, 52, '2018-02-26 01:55:24', 1),
(914, 83, 88, 39, '2017-11-03 14:35:57', 1),
(915, 83, 76, 75, '2018-04-05 16:18:36', 1),
(916, 83, 53, 68, '2018-03-06 14:15:54', 1),
(917, 83, 82, 76, '2018-06-15 05:12:51', 1),
(918, 84, 60, 88, '2018-06-11 21:03:17', 1),
(919, 84, 7, 42, '2018-08-09 21:00:27', 1),
(920, 84, 49, 78, '2018-03-21 21:56:16', 1),
(921, 84, 65, 40, '2018-04-11 11:03:05', 1),
(922, 84, 8, 37, '2018-09-19 02:50:32', 1),
(923, 85, 55, 69, '2018-05-13 23:49:26', 1),
(924, 85, 19, 46, '2018-01-02 22:35:22', 1),
(925, 85, 69, 75, '2018-01-11 18:30:52', 1),
(926, 85, 75, 39, '2018-07-11 11:26:56', 1),
(927, 85, 46, 45, '2017-11-06 08:54:59', 1),
(928, 86, 96, 58, '2017-10-16 06:48:16', 1),
(929, 86, 98, 11, '2017-10-22 18:58:09', 1),
(930, 86, 64, 22, '2018-09-06 18:53:27', 1),
(931, 86, 78, 26, '2018-06-01 02:31:38', 1),
(932, 86, 39, 75, '2018-09-11 19:45:13', 1),
(933, 87, 87, 21, '2018-01-15 20:00:23', 1),
(934, 87, 56, 34, '2018-09-07 02:55:45', 1),
(935, 87, 36, 64, '2018-03-15 03:36:40', 1),
(936, 87, 66, 88, '2018-04-09 21:45:57', 1),
(937, 87, 59, 87, '2017-10-04 17:47:09', 1),
(938, 88, 54, 53, '2018-05-29 22:36:19', 1),
(939, 88, 92, 51, '2018-01-22 18:04:44', 1),
(940, 88, 89, 8, '2018-02-27 01:02:40', 1),
(941, 88, 39, 38, '2018-06-17 06:50:50', 1),
(942, 88, 38, 61, '2018-08-08 15:44:24', 1),
(943, 89, 50, 87, '2017-10-18 10:01:28', 1),
(944, 89, 19, 101, '2018-05-14 13:21:06', 1),
(945, 89, 88, 12, '2018-05-24 17:17:33', 1),
(946, 89, 86, 90, '2018-02-20 17:41:35', 1),
(947, 89, 87, 79, '2017-12-09 08:28:13', 1),
(948, 90, 85, 19, '2018-08-20 21:36:03', 1),
(949, 90, 58, 11, '2018-09-21 14:40:07', 1),
(950, 90, 16, 44, '2018-07-02 05:55:39', 1),
(951, 90, 10, 80, '2017-12-31 17:37:01', 1),
(952, 90, 16, 98, '2018-07-18 00:26:33', 1),
(953, 91, 81, 88, '2018-08-02 12:47:40', 1),
(954, 91, 44, 39, '2018-05-31 12:01:24', 1),
(955, 91, 33, 8, '2018-06-24 00:32:27', 1),
(956, 91, 82, 43, '2018-08-05 18:38:26', 1),
(957, 91, 79, 30, '2018-02-19 03:24:02', 1),
(958, 92, 15, 35, '2018-06-05 07:18:08', 1),
(959, 92, 101, 66, '2017-10-04 01:49:42', 1),
(960, 92, 20, 68, '2018-08-15 18:07:01', 1),
(961, 92, 49, 32, '2017-10-25 07:40:06', 1),
(962, 92, 8, 48, '2018-09-12 23:21:51', 1),
(963, 93, 96, 6, '2018-07-21 14:38:30', 1),
(964, 93, 73, 62, '2018-03-26 00:20:53', 1),
(965, 93, 46, 4, '2018-08-03 04:32:12', 1),
(966, 93, 58, 99, '2018-01-10 10:08:40', 1),
(967, 93, 98, 13, '2018-07-30 16:19:18', 1),
(968, 94, 49, 94, '2017-11-27 14:36:29', 1),
(969, 94, 46, 18, '2018-06-24 17:51:15', 1),
(970, 94, 88, 1, '2018-05-20 17:40:05', 1),
(971, 94, 29, 45, '2017-10-19 21:17:33', 1),
(972, 94, 87, 58, '2018-09-28 01:06:43', 1),
(973, 95, 60, 92, '2018-02-04 15:53:46', 1),
(974, 95, 31, 12, '2017-11-13 21:12:22', 1),
(975, 95, 66, 81, '2018-08-02 21:38:06', 1),
(976, 95, 19, 6, '2018-06-30 06:53:08', 1),
(977, 95, 28, 16, '2018-01-26 02:10:15', 1),
(978, 96, 37, 42, '2018-08-11 23:35:21', 1),
(979, 96, 58, 9, '2017-10-29 11:40:23', 1),
(980, 96, 92, 35, '2018-01-25 08:19:33', 1),
(981, 96, 26, 96, '2017-10-27 12:19:27', 1),
(982, 96, 80, 55, '2017-10-08 16:54:02', 1),
(983, 97, 88, 6, '2017-12-09 07:30:54', 1),
(984, 97, 27, 71, '2018-08-05 16:21:23', 1),
(985, 97, 59, 63, '2018-02-28 19:41:18', 1),
(986, 97, 100, 87, '2018-03-13 06:12:05', 1),
(987, 97, 43, 67, '2018-03-05 00:24:29', 1),
(988, 98, 79, 43, '2018-03-11 13:26:14', 1),
(989, 98, 8, 32, '2018-08-30 20:11:05', 1),
(990, 98, 78, 58, '2018-01-17 16:39:16', 1),
(991, 98, 45, 77, '2018-02-23 08:23:29', 1),
(992, 98, 65, 50, '2018-05-14 19:04:03', 1),
(993, 99, 66, 82, '2018-09-12 16:54:03', 1),
(994, 99, 5, 70, '2018-09-01 09:26:17', 1),
(995, 99, 99, 21, '2017-12-23 20:15:01', 1),
(996, 99, 59, 38, '2018-02-03 11:40:56', 1),
(997, 99, 52, 46, '2018-01-31 10:10:32', 1),
(998, 100, 62, 9, '2018-03-26 03:58:54', 1),
(999, 100, 18, 27, '2018-06-24 12:21:52', 1),
(1000, 100, 33, 43, '2017-11-20 21:05:00', 1),
(1001, 100, 93, 61, '2018-08-02 22:11:44', 1),
(1002, 100, 45, 84, '2018-04-08 17:33:24', 1);

-- --------------------------------------------------------

--
-- Структура таблицы `matches_logs_events`
--

CREATE TABLE `matches_logs_events` (
  `pk` int(11) NOT NULL,
  `name` varchar(255) DEFAULT NULL
) ENGINE=InnoDB DEFAULT CHARSET=latin1;

--
-- Дамп данных таблицы `matches_logs_events`
--

INSERT INTO `matches_logs_events` (`pk`, `name`) VALUES
(1, '1 kill 2');

-- --------------------------------------------------------

--
-- Структура таблицы `matches_party`
--

CREATE TABLE `matches_party` (
  `pk` int(11) NOT NULL,
  `fk_match` int(11) DEFAULT NULL,
  `team` int(11) DEFAULT NULL,
  `fk_user_char` int(11) DEFAULT NULL
) ENGINE=InnoDB DEFAULT CHARSET=latin1;

--
-- Дамп данных таблицы `matches_party`
--

INSERT INTO `matches_party` (`pk`, `fk_match`, `team`, `fk_user_char`) VALUES
(3, 1, 1, 29),
(4, 1, 1, 25),
(5, 1, 1, 35),
(6, 1, 2, 63),
(7, 1, 2, 73),
(8, 1, 2, 89),
(9, 2, 1, 29),
(10, 2, 1, 25),
(11, 2, 1, 35),
(12, 2, 2, 75),
(13, 2, 2, 73),
(14, 2, 2, 89),
(15, 3, 1, 66),
(16, 3, 1, 25),
(17, 3, 1, 35),
(18, 3, 2, 75),
(19, 3, 2, 64),
(20, 3, 2, 89),
(21, 4, 1, 66),
(22, 4, 1, 25),
(23, 4, 1, 83),
(24, 4, 2, 63),
(25, 4, 2, 73),
(26, 4, 2, 89),
(27, 5, 1, 29),
(28, 5, 1, 25),
(29, 5, 1, 8),
(30, 5, 2, 63),
(31, 5, 2, 73),
(32, 5, 2, 89),
(33, 6, 1, 66),
(34, 6, 1, 25),
(35, 6, 1, 83),
(36, 6, 2, 75),
(37, 6, 2, 73),
(38, 6, 2, 89),
(39, 7, 1, 66),
(40, 7, 1, 25),
(41, 7, 1, 83),
(42, 7, 2, 63),
(43, 7, 2, 64),
(44, 7, 2, 89),
(45, 8, 1, 66),
(46, 8, 1, 25),
(47, 8, 1, 8),
(48, 8, 2, 75),
(49, 8, 2, 73),
(50, 8, 2, 89),
(51, 9, 1, 29),
(52, 9, 1, 25),
(53, 9, 1, 35),
(54, 9, 2, 63),
(55, 9, 2, 73),
(56, 9, 2, 89),
(57, 10, 1, 66),
(58, 10, 1, 25),
(59, 10, 1, 83),
(60, 10, 2, 75),
(61, 10, 2, 64),
(62, 10, 2, 89),
(63, 11, 1, 66),
(64, 11, 1, 25),
(65, 11, 1, 8),
(66, 11, 2, 63),
(67, 11, 2, 73),
(68, 11, 2, 89),
(69, 12, 1, 66),
(70, 12, 1, 25),
(71, 12, 1, 8),
(72, 12, 2, 75),
(73, 12, 2, 73),
(74, 12, 2, 89),
(75, 13, 1, 29),
(76, 13, 1, 25),
(77, 13, 1, 83),
(78, 13, 2, 63),
(79, 13, 2, 73),
(80, 13, 2, 89),
(81, 14, 1, 29),
(82, 14, 1, 25),
(83, 14, 1, 83),
(84, 14, 2, 75),
(85, 14, 2, 73),
(86, 14, 2, 89),
(87, 15, 1, 66),
(88, 15, 1, 25),
(89, 15, 1, 83),
(90, 15, 2, 63),
(91, 15, 2, 64),
(92, 15, 2, 89),
(93, 16, 1, 29),
(94, 16, 1, 25),
(95, 16, 1, 8),
(96, 16, 2, 75),
(97, 16, 2, 73),
(98, 16, 2, 89),
(99, 17, 1, 29),
(100, 17, 1, 25),
(101, 17, 1, 35),
(102, 17, 2, 63),
(103, 17, 2, 73),
(104, 17, 2, 89),
(105, 18, 1, 66),
(106, 18, 1, 25),
(107, 18, 1, 35),
(108, 18, 2, 75),
(109, 18, 2, 73),
(110, 18, 2, 89),
(111, 19, 1, 66),
(112, 19, 1, 25),
(113, 19, 1, 8),
(114, 19, 2, 75),
(115, 19, 2, 73),
(116, 19, 2, 89),
(117, 20, 1, 29),
(118, 20, 1, 25),
(119, 20, 1, 83),
(120, 20, 2, 75),
(121, 20, 2, 73),
(122, 20, 2, 89),
(123, 21, 1, 29),
(124, 21, 1, 25),
(125, 21, 1, 35),
(126, 21, 2, 63),
(127, 21, 2, 73),
(128, 21, 2, 89),
(129, 22, 1, 29),
(130, 22, 1, 25),
(131, 22, 1, 83),
(132, 22, 2, 75),
(133, 22, 2, 73),
(134, 22, 2, 89),
(135, 23, 1, 66),
(136, 23, 1, 25),
(137, 23, 1, 35),
(138, 23, 2, 63),
(139, 23, 2, 64),
(140, 23, 2, 89),
(141, 24, 1, 29),
(142, 24, 1, 25),
(143, 24, 1, 83),
(144, 24, 2, 63),
(145, 24, 2, 73),
(146, 24, 2, 89),
(147, 25, 1, 29),
(148, 25, 1, 25),
(149, 25, 1, 83),
(150, 25, 2, 63),
(151, 25, 2, 64),
(152, 25, 2, 89),
(153, 26, 1, 29),
(154, 26, 1, 25),
(155, 26, 1, 8),
(156, 26, 2, 63),
(157, 26, 2, 73),
(158, 26, 2, 89),
(159, 27, 1, 66),
(160, 27, 1, 25),
(161, 27, 1, 83),
(162, 27, 2, 75),
(163, 27, 2, 64),
(164, 27, 2, 89),
(165, 28, 1, 29),
(166, 28, 1, 25),
(167, 28, 1, 83),
(168, 28, 2, 63),
(169, 28, 2, 64),
(170, 28, 2, 89),
(171, 29, 1, 29),
(172, 29, 1, 25),
(173, 29, 1, 8),
(174, 29, 2, 75),
(175, 29, 2, 73),
(176, 29, 2, 89),
(177, 30, 1, 29),
(178, 30, 1, 25),
(179, 30, 1, 83),
(180, 30, 2, 63),
(181, 30, 2, 64),
(182, 30, 2, 89),
(183, 31, 1, 29),
(184, 31, 1, 25),
(185, 31, 1, 83),
(186, 31, 2, 63),
(187, 31, 2, 64),
(188, 31, 2, 89),
(189, 32, 1, 29),
(190, 32, 1, 25),
(191, 32, 1, 8),
(192, 32, 2, 75),
(193, 32, 2, 64),
(194, 32, 2, 89),
(195, 33, 1, 29),
(196, 33, 1, 25),
(197, 33, 1, 83),
(198, 33, 2, 75),
(199, 33, 2, 73),
(200, 33, 2, 89),
(201, 34, 1, 29),
(202, 34, 1, 25),
(203, 34, 1, 35),
(204, 34, 2, 63),
(205, 34, 2, 73),
(206, 34, 2, 89),
(207, 35, 1, 29),
(208, 35, 1, 25),
(209, 35, 1, 8),
(210, 35, 2, 75),
(211, 35, 2, 73),
(212, 35, 2, 89),
(213, 36, 1, 66),
(214, 36, 1, 25),
(215, 36, 1, 83),
(216, 36, 2, 75),
(217, 36, 2, 73),
(218, 36, 2, 89),
(219, 37, 1, 66),
(220, 37, 1, 25),
(221, 37, 1, 8),
(222, 37, 2, 63),
(223, 37, 2, 64),
(224, 37, 2, 89),
(225, 38, 1, 66),
(226, 38, 1, 25),
(227, 38, 1, 83),
(228, 38, 2, 75),
(229, 38, 2, 64),
(230, 38, 2, 89),
(231, 39, 1, 29),
(232, 39, 1, 25),
(233, 39, 1, 83),
(234, 39, 2, 75),
(235, 39, 2, 73),
(236, 39, 2, 89),
(237, 40, 1, 66),
(238, 40, 1, 25),
(239, 40, 1, 35),
(240, 40, 2, 63),
(241, 40, 2, 73),
(242, 40, 2, 89),
(243, 41, 1, 29),
(244, 41, 1, 25),
(245, 41, 1, 8),
(246, 41, 2, 63),
(247, 41, 2, 73),
(248, 41, 2, 89),
(249, 42, 1, 66),
(250, 42, 1, 25),
(251, 42, 1, 35),
(252, 42, 2, 75),
(253, 42, 2, 64),
(254, 42, 2, 89),
(255, 43, 1, 29),
(256, 43, 1, 25),
(257, 43, 1, 83),
(258, 43, 2, 63),
(259, 43, 2, 64),
(260, 43, 2, 89),
(261, 44, 1, 66),
(262, 44, 1, 25),
(263, 44, 1, 8),
(264, 44, 2, 63),
(265, 44, 2, 73),
(266, 44, 2, 89),
(267, 45, 1, 66),
(268, 45, 1, 25),
(269, 45, 1, 8),
(270, 45, 2, 75),
(271, 45, 2, 64),
(272, 45, 2, 89),
(273, 46, 1, 66),
(274, 46, 1, 25),
(275, 46, 1, 8),
(276, 46, 2, 75),
(277, 46, 2, 64),
(278, 46, 2, 89),
(279, 47, 1, 29),
(280, 47, 1, 25),
(281, 47, 1, 35),
(282, 47, 2, 75),
(283, 47, 2, 64),
(284, 47, 2, 89),
(285, 48, 1, 29),
(286, 48, 1, 25),
(287, 48, 1, 83),
(288, 48, 2, 63),
(289, 48, 2, 64),
(290, 48, 2, 89),
(291, 49, 1, 66),
(292, 49, 1, 25),
(293, 49, 1, 8),
(294, 49, 2, 75),
(295, 49, 2, 73),
(296, 49, 2, 89),
(297, 50, 1, 66),
(298, 50, 1, 25),
(299, 50, 1, 83),
(300, 50, 2, 75),
(301, 50, 2, 64),
(302, 50, 2, 89),
(303, 51, 1, 29),
(304, 51, 1, 25),
(305, 51, 1, 35),
(306, 51, 2, 63),
(307, 51, 2, 64),
(308, 51, 2, 89),
(309, 52, 1, 66),
(310, 52, 1, 25),
(311, 52, 1, 8),
(312, 52, 2, 63),
(313, 52, 2, 73),
(314, 52, 2, 89),
(315, 53, 1, 29),
(316, 53, 1, 25),
(317, 53, 1, 83),
(318, 53, 2, 63),
(319, 53, 2, 64),
(320, 53, 2, 89),
(321, 54, 1, 29),
(322, 54, 1, 25),
(323, 54, 1, 35),
(324, 54, 2, 75),
(325, 54, 2, 64),
(326, 54, 2, 89),
(327, 55, 1, 29),
(328, 55, 1, 25),
(329, 55, 1, 8),
(330, 55, 2, 75),
(331, 55, 2, 73),
(332, 55, 2, 89),
(333, 56, 1, 66),
(334, 56, 1, 25),
(335, 56, 1, 35),
(336, 56, 2, 63),
(337, 56, 2, 64),
(338, 56, 2, 89),
(339, 57, 1, 66),
(340, 57, 1, 25),
(341, 57, 1, 8),
(342, 57, 2, 63),
(343, 57, 2, 73),
(344, 57, 2, 89),
(345, 58, 1, 29),
(346, 58, 1, 25),
(347, 58, 1, 83),
(348, 58, 2, 75),
(349, 58, 2, 64),
(350, 58, 2, 89),
(351, 59, 1, 66),
(352, 59, 1, 25),
(353, 59, 1, 35),
(354, 59, 2, 75),
(355, 59, 2, 64),
(356, 59, 2, 89),
(357, 60, 1, 29),
(358, 60, 1, 25),
(359, 60, 1, 83),
(360, 60, 2, 63),
(361, 60, 2, 73),
(362, 60, 2, 89),
(363, 61, 1, 66),
(364, 61, 1, 25),
(365, 61, 1, 8),
(366, 61, 2, 63),
(367, 61, 2, 73),
(368, 61, 2, 89),
(369, 62, 1, 66),
(370, 62, 1, 25),
(371, 62, 1, 35),
(372, 62, 2, 63),
(373, 62, 2, 64),
(374, 62, 2, 89),
(375, 63, 1, 66),
(376, 63, 1, 25),
(377, 63, 1, 35),
(378, 63, 2, 63),
(379, 63, 2, 64),
(380, 63, 2, 89),
(381, 64, 1, 29),
(382, 64, 1, 25),
(383, 64, 1, 35),
(384, 64, 2, 63),
(385, 64, 2, 73),
(386, 64, 2, 89),
(387, 65, 1, 66),
(388, 65, 1, 25),
(389, 65, 1, 83),
(390, 65, 2, 75),
(391, 65, 2, 73),
(392, 65, 2, 89),
(393, 66, 1, 29),
(394, 66, 1, 25),
(395, 66, 1, 8),
(396, 66, 2, 63),
(397, 66, 2, 73),
(398, 66, 2, 89),
(399, 67, 1, 29),
(400, 67, 1, 25),
(401, 67, 1, 83),
(402, 67, 2, 75),
(403, 67, 2, 64),
(404, 67, 2, 89),
(405, 68, 1, 29),
(406, 68, 1, 25),
(407, 68, 1, 8),
(408, 68, 2, 63),
(409, 68, 2, 64),
(410, 68, 2, 89),
(411, 69, 1, 29),
(412, 69, 1, 25),
(413, 69, 1, 35),
(414, 69, 2, 75),
(415, 69, 2, 73),
(416, 69, 2, 89),
(417, 70, 1, 66),
(418, 70, 1, 25),
(419, 70, 1, 83),
(420, 70, 2, 63),
(421, 70, 2, 73),
(422, 70, 2, 89),
(423, 71, 1, 29),
(424, 71, 1, 25),
(425, 71, 1, 35),
(426, 71, 2, 75),
(427, 71, 2, 73),
(428, 71, 2, 89),
(429, 72, 1, 66),
(430, 72, 1, 25),
(431, 72, 1, 35),
(432, 72, 2, 63),
(433, 72, 2, 73),
(434, 72, 2, 89),
(435, 73, 1, 66),
(436, 73, 1, 25),
(437, 73, 1, 35),
(438, 73, 2, 63),
(439, 73, 2, 73),
(440, 73, 2, 89),
(441, 74, 1, 66),
(442, 74, 1, 25),
(443, 74, 1, 8),
(444, 74, 2, 63),
(445, 74, 2, 73),
(446, 74, 2, 89),
(447, 75, 1, 66),
(448, 75, 1, 25),
(449, 75, 1, 8),
(450, 75, 2, 63),
(451, 75, 2, 64),
(452, 75, 2, 89),
(453, 76, 1, 29),
(454, 76, 1, 25),
(455, 76, 1, 83),
(456, 76, 2, 63),
(457, 76, 2, 73),
(458, 76, 2, 89),
(459, 77, 1, 66),
(460, 77, 1, 25),
(461, 77, 1, 8),
(462, 77, 2, 75),
(463, 77, 2, 73),
(464, 77, 2, 89),
(465, 78, 1, 66),
(466, 78, 1, 25),
(467, 78, 1, 35),
(468, 78, 2, 75),
(469, 78, 2, 73),
(470, 78, 2, 89),
(471, 79, 1, 29),
(472, 79, 1, 25),
(473, 79, 1, 83),
(474, 79, 2, 75),
(475, 79, 2, 73),
(476, 79, 2, 89),
(477, 80, 1, 66),
(478, 80, 1, 25),
(479, 80, 1, 35),
(480, 80, 2, 75),
(481, 80, 2, 64),
(482, 80, 2, 89),
(483, 81, 1, 66),
(484, 81, 1, 25),
(485, 81, 1, 8),
(486, 81, 2, 75),
(487, 81, 2, 64),
(488, 81, 2, 89),
(489, 82, 1, 29),
(490, 82, 1, 25),
(491, 82, 1, 83),
(492, 82, 2, 75),
(493, 82, 2, 64),
(494, 82, 2, 89),
(495, 83, 1, 66),
(496, 83, 1, 25),
(497, 83, 1, 8),
(498, 83, 2, 63),
(499, 83, 2, 64),
(500, 83, 2, 89),
(501, 84, 1, 66),
(502, 84, 1, 25),
(503, 84, 1, 35),
(504, 84, 2, 75),
(505, 84, 2, 64),
(506, 84, 2, 89),
(507, 85, 1, 66),
(508, 85, 1, 25),
(509, 85, 1, 83),
(510, 85, 2, 63),
(511, 85, 2, 73),
(512, 85, 2, 89),
(513, 86, 1, 29),
(514, 86, 1, 25),
(515, 86, 1, 83),
(516, 86, 2, 63),
(517, 86, 2, 64),
(518, 86, 2, 89),
(519, 87, 1, 29),
(520, 87, 1, 25),
(521, 87, 1, 8),
(522, 87, 2, 63),
(523, 87, 2, 64),
(524, 87, 2, 89),
(525, 88, 1, 29),
(526, 88, 1, 25),
(527, 88, 1, 35),
(528, 88, 2, 75),
(529, 88, 2, 73),
(530, 88, 2, 89),
(531, 89, 1, 66),
(532, 89, 1, 25),
(533, 89, 1, 35),
(534, 89, 2, 63),
(535, 89, 2, 73),
(536, 89, 2, 89),
(537, 90, 1, 29),
(538, 90, 1, 25),
(539, 90, 1, 83),
(540, 90, 2, 63),
(541, 90, 2, 73),
(542, 90, 2, 89),
(543, 91, 1, 66),
(544, 91, 1, 25),
(545, 91, 1, 83),
(546, 91, 2, 75),
(547, 91, 2, 64),
(548, 91, 2, 89),
(549, 92, 1, 29),
(550, 92, 1, 25),
(551, 92, 1, 8),
(552, 92, 2, 75),
(553, 92, 2, 64),
(554, 92, 2, 89),
(555, 93, 1, 66),
(556, 93, 1, 25),
(557, 93, 1, 83),
(558, 93, 2, 75),
(559, 93, 2, 64),
(560, 93, 2, 89),
(561, 94, 1, 66),
(562, 94, 1, 25),
(563, 94, 1, 8),
(564, 94, 2, 63),
(565, 94, 2, 73),
(566, 94, 2, 89),
(567, 95, 1, 66),
(568, 95, 1, 25),
(569, 95, 1, 83),
(570, 95, 2, 75),
(571, 95, 2, 64),
(572, 95, 2, 89),
(573, 96, 1, 66),
(574, 96, 1, 25),
(575, 96, 1, 35),
(576, 96, 2, 63),
(577, 96, 2, 64),
(578, 96, 2, 89),
(579, 97, 1, 29),
(580, 97, 1, 25),
(581, 97, 1, 8),
(582, 97, 2, 63),
(583, 97, 2, 64),
(584, 97, 2, 89),
(585, 98, 1, 29),
(586, 98, 1, 25),
(587, 98, 1, 8),
(588, 98, 2, 75),
(589, 98, 2, 73),
(590, 98, 2, 89),
(591, 99, 1, 66),
(592, 99, 1, 25),
(593, 99, 1, 8),
(594, 99, 2, 75),
(595, 99, 2, 64),
(596, 99, 2, 89),
(597, 100, 1, 66),
(598, 100, 1, 25),
(599, 100, 1, 8),
(600, 100, 2, 63),
(601, 100, 2, 64),
(602, 100, 2, 89);

-- --------------------------------------------------------

--
-- Структура таблицы `matches_statuses`
--

CREATE TABLE `matches_statuses` (
  `pk` int(11) NOT NULL,
  `status` varchar(255) DEFAULT NULL
) ENGINE=InnoDB DEFAULT CHARSET=latin1;

--
-- Дамп данных таблицы `matches_statuses`
--

INSERT INTO `matches_statuses` (`pk`, `status`) VALUES
(1, '1 team win'),
(2, '2 team win'),
(3, 'error'),
(4, 'in progress'),
(5, 'preparation');

-- --------------------------------------------------------

--
-- Структура таблицы `ratings_balls`
--

CREATE TABLE `ratings_balls` (
  `pk` int(11) NOT NULL,
  `fk_user` int(11) DEFAULT NULL,
  `fk_message` int(11) DEFAULT NULL,
  `ball` int(11) DEFAULT NULL,
  `ball_datetime` datetime DEFAULT NULL
) ENGINE=InnoDB DEFAULT CHARSET=latin1;

--
-- Дамп данных таблицы `ratings_balls`
--

INSERT INTO `ratings_balls` (`pk`, `fk_user`, `fk_message`, `ball`, `ball_datetime`) VALUES
(10003, 25, 1, 71, '2018-09-07 03:02:55'),
(10004, 8, 1, 91, '2017-12-14 09:23:56'),
(10005, 24, 1, 36, '2017-12-09 06:44:12'),
(10006, 40, 1, 13, '2018-02-01 09:08:06'),
(10007, 41, 1, 11, '2018-08-25 05:34:11'),
(10008, 50, 1, 84, '2018-02-11 13:55:52'),
(10009, 42, 1, 54, '2018-08-26 07:49:57'),
(10010, 20, 1, 19, '2017-10-23 20:44:35'),
(10011, 50, 1, 61, '2018-09-09 19:29:25'),
(10012, 15, 1, 25, '2018-09-10 20:12:15'),
(10013, 37, 1, 17, '2018-07-21 11:21:11'),
(10014, 48, 1, 35, '2018-03-16 05:48:38'),
(10015, 8, 1, 70, '2017-10-01 14:27:10'),
(10016, 49, 1, 31, '2018-03-10 21:16:16'),
(10017, 18, 1, 95, '2018-06-16 21:55:51'),
(10018, 46, 1, 75, '2018-03-22 03:50:45'),
(10019, 30, 1, 23, '2017-10-05 01:53:55'),
(10020, 29, 1, 87, '2017-10-30 00:57:03'),
(10021, 2, 1, 93, '2018-04-01 12:41:45'),
(10022, 1, 1, 19, '2017-12-19 07:58:50'),
(10023, 16, 1, 70, '2018-05-16 11:24:00'),
(10024, 3, 1, 21, '2018-06-06 09:16:59'),
(10025, 25, 1, 63, '2018-01-15 12:20:22'),
(10026, 15, 1, 27, '2018-05-14 01:27:37'),
(10027, 24, 1, 31, '2018-04-16 07:35:40'),
(10028, 35, 1, 33, '2017-11-07 07:13:46'),
(10029, 43, 1, 51, '2018-09-05 21:51:24'),
(10030, 49, 1, 50, '2018-03-17 11:13:14'),
(10031, 6, 1, 32, '2018-06-26 12:49:46'),
(10032, 16, 1, 92, '2017-11-29 06:33:45'),
(10033, 20, 1, 62, '2017-10-12 23:00:19'),
(10034, 47, 1, 67, '2017-10-26 03:42:55'),
(10035, 1, 1, 19, '2018-01-14 10:48:38'),
(10036, 24, 1, 86, '2018-06-02 06:34:52'),
(10037, 17, 1, 43, '2018-05-07 21:19:44'),
(10038, 42, 1, 79, '2018-06-25 07:08:59'),
(10039, 1, 1, 73, '2018-04-16 05:16:48'),
(10040, 7, 1, 77, '2018-07-07 12:40:26'),
(10041, 6, 1, 83, '2018-02-28 08:10:08'),
(10042, 41, 1, 78, '2018-03-11 01:15:47'),
(10043, 27, 1, 93, '2018-09-30 02:08:45'),
(10044, 17, 1, 94, '2017-11-08 04:30:57'),
(10045, 45, 1, 27, '2018-07-01 08:39:30'),
(10046, 5, 1, 38, '2017-11-15 15:29:20'),
(10047, 31, 1, 24, '2018-06-27 14:18:49'),
(10048, 42, 1, 66, '2017-12-15 07:31:24'),
(10049, 48, 1, 52, '2017-12-03 17:46:32'),
(10050, 35, 1, 93, '2018-01-04 00:32:56'),
(10051, 49, 1, 16, '2018-04-20 18:42:21'),
(10052, 3, 1, 56, '2018-08-16 07:00:44'),
(10053, 31, 1, 56, '2018-08-04 22:04:45'),
(10054, 17, 1, 12, '2017-10-19 05:14:14'),
(10055, 27, 1, 21, '2018-04-01 15:08:50'),
(10056, 8, 1, 60, '2018-08-23 04:47:33'),
(10057, 6, 1, 47, '2018-09-11 08:47:54'),
(10058, 42, 1, 76, '2018-08-01 10:50:57'),
(10059, 12, 1, 100, '2018-06-23 11:36:00'),
(10060, 13, 1, 47, '2017-12-05 02:03:49'),
(10061, 35, 1, 22, '2018-04-15 07:37:43'),
(10062, 26, 1, 43, '2018-06-15 18:52:03'),
(10063, 29, 1, 38, '2018-05-23 07:54:07'),
(10064, 50, 1, 11, '2018-04-02 18:11:28'),
(10065, 36, 1, 67, '2018-04-27 05:09:04'),
(10066, 42, 1, 85, '2017-12-15 06:59:07'),
(10067, 42, 1, 20, '2018-08-07 04:20:39'),
(10068, 22, 1, 98, '2017-10-25 08:29:57'),
(10069, 43, 1, 23, '2018-09-03 04:59:53'),
(10070, 18, 1, 75, '2017-11-11 17:30:23'),
(10071, 8, 1, 44, '2018-01-07 05:19:59'),
(10072, 15, 1, 31, '2018-09-30 23:47:49'),
(10073, 31, 1, 25, '2018-02-17 16:08:25'),
(10074, 32, 1, 30, '2018-03-11 03:26:48'),
(10075, 24, 1, 33, '2017-10-11 05:36:02'),
(10076, 17, 1, 74, '2018-05-20 23:55:00'),
(10077, 44, 1, 47, '2017-11-25 19:24:23'),
(10078, 44, 1, 54, '2018-02-24 14:30:47'),
(10079, 7, 1, 50, '2017-11-26 10:02:35'),
(10080, 31, 1, 28, '2017-11-10 21:51:39'),
(10081, 43, 1, 54, '2018-06-30 03:26:13'),
(10082, 29, 1, 77, '2018-02-09 22:02:32'),
(10083, 43, 1, 80, '2018-07-27 07:28:04'),
(10084, 4, 1, 27, '2017-10-06 23:52:09'),
(10085, 8, 1, 91, '2018-02-11 00:47:48'),
(10086, 49, 1, 30, '2018-04-26 14:25:31'),
(10087, 31, 1, 41, '2018-02-06 02:41:13'),
(10088, 9, 1, 92, '2017-12-28 20:34:01'),
(10089, 41, 1, 72, '2018-09-11 02:47:06'),
(10090, 31, 1, 26, '2017-10-04 13:58:59'),
(10091, 15, 1, 23, '2018-05-29 14:30:13'),
(10092, 13, 1, 23, '2018-03-15 23:19:16'),
(10093, 4, 1, 67, '2017-12-29 22:58:08'),
(10094, 3, 1, 15, '2018-04-23 16:19:43'),
(10095, 32, 1, 26, '2018-07-06 07:18:15'),
(10096, 38, 1, 66, '2018-07-09 11:10:38'),
(10097, 14, 1, 100, '2018-07-02 14:58:16'),
(10098, 21, 1, 86, '2018-06-10 11:08:14'),
(10099, 49, 1, 90, '2018-04-21 06:45:19'),
(10100, 10, 1, 43, '2018-01-07 05:01:56'),
(10101, 42, 1, 59, '2018-01-05 12:08:18'),
(10102, 7, 1, 65, '2018-03-31 15:32:34'),
(10103, 50, 1, 53, '2018-07-21 05:54:58'),
(10104, 10, 1, 79, '2018-03-04 20:09:22'),
(10105, 12, 1, 59, '2018-09-02 16:59:08'),
(10106, 1, 1, 52, '2018-04-16 02:08:55'),
(10107, 42, 1, 47, '2018-01-04 19:15:56'),
(10108, 4, 1, 31, '2017-12-09 05:30:30'),
(10109, 44, 1, 94, '2018-09-18 20:27:08'),
(10110, 11, 1, 48, '2018-03-31 16:47:31'),
(10111, 18, 1, 95, '2018-06-26 00:02:12'),
(10112, 3, 1, 52, '2018-05-13 03:38:13'),
(10113, 33, 1, 73, '2018-01-27 16:24:57'),
(10114, 8, 1, 56, '2018-04-22 21:15:22'),
(10115, 8, 1, 68, '2018-01-01 16:33:09'),
(10116, 18, 1, 43, '2017-11-25 04:44:13'),
(10117, 18, 1, 89, '2018-03-01 05:47:27'),
(10118, 17, 1, 18, '2018-09-15 23:41:05'),
(10119, 10, 1, 63, '2018-06-04 18:23:01'),
(10120, 12, 1, 72, '2018-02-23 01:56:11'),
(10121, 40, 1, 40, '2018-04-04 23:18:53'),
(10122, 11, 1, 55, '2018-01-29 11:56:42'),
(10123, 20, 1, 48, '2018-04-26 05:21:49'),
(10124, 15, 1, 93, '2018-05-01 13:57:22'),
(10125, 21, 1, 78, '2018-07-31 12:46:12'),
(10126, 46, 1, 12, '2018-02-21 18:17:44'),
(10127, 14, 1, 55, '2018-02-17 00:10:46'),
(10128, 12, 1, 16, '2018-03-19 17:48:15'),
(10129, 22, 1, 31, '2018-07-30 06:21:28'),
(10130, 45, 1, 73, '2018-06-01 01:55:56'),
(10131, 7, 1, 36, '2018-05-13 20:55:03'),
(10132, 49, 1, 63, '2018-01-26 21:27:05'),
(10133, 3, 1, 92, '2018-02-21 23:30:43'),
(10134, 39, 1, 11, '2018-01-23 09:01:01'),
(10135, 9, 1, 85, '2018-04-03 06:41:17'),
(10136, 37, 1, 45, '2018-09-12 01:27:16'),
(10137, 10, 1, 58, '2017-11-09 21:45:53'),
(10138, 46, 1, 32, '2018-05-17 13:08:52'),
(10139, 26, 1, 98, '2018-01-28 06:29:31'),
(10140, 30, 1, 42, '2018-04-27 03:34:55'),
(10141, 15, 1, 60, '2018-06-10 23:07:10'),
(10142, 11, 1, 71, '2018-02-25 03:04:46'),
(10143, 34, 1, 38, '2017-12-02 03:07:54'),
(10144, 6, 1, 77, '2018-05-15 01:06:38'),
(10145, 29, 1, 79, '2018-06-09 14:55:32'),
(10146, 43, 1, 77, '2017-12-04 18:18:59'),
(10147, 38, 1, 67, '2018-09-08 09:10:35'),
(10148, 41, 1, 74, '2018-07-01 12:34:26'),
(10149, 50, 1, 99, '2018-03-05 18:52:15'),
(10150, 46, 1, 59, '2018-09-27 20:25:53'),
(10151, 38, 1, 100, '2018-09-28 01:03:48'),
(10152, 44, 1, 11, '2018-01-31 10:00:21'),
(10153, 29, 1, 33, '2018-01-18 20:33:43'),
(10154, 16, 1, 31, '2018-09-14 18:36:23'),
(10155, 41, 1, 72, '2017-10-14 06:14:44'),
(10156, 12, 1, 50, '2018-01-24 04:15:07'),
(10157, 26, 1, 94, '2017-12-07 06:36:21'),
(10158, 45, 1, 91, '2018-06-25 02:31:22'),
(10159, 7, 1, 25, '2018-08-07 06:08:18'),
(10160, 11, 1, 80, '2018-02-26 06:17:12'),
(10161, 34, 1, 35, '2017-12-25 13:14:27'),
(10162, 32, 1, 27, '2018-09-20 04:40:36'),
(10163, 32, 1, 28, '2017-10-17 16:17:50'),
(10164, 23, 1, 27, '2017-11-25 01:42:50'),
(10165, 16, 1, 97, '2018-02-24 15:35:32'),
(10166, 41, 1, 34, '2017-10-21 16:21:56'),
(10167, 31, 1, 36, '2018-06-28 06:01:05'),
(10168, 12, 1, 78, '2018-07-19 15:13:05'),
(10169, 41, 1, 91, '2018-07-07 12:13:24'),
(10170, 29, 1, 79, '2017-12-06 21:26:03'),
(10171, 5, 1, 32, '2018-08-06 09:36:04'),
(10172, 44, 1, 72, '2018-01-21 22:53:09'),
(10173, 15, 1, 36, '2018-09-16 22:15:21'),
(10174, 41, 1, 89, '2018-02-20 15:59:18'),
(10175, 41, 1, 16, '2018-01-08 21:02:36'),
(10176, 43, 1, 58, '2018-07-30 16:02:18'),
(10177, 8, 1, 30, '2017-12-15 14:37:21'),
(10178, 23, 1, 60, '2017-10-25 21:45:25'),
(10179, 13, 1, 19, '2018-06-20 22:51:23'),
(10180, 46, 1, 61, '2018-09-25 05:40:30'),
(10181, 27, 1, 55, '2018-02-09 00:46:00'),
(10182, 22, 1, 61, '2018-06-10 02:00:44'),
(10183, 6, 1, 64, '2017-10-30 04:24:16'),
(10184, 5, 1, 48, '2017-12-14 00:24:09'),
(10185, 30, 1, 42, '2018-09-15 12:10:29'),
(10186, 10, 1, 89, '2018-04-10 06:41:24'),
(10187, 48, 1, 85, '2018-07-30 09:37:23'),
(10188, 43, 1, 27, '2018-07-20 13:25:26'),
(10189, 44, 1, 21, '2018-06-16 23:11:52'),
(10190, 50, 1, 88, '2017-11-16 03:39:37'),
(10191, 9, 1, 22, '2017-11-05 00:37:12'),
(10192, 14, 1, 51, '2018-05-22 05:52:20'),
(10193, 10, 1, 72, '2018-07-07 06:14:22'),
(10194, 9, 1, 29, '2018-09-02 14:02:56'),
(10195, 12, 1, 40, '2018-01-21 12:30:04'),
(10196, 50, 1, 41, '2018-01-02 15:05:12'),
(10197, 24, 1, 69, '2018-09-05 11:43:24'),
(10198, 42, 1, 40, '2018-07-10 16:50:33'),
(10199, 50, 1, 32, '2018-02-07 06:04:19'),
(10200, 6, 1, 32, '2017-10-30 09:40:21'),
(10201, 48, 1, 32, '2018-08-08 06:32:32'),
(10202, 17, 1, 60, '2018-02-20 07:35:37'),
(10203, 10, 1, 90, '2018-07-17 05:43:28'),
(10204, 19, 1, 31, '2017-12-15 01:40:55'),
(10205, 14, 1, 60, '2018-09-08 16:48:01'),
(10206, 43, 1, 20, '2018-06-04 07:54:04'),
(10207, 31, 1, 38, '2018-02-03 23:50:36'),
(10208, 20, 1, 86, '2018-05-10 09:52:40'),
(10209, 4, 1, 46, '2018-02-16 08:25:02'),
(10210, 11, 1, 35, '2018-01-30 17:07:18'),
(10211, 45, 1, 48, '2018-06-20 16:07:31'),
(10212, 46, 1, 16, '2018-01-10 23:19:18'),
(10213, 46, 1, 41, '2018-04-06 10:02:17'),
(10214, 31, 1, 23, '2018-04-19 13:45:44'),
(10215, 8, 1, 38, '2018-04-05 07:18:12'),
(10216, 45, 1, 91, '2018-07-06 20:26:39'),
(10217, 9, 1, 55, '2018-03-09 19:12:45'),
(10218, 43, 1, 85, '2018-03-25 09:10:39'),
(10219, 22, 1, 41, '2018-09-16 22:33:52'),
(10220, 41, 1, 46, '2017-12-27 08:07:18'),
(10221, 13, 1, 58, '2018-05-13 20:34:47'),
(10222, 28, 1, 43, '2018-09-02 23:12:23'),
(10223, 35, 1, 12, '2018-01-07 19:37:51'),
(10224, 35, 1, 55, '2017-12-19 18:29:32'),
(10225, 28, 1, 13, '2018-08-05 18:39:06'),
(10226, 6, 1, 73, '2018-09-27 18:34:32'),
(10227, 32, 1, 12, '2018-08-26 18:36:32'),
(10228, 38, 1, 61, '2018-04-17 22:01:13'),
(10229, 13, 1, 31, '2018-01-13 01:09:59'),
(10230, 12, 1, 75, '2017-10-30 13:38:01'),
(10231, 37, 1, 43, '2018-09-26 13:40:40'),
(10232, 15, 1, 100, '2018-07-19 08:59:40'),
(10233, 16, 1, 29, '2018-02-23 17:10:00'),
(10234, 19, 1, 20, '2018-05-28 10:29:09'),
(10235, 21, 1, 39, '2018-08-29 06:05:58'),
(10236, 24, 1, 96, '2017-10-19 23:37:46'),
(10237, 21, 1, 77, '2018-04-29 15:32:00'),
(10238, 49, 1, 60, '2017-10-18 03:45:08'),
(10239, 14, 1, 18, '2017-12-23 22:46:52'),
(10240, 20, 1, 97, '2017-11-01 17:46:58'),
(10241, 32, 1, 19, '2018-08-02 22:28:44'),
(10242, 2, 1, 83, '2018-06-26 02:36:16'),
(10243, 48, 1, 67, '2018-07-22 13:14:03'),
(10244, 12, 1, 39, '2018-06-01 03:12:09'),
(10245, 10, 1, 91, '2017-10-17 09:46:51'),
(10246, 41, 1, 20, '2018-08-20 02:30:14'),
(10247, 49, 1, 81, '2017-12-31 04:11:07'),
(10248, 40, 1, 80, '2017-11-08 07:22:42'),
(10249, 44, 1, 33, '2018-06-27 20:07:14'),
(10250, 23, 1, 84, '2018-06-19 18:01:25'),
(10251, 31, 1, 78, '2017-10-13 19:53:18'),
(10252, 2, 1, 49, '2018-01-22 06:30:34'),
(10253, 18, 1, 77, '2018-02-15 02:37:03'),
(10254, 36, 1, 14, '2017-10-14 05:46:25'),
(10255, 38, 1, 62, '2017-10-29 15:30:11'),
(10256, 48, 1, 34, '2018-06-13 17:57:07'),
(10257, 6, 1, 33, '2018-06-04 05:48:51'),
(10258, 5, 1, 17, '2018-08-06 01:32:36'),
(10259, 39, 1, 11, '2018-03-22 05:37:17'),
(10260, 18, 1, 56, '2017-12-02 00:22:46'),
(10261, 17, 1, 45, '2017-10-19 20:00:11'),
(10262, 49, 1, 91, '2017-10-04 00:06:56'),
(10263, 50, 1, 30, '2018-06-21 10:45:12'),
(10264, 38, 1, 86, '2018-09-12 02:30:17'),
(10265, 30, 1, 23, '2017-12-10 17:08:29'),
(10266, 28, 1, 21, '2018-07-28 04:16:30'),
(10267, 41, 1, 26, '2017-12-27 21:42:21'),
(10268, 17, 1, 88, '2017-12-16 14:11:39'),
(10269, 43, 1, 37, '2018-05-09 23:00:58'),
(10270, 42, 1, 60, '2017-12-13 12:16:40'),
(10271, 5, 1, 22, '2018-05-18 05:47:47'),
(10272, 35, 1, 38, '2017-12-09 22:28:43'),
(10273, 11, 1, 75, '2018-09-23 02:10:19'),
(10274, 22, 1, 38, '2018-03-05 12:43:06'),
(10275, 40, 1, 89, '2018-06-22 07:56:59'),
(10276, 11, 1, 26, '2017-11-21 01:59:46'),
(10277, 47, 1, 86, '2018-01-24 12:48:16'),
(10278, 45, 1, 85, '2018-08-31 08:16:32'),
(10279, 34, 1, 52, '2018-05-19 18:26:13'),
(10280, 21, 1, 75, '2017-12-29 21:24:40'),
(10281, 13, 1, 92, '2018-03-16 05:59:27'),
(10282, 14, 1, 49, '2018-01-07 11:13:59'),
(10283, 8, 1, 46, '2018-02-23 23:17:08'),
(10284, 50, 1, 62, '2018-02-07 01:27:54'),
(10285, 35, 1, 46, '2017-11-10 10:59:11'),
(10286, 31, 1, 44, '2018-06-28 01:30:53'),
(10287, 18, 1, 12, '2017-11-03 09:58:41'),
(10288, 1, 1, 78, '2017-10-31 03:33:06'),
(10289, 46, 1, 59, '2018-03-07 12:23:48'),
(10290, 20, 1, 59, '2018-07-09 22:18:23'),
(10291, 25, 1, 38, '2018-02-14 03:16:10'),
(10292, 28, 1, 17, '2018-05-03 01:43:45'),
(10293, 32, 1, 79, '2017-10-16 05:16:27'),
(10294, 12, 1, 83, '2018-03-25 18:22:31'),
(10295, 35, 1, 92, '2018-08-03 19:12:02'),
(10296, 7, 1, 67, '2017-10-20 19:08:17'),
(10297, 2, 1, 59, '2018-05-17 07:47:16'),
(10298, 2, 1, 49, '2018-01-25 22:56:40'),
(10299, 30, 1, 16, '2018-02-28 05:42:49'),
(10300, 39, 1, 44, '2018-09-10 13:05:14'),
(10301, 48, 1, 36, '2018-08-05 18:01:01'),
(10302, 15, 1, 91, '2018-01-04 17:22:55'),
(10303, 6, 1, 62, '2017-11-26 08:37:01'),
(10304, 48, 1, 60, '2018-05-06 23:52:49'),
(10305, 5, 1, 23, '2017-12-29 04:08:19'),
(10306, 20, 1, 15, '2018-01-03 09:19:23'),
(10307, 18, 1, 15, '2018-04-12 08:59:40'),
(10308, 20, 1, 56, '2018-05-11 15:15:35'),
(10309, 9, 1, 70, '2017-10-16 19:23:31'),
(10310, 32, 1, 14, '2018-03-29 09:29:40'),
(10311, 50, 1, 21, '2018-08-25 08:18:38'),
(10312, 42, 1, 41, '2017-10-22 10:06:44'),
(10313, 31, 1, 48, '2017-12-29 14:33:57'),
(10314, 49, 1, 99, '2018-02-18 06:58:32'),
(10315, 40, 1, 69, '2018-01-09 02:05:39'),
(10316, 49, 1, 13, '2018-09-02 12:41:46'),
(10317, 12, 1, 17, '2018-05-04 05:30:55'),
(10318, 31, 1, 84, '2018-04-25 20:25:18'),
(10319, 46, 1, 43, '2017-12-17 17:43:55'),
(10320, 50, 1, 91, '2018-09-30 23:56:31'),
(10321, 24, 1, 27, '2017-10-14 07:24:11'),
(10322, 42, 1, 64, '2017-10-11 22:57:11'),
(10323, 41, 1, 94, '2017-11-19 19:55:07'),
(10324, 9, 1, 23, '2018-02-16 13:33:42'),
(10325, 13, 1, 98, '2018-09-26 03:43:48'),
(10326, 24, 1, 26, '2017-11-16 13:40:41'),
(10327, 16, 1, 80, '2018-07-16 14:08:48'),
(10328, 37, 1, 11, '2018-07-22 07:08:43'),
(10329, 25, 1, 55, '2018-07-14 11:59:40'),
(10330, 33, 1, 96, '2018-09-28 23:21:29'),
(10331, 16, 1, 65, '2017-10-10 20:34:03'),
(10332, 17, 1, 29, '2018-04-25 09:44:41'),
(10333, 2, 1, 68, '2018-04-15 00:26:38'),
(10334, 20, 1, 19, '2018-07-04 20:53:03'),
(10335, 46, 1, 22, '2018-08-08 11:23:42'),
(10336, 22, 1, 96, '2018-05-06 20:41:17'),
(10337, 25, 1, 68, '2017-10-31 11:36:31'),
(10338, 17, 1, 60, '2017-11-13 22:05:14'),
(10339, 23, 1, 47, '2017-12-28 13:52:45'),
(10340, 2, 1, 40, '2017-10-21 18:55:44'),
(10341, 17, 1, 94, '2017-12-10 11:52:27'),
(10342, 39, 1, 62, '2017-11-30 05:49:28'),
(10343, 31, 1, 43, '2017-11-01 18:41:46'),
(10344, 19, 1, 37, '2018-05-09 10:32:26'),
(10345, 18, 1, 68, '2018-05-13 11:12:53'),
(10346, 1, 1, 83, '2018-01-28 11:56:03'),
(10347, 23, 1, 63, '2018-06-04 08:17:39'),
(10348, 23, 1, 93, '2018-06-10 17:47:10'),
(10349, 29, 1, 65, '2018-01-29 17:37:42'),
(10350, 35, 1, 62, '2018-03-14 01:34:03'),
(10351, 7, 1, 66, '2018-06-04 16:12:24'),
(10352, 4, 1, 99, '2017-10-25 22:04:52'),
(10353, 32, 1, 55, '2018-06-20 19:07:56'),
(10354, 27, 1, 24, '2018-01-14 08:39:39'),
(10355, 7, 1, 14, '2017-11-16 12:47:45'),
(10356, 39, 1, 37, '2018-04-08 19:58:03'),
(10357, 39, 1, 54, '2017-10-11 11:49:50'),
(10358, 36, 1, 26, '2018-05-06 05:34:04'),
(10359, 31, 1, 48, '2018-03-10 05:22:56'),
(10360, 8, 1, 55, '2018-06-03 08:47:40'),
(10361, 28, 1, 10, '2018-06-30 20:04:21'),
(10362, 2, 1, 76, '2018-05-29 12:53:49'),
(10363, 14, 1, 85, '2018-04-05 20:02:57'),
(10364, 18, 1, 100, '2018-09-19 08:13:52'),
(10365, 41, 1, 83, '2017-11-15 11:57:40'),
(10366, 1, 1, 58, '2017-12-30 08:47:36'),
(10367, 13, 1, 68, '2018-06-23 16:14:17'),
(10368, 2, 1, 84, '2018-04-21 08:00:34'),
(10369, 2, 1, 27, '2018-07-30 19:22:04'),
(10370, 6, 1, 35, '2018-01-31 15:48:06'),
(10371, 7, 1, 73, '2017-11-26 21:26:55'),
(10372, 20, 1, 89, '2018-04-28 23:23:19'),
(10373, 6, 1, 47, '2018-06-19 20:27:30'),
(10374, 36, 1, 42, '2018-04-11 03:42:23'),
(10375, 30, 1, 59, '2018-09-30 22:47:10'),
(10376, 20, 1, 22, '2018-04-02 01:58:45'),
(10377, 42, 1, 27, '2018-06-09 14:17:08'),
(10378, 23, 1, 78, '2017-10-21 21:31:50'),
(10379, 5, 1, 48, '2018-01-16 17:54:07'),
(10380, 28, 1, 40, '2018-08-31 00:38:14'),
(10381, 41, 1, 93, '2018-08-14 02:11:14'),
(10382, 49, 1, 18, '2018-07-02 12:57:09'),
(10383, 7, 1, 43, '2018-06-15 19:41:06'),
(10384, 16, 1, 38, '2017-10-19 23:54:00'),
(10385, 25, 1, 41, '2017-12-12 18:56:11'),
(10386, 13, 1, 16, '2017-12-10 17:40:32'),
(10387, 28, 1, 21, '2018-08-05 05:48:19'),
(10388, 44, 1, 90, '2018-03-10 05:25:14'),
(10389, 14, 1, 55, '2018-05-30 16:14:52'),
(10390, 34, 1, 14, '2018-05-27 01:15:27'),
(10391, 2, 1, 25, '2018-09-29 06:25:06'),
(10392, 12, 1, 93, '2018-05-25 23:21:45'),
(10393, 26, 1, 56, '2018-07-25 04:02:42'),
(10394, 1, 1, 47, '2018-09-11 17:22:11'),
(10395, 27, 1, 63, '2018-01-12 20:17:54'),
(10396, 39, 1, 72, '2017-11-28 12:26:55'),
(10397, 16, 1, 36, '2018-06-11 02:50:51'),
(10398, 38, 1, 48, '2017-11-09 02:55:52'),
(10399, 45, 1, 92, '2018-04-08 23:31:30'),
(10400, 21, 1, 61, '2018-01-03 21:38:39'),
(10401, 43, 1, 89, '2018-06-08 02:16:22'),
(10402, 40, 1, 80, '2018-04-16 16:22:48'),
(10403, 18, 1, 100, '2017-11-09 17:42:46'),
(10404, 7, 1, 41, '2018-05-13 22:53:46'),
(10405, 38, 1, 95, '2018-04-30 10:53:19'),
(10406, 16, 1, 61, '2017-12-16 09:28:28'),
(10407, 46, 1, 27, '2017-12-16 06:25:53'),
(10408, 34, 1, 83, '2017-11-21 14:08:46'),
(10409, 21, 1, 22, '2018-03-18 17:04:58'),
(10410, 39, 1, 78, '2017-10-03 15:03:54'),
(10411, 48, 1, 77, '2017-11-14 21:09:29'),
(10412, 11, 1, 100, '2018-04-15 03:41:06'),
(10413, 44, 1, 11, '2018-09-20 15:05:59'),
(10414, 9, 1, 37, '2017-12-24 00:27:00'),
(10415, 42, 1, 90, '2018-06-29 18:17:24'),
(10416, 44, 1, 12, '2018-02-07 10:10:20'),
(10417, 33, 1, 11, '2017-10-19 13:00:39'),
(10418, 20, 1, 63, '2018-03-03 21:56:18'),
(10419, 49, 1, 78, '2018-03-12 13:50:32'),
(10420, 1, 1, 53, '2018-01-03 15:26:43'),
(10421, 22, 1, 55, '2017-10-19 13:56:19'),
(10422, 38, 1, 31, '2018-05-07 10:15:13'),
(10423, 23, 1, 13, '2017-12-06 16:36:00'),
(10424, 35, 1, 42, '2017-12-31 15:11:14'),
(10425, 40, 1, 31, '2017-11-17 16:57:31'),
(10426, 2, 1, 97, '2018-07-01 20:17:45'),
(10427, 35, 1, 50, '2018-05-09 04:04:33'),
(10428, 9, 1, 15, '2018-02-27 21:31:40'),
(10429, 41, 1, 70, '2018-06-10 07:16:50'),
(10430, 28, 1, 80, '2018-04-25 15:33:05'),
(10431, 30, 1, 67, '2017-10-28 09:45:06'),
(10432, 40, 1, 90, '2018-03-05 12:44:20'),
(10433, 25, 1, 58, '2018-01-16 21:43:34'),
(10434, 5, 1, 61, '2017-11-17 19:00:56'),
(10435, 3, 1, 72, '2017-11-20 10:19:26'),
(10436, 5, 1, 57, '2018-03-14 08:50:59'),
(10437, 4, 1, 39, '2018-06-29 00:09:39'),
(10438, 44, 1, 21, '2018-07-20 23:27:26'),
(10439, 40, 1, 91, '2018-08-28 08:46:28'),
(10440, 21, 1, 17, '2018-09-19 00:12:18'),
(10441, 48, 1, 46, '2018-06-22 11:33:49'),
(10442, 27, 1, 95, '2018-05-12 00:04:42'),
(10443, 15, 1, 84, '2017-12-11 06:39:15'),
(10444, 15, 1, 41, '2018-02-09 07:32:43'),
(10445, 38, 1, 59, '2018-04-17 06:16:40'),
(10446, 12, 1, 16, '2018-09-29 16:03:00'),
(10447, 44, 1, 43, '2018-09-22 02:55:44'),
(10448, 24, 1, 27, '2018-06-18 00:27:58'),
(10449, 34, 1, 95, '2017-11-14 11:33:55'),
(10450, 3, 1, 37, '2018-02-20 22:06:25'),
(10451, 10, 1, 45, '2017-10-19 19:43:17'),
(10452, 14, 1, 48, '2018-05-28 04:20:03'),
(10453, 21, 1, 43, '2018-08-29 04:55:42'),
(10454, 38, 1, 26, '2017-10-18 20:06:49'),
(10455, 5, 1, 61, '2018-05-05 15:11:11'),
(10456, 46, 1, 45, '2018-08-22 08:52:22'),
(10457, 21, 1, 56, '2018-07-10 05:13:45'),
(10458, 46, 1, 70, '2018-08-13 04:45:59'),
(10459, 43, 1, 47, '2018-05-20 17:39:21'),
(10460, 7, 1, 41, '2018-09-05 15:55:41'),
(10461, 38, 1, 19, '2018-07-06 20:00:48'),
(10462, 35, 1, 96, '2018-06-08 22:02:59'),
(10463, 11, 1, 98, '2018-08-13 16:14:01'),
(10464, 20, 1, 37, '2018-03-28 16:53:55'),
(10465, 45, 1, 10, '2018-05-18 20:19:53'),
(10466, 36, 1, 37, '2018-09-13 13:55:01'),
(10467, 20, 1, 37, '2018-01-28 00:07:08'),
(10468, 48, 1, 55, '2018-03-15 04:13:46'),
(10469, 7, 1, 17, '2018-06-20 09:13:18'),
(10470, 38, 1, 14, '2017-10-20 18:16:53'),
(10471, 2, 1, 100, '2017-10-06 07:22:28'),
(10472, 43, 1, 83, '2017-11-05 03:13:07'),
(10473, 50, 1, 54, '2017-10-20 23:38:18'),
(10474, 44, 1, 32, '2018-07-25 17:47:27'),
(10475, 48, 1, 31, '2018-09-23 07:23:20'),
(10476, 21, 1, 94, '2018-07-22 17:44:06'),
(10477, 41, 1, 21, '2018-01-20 14:34:31'),
(10478, 23, 1, 75, '2018-05-07 23:33:31'),
(10479, 8, 1, 99, '2018-06-02 08:21:34'),
(10480, 14, 1, 94, '2017-12-18 22:17:14'),
(10481, 32, 1, 92, '2018-04-26 10:59:52'),
(10482, 14, 1, 87, '2018-09-02 06:51:06'),
(10483, 6, 1, 31, '2017-10-17 15:55:50'),
(10484, 39, 1, 71, '2018-04-15 13:04:28'),
(10485, 8, 1, 76, '2018-06-04 15:51:54'),
(10486, 33, 1, 24, '2018-01-09 21:32:39'),
(10487, 43, 1, 67, '2018-02-09 21:37:00'),
(10488, 4, 1, 38, '2018-07-27 16:30:41'),
(10489, 22, 1, 54, '2018-09-26 13:05:33'),
(10490, 22, 1, 14, '2018-09-26 23:43:10'),
(10491, 38, 1, 53, '2017-12-04 16:57:45'),
(10492, 43, 1, 74, '2017-12-23 23:33:27'),
(10493, 29, 1, 78, '2018-08-16 00:08:27'),
(10494, 39, 1, 96, '2018-01-25 08:02:40'),
(10495, 4, 1, 14, '2018-04-12 20:22:15'),
(10496, 21, 1, 72, '2018-03-10 06:14:51'),
(10497, 44, 1, 27, '2018-07-18 02:41:21'),
(10498, 3, 1, 93, '2018-07-31 06:06:07'),
(10499, 44, 1, 40, '2018-09-02 09:57:14'),
(10500, 24, 1, 13, '2018-05-10 07:58:39'),
(10501, 33, 1, 52, '2017-12-30 22:28:16'),
(10502, 18, 1, 12, '2018-03-15 23:42:51'),
(10503, 2, 1, 37, '2017-11-24 07:45:38'),
(10504, 45, 1, 43, '2018-08-19 08:16:28'),
(10505, 32, 1, 43, '2018-04-17 16:59:08'),
(10506, 45, 1, 57, '2018-03-13 12:47:00'),
(10507, 48, 1, 67, '2018-01-01 13:36:59'),
(10508, 50, 1, 57, '2018-06-28 06:40:56'),
(10509, 2, 1, 17, '2018-05-13 04:11:33'),
(10510, 30, 1, 87, '2018-01-12 16:44:34'),
(10511, 15, 1, 60, '2018-09-15 03:30:16'),
(10512, 38, 1, 21, '2018-05-01 15:25:31'),
(10513, 15, 1, 25, '2017-12-17 09:17:46'),
(10514, 47, 1, 70, '2018-04-26 14:25:44'),
(10515, 28, 1, 29, '2018-04-12 21:16:02'),
(10516, 28, 1, 16, '2018-08-28 13:54:56'),
(10517, 47, 1, 69, '2017-12-16 00:35:57'),
(10518, 50, 1, 75, '2018-09-21 01:07:31'),
(10519, 6, 1, 47, '2018-07-31 01:43:23'),
(10520, 26, 1, 77, '2018-06-03 21:34:31'),
(10521, 4, 1, 17, '2018-09-28 10:31:17'),
(10522, 27, 1, 70, '2017-11-07 07:50:23'),
(10523, 27, 1, 87, '2017-12-15 20:47:38'),
(10524, 4, 1, 99, '2018-01-30 14:27:25'),
(10525, 29, 1, 39, '2018-06-19 00:07:44'),
(10526, 34, 1, 60, '2018-05-15 15:09:02'),
(10527, 17, 1, 65, '2018-02-24 19:10:51'),
(10528, 22, 1, 32, '2017-11-05 03:28:52'),
(10529, 37, 1, 36, '2018-09-14 19:41:42'),
(10530, 17, 1, 71, '2018-05-30 04:56:40'),
(10531, 5, 1, 78, '2018-04-24 20:42:19'),
(10532, 17, 1, 86, '2018-04-26 14:41:16'),
(10533, 24, 1, 15, '2017-10-25 13:13:19'),
(10534, 11, 1, 72, '2018-04-04 01:37:29'),
(10535, 11, 1, 40, '2018-04-23 18:30:11'),
(10536, 7, 1, 49, '2018-04-11 07:13:06'),
(10537, 39, 1, 85, '2017-11-04 23:46:58'),
(10538, 19, 1, 30, '2018-01-09 23:53:59'),
(10539, 50, 1, 39, '2018-02-26 10:44:58'),
(10540, 2, 1, 66, '2018-03-25 22:56:16'),
(10541, 28, 1, 16, '2018-06-13 01:49:20'),
(10542, 49, 1, 90, '2018-08-19 08:17:22'),
(10543, 8, 1, 79, '2018-03-14 06:32:06'),
(10544, 1, 1, 20, '2018-01-09 19:23:51'),
(10545, 11, 1, 75, '2017-10-31 05:07:39'),
(10546, 43, 1, 69, '2018-07-30 10:38:48'),
(10547, 23, 1, 76, '2018-02-22 07:55:30'),
(10548, 44, 1, 82, '2018-08-12 16:56:23'),
(10549, 33, 1, 38, '2018-04-11 03:47:41'),
(10550, 7, 1, 82, '2018-07-05 20:01:19'),
(10551, 46, 1, 67, '2018-09-22 02:59:03'),
(10552, 20, 1, 14, '2018-03-31 20:45:48'),
(10553, 16, 1, 72, '2018-01-24 18:29:46'),
(10554, 17, 1, 86, '2017-11-24 16:41:08'),
(10555, 16, 1, 32, '2018-01-31 14:10:17'),
(10556, 13, 1, 51, '2017-10-03 20:04:46'),
(10557, 25, 1, 85, '2018-04-07 00:58:52'),
(10558, 39, 1, 65, '2017-10-16 07:50:20'),
(10559, 11, 1, 18, '2017-12-10 04:59:23'),
(10560, 21, 1, 15, '2017-12-15 14:26:59'),
(10561, 1, 1, 24, '2018-04-17 10:05:37'),
(10562, 41, 1, 15, '2018-03-11 00:21:28'),
(10563, 11, 1, 84, '2017-12-20 20:06:03'),
(10564, 27, 1, 50, '2017-11-21 12:17:11'),
(10565, 36, 1, 22, '2018-06-20 03:27:38'),
(10566, 10, 1, 99, '2018-06-08 02:06:28'),
(10567, 28, 1, 39, '2017-11-03 13:05:42'),
(10568, 17, 1, 57, '2017-12-12 06:31:38'),
(10569, 25, 1, 90, '2018-03-25 13:17:58'),
(10570, 1, 1, 53, '2018-09-07 14:43:45'),
(10571, 50, 1, 33, '2018-01-11 19:13:48'),
(10572, 7, 1, 49, '2018-04-20 12:31:02'),
(10573, 32, 1, 90, '2018-09-14 11:35:37'),
(10574, 5, 1, 39, '2018-03-02 10:24:48'),
(10575, 3, 1, 15, '2018-01-30 10:01:45'),
(10576, 38, 1, 16, '2017-10-29 20:08:24'),
(10577, 30, 1, 53, '2018-02-08 11:28:40'),
(10578, 48, 1, 59, '2017-11-05 08:55:42'),
(10579, 14, 1, 92, '2018-09-02 02:23:18'),
(10580, 23, 1, 81, '2018-05-30 04:55:29'),
(10581, 27, 1, 98, '2018-07-24 15:00:48'),
(10582, 41, 1, 32, '2018-07-03 23:42:20'),
(10583, 36, 1, 60, '2018-03-04 12:06:27'),
(10584, 50, 1, 11, '2018-09-17 21:50:10'),
(10585, 26, 1, 75, '2017-12-10 06:44:56'),
(10586, 6, 1, 85, '2017-12-08 12:39:01'),
(10587, 8, 1, 73, '2017-10-29 12:36:59'),
(10588, 2, 1, 23, '2018-04-15 10:57:48'),
(10589, 35, 1, 49, '2018-04-14 09:53:35'),
(10590, 48, 1, 91, '2018-06-05 22:38:30'),
(10591, 40, 1, 33, '2017-10-17 19:07:43'),
(10592, 19, 1, 51, '2017-10-12 07:54:47'),
(10593, 49, 1, 84, '2017-10-31 11:36:21'),
(10594, 29, 1, 19, '2018-05-09 03:02:31'),
(10595, 27, 1, 12, '2018-04-25 01:51:25'),
(10596, 5, 1, 71, '2018-07-07 18:16:44'),
(10597, 28, 1, 97, '2018-06-09 13:07:08'),
(10598, 9, 1, 26, '2018-04-14 21:36:59'),
(10599, 9, 1, 74, '2018-05-31 01:20:36'),
(10600, 5, 1, 16, '2018-01-28 20:18:20'),
(10601, 18, 1, 34, '2018-06-15 10:25:08'),
(10602, 36, 1, 36, '2018-07-01 13:16:12'),
(10603, 22, 1, 33, '2018-03-12 10:42:19'),
(10604, 35, 1, 21, '2017-12-08 12:35:16'),
(10605, 44, 1, 49, '2017-11-26 07:56:48'),
(10606, 46, 1, 12, '2018-02-28 22:03:26'),
(10607, 12, 1, 44, '2018-02-18 07:05:31'),
(10608, 30, 1, 12, '2018-05-29 18:36:47'),
(10609, 16, 1, 72, '2018-08-17 19:50:38'),
(10610, 50, 1, 21, '2018-08-09 07:18:45'),
(10611, 29, 1, 45, '2018-02-17 10:21:00'),
(10612, 50, 1, 86, '2018-02-04 12:56:24'),
(10613, 35, 1, 53, '2018-02-24 07:53:29'),
(10614, 10, 1, 85, '2018-08-26 06:26:23'),
(10615, 6, 1, 97, '2017-12-08 00:32:00'),
(10616, 4, 1, 16, '2017-12-01 03:14:37'),
(10617, 18, 1, 61, '2018-07-23 12:21:28'),
(10618, 45, 1, 12, '2018-02-11 03:43:22'),
(10619, 36, 1, 63, '2018-07-12 18:59:47'),
(10620, 13, 1, 36, '2017-11-02 17:37:03'),
(10621, 49, 1, 66, '2017-12-05 16:40:39'),
(10622, 31, 1, 25, '2018-01-02 09:32:45'),
(10623, 4, 1, 77, '2017-10-21 17:22:13'),
(10624, 31, 1, 52, '2018-06-24 10:11:14'),
(10625, 12, 1, 31, '2018-01-16 18:19:07'),
(10626, 27, 1, 50, '2018-01-26 07:30:35'),
(10627, 27, 1, 74, '2018-05-29 08:36:19'),
(10628, 48, 1, 21, '2017-10-17 14:47:26'),
(10629, 12, 1, 78, '2018-04-12 17:20:15'),
(10630, 48, 1, 80, '2018-01-28 18:52:36'),
(10631, 41, 1, 47, '2017-12-01 10:11:11'),
(10632, 47, 1, 36, '2018-06-20 18:47:57'),
(10633, 48, 1, 71, '2018-08-21 11:25:22'),
(10634, 10, 1, 67, '2018-07-11 08:49:06'),
(10635, 41, 1, 45, '2017-11-09 02:40:24'),
(10636, 39, 1, 14, '2017-12-10 19:48:03'),
(10637, 12, 1, 49, '2018-07-20 18:03:55'),
(10638, 29, 1, 74, '2018-06-01 22:41:59'),
(10639, 8, 1, 69, '2018-03-09 22:14:35'),
(10640, 36, 1, 16, '2017-11-19 06:06:04'),
(10641, 13, 1, 84, '2017-10-20 14:17:44'),
(10642, 36, 1, 30, '2018-04-22 21:42:56'),
(10643, 43, 1, 85, '2018-01-04 10:13:41'),
(10644, 29, 1, 61, '2017-12-12 07:49:50'),
(10645, 26, 1, 59, '2018-02-28 15:22:19'),
(10646, 35, 1, 25, '2017-11-09 05:26:22'),
(10647, 35, 1, 53, '2018-03-02 14:07:01'),
(10648, 26, 1, 43, '2018-05-02 01:11:41'),
(10649, 9, 1, 77, '2018-05-05 13:08:31'),
(10650, 10, 1, 18, '2018-07-20 23:44:27'),
(10651, 12, 1, 61, '2017-10-25 07:57:11'),
(10652, 27, 1, 31, '2018-09-12 10:45:03'),
(10653, 1, 1, 78, '2018-01-18 00:48:31'),
(10654, 49, 1, 19, '2018-07-16 07:51:56'),
(10655, 48, 1, 11, '2018-01-01 15:06:03'),
(10656, 24, 1, 35, '2018-09-17 13:29:13'),
(10657, 21, 1, 62, '2018-08-07 01:55:28'),
(10658, 16, 1, 75, '2017-11-27 08:38:25'),
(10659, 47, 1, 94, '2018-07-21 12:59:25'),
(10660, 25, 1, 17, '2018-07-17 00:48:40'),
(10661, 27, 1, 61, '2018-02-25 02:17:01'),
(10662, 13, 1, 63, '2018-07-27 07:59:13'),
(10663, 47, 1, 70, '2018-06-08 02:25:02'),
(10664, 33, 1, 95, '2017-11-22 07:47:24'),
(10665, 46, 1, 56, '2018-08-28 06:50:21'),
(10666, 12, 1, 26, '2017-12-26 07:45:29'),
(10667, 12, 1, 84, '2018-04-29 13:18:05'),
(10668, 18, 1, 28, '2018-03-15 23:59:11'),
(10669, 31, 1, 85, '2018-01-29 02:22:43'),
(10670, 18, 1, 69, '2018-09-22 22:25:44'),
(10671, 24, 1, 13, '2018-02-06 01:44:55'),
(10672, 33, 1, 10, '2018-02-13 13:24:44'),
(10673, 15, 1, 44, '2017-11-06 19:34:54'),
(10674, 21, 1, 15, '2018-06-25 13:27:07'),
(10675, 1, 1, 60, '2018-02-08 06:03:20'),
(10676, 7, 1, 23, '2017-10-06 08:42:45'),
(10677, 31, 1, 77, '2018-02-14 13:16:14'),
(10678, 9, 1, 59, '2017-10-23 23:37:59'),
(10679, 47, 1, 60, '2017-11-26 17:04:32'),
(10680, 36, 1, 63, '2018-05-11 14:59:20'),
(10681, 15, 1, 39, '2018-01-23 12:33:29'),
(10682, 30, 1, 46, '2018-05-23 03:23:20'),
(10683, 35, 1, 12, '2017-10-30 22:06:50'),
(10684, 50, 1, 29, '2018-01-11 22:08:17'),
(10685, 44, 1, 57, '2018-04-04 23:45:28'),
(10686, 39, 1, 84, '2018-09-01 07:47:35'),
(10687, 32, 1, 26, '2018-08-30 02:14:37'),
(10688, 5, 1, 33, '2018-03-21 18:31:20'),
(10689, 23, 1, 74, '2018-07-06 11:02:37'),
(10690, 34, 1, 31, '2018-09-14 18:04:37'),
(10691, 41, 1, 77, '2018-07-04 07:56:39'),
(10692, 41, 1, 95, '2018-07-06 08:42:08'),
(10693, 46, 1, 30, '2017-11-20 16:55:29'),
(10694, 35, 1, 44, '2018-03-03 06:08:22'),
(10695, 18, 1, 63, '2017-12-31 00:50:21'),
(10696, 15, 1, 16, '2017-12-19 10:59:07'),
(10697, 37, 1, 88, '2017-10-13 11:42:53'),
(10698, 21, 1, 99, '2018-07-29 05:36:39'),
(10699, 42, 1, 99, '2018-09-16 18:08:35'),
(10700, 8, 1, 39, '2018-07-11 15:21:26'),
(10701, 45, 1, 10, '2018-04-19 20:44:27'),
(10702, 22, 1, 14, '2017-11-06 15:33:43'),
(10703, 46, 1, 57, '2018-01-27 21:00:36'),
(10704, 18, 1, 23, '2018-07-10 23:55:22'),
(10705, 7, 1, 99, '2018-07-10 19:36:04'),
(10706, 48, 1, 82, '2018-01-21 13:37:16'),
(10707, 49, 1, 19, '2018-05-26 08:42:27'),
(10708, 46, 1, 15, '2017-11-09 17:29:19'),
(10709, 24, 1, 10, '2018-06-17 10:03:22'),
(10710, 30, 1, 24, '2018-07-07 12:00:42'),
(10711, 28, 1, 44, '2018-04-14 18:01:39'),
(10712, 39, 1, 80, '2018-08-28 19:31:53'),
(10713, 37, 1, 33, '2018-09-18 10:15:46'),
(10714, 30, 1, 72, '2018-05-22 05:20:37'),
(10715, 10, 1, 35, '2018-05-22 18:46:12'),
(10716, 13, 1, 86, '2018-06-16 18:10:03'),
(10717, 40, 1, 72, '2018-09-27 03:28:06'),
(10718, 7, 1, 32, '2017-10-05 00:52:00'),
(10719, 7, 1, 11, '2018-04-03 17:30:39'),
(10720, 32, 1, 23, '2018-07-03 16:54:14'),
(10721, 14, 1, 44, '2018-04-08 14:50:29'),
(10722, 18, 1, 77, '2017-12-23 07:30:05'),
(10723, 14, 1, 69, '2018-08-25 07:04:53'),
(10724, 18, 1, 70, '2018-05-25 03:53:35'),
(10725, 17, 1, 43, '2018-08-25 16:04:56'),
(10726, 14, 1, 52, '2018-01-03 09:59:48'),
(10727, 29, 1, 28, '2017-10-29 11:01:43'),
(10728, 19, 1, 17, '2018-05-02 14:13:11'),
(10729, 10, 1, 56, '2018-02-25 12:08:57'),
(10730, 30, 1, 34, '2017-12-29 23:47:55'),
(10731, 46, 1, 90, '2018-02-16 11:08:12'),
(10732, 15, 1, 18, '2018-05-31 03:46:12'),
(10733, 38, 1, 99, '2018-05-26 11:48:22'),
(10734, 27, 1, 22, '2017-11-02 21:01:58'),
(10735, 20, 1, 99, '2018-08-09 11:06:44'),
(10736, 11, 1, 48, '2018-07-02 13:38:14'),
(10737, 8, 1, 43, '2018-02-25 21:45:59'),
(10738, 20, 1, 27, '2017-12-19 21:59:08'),
(10739, 7, 1, 40, '2018-02-15 03:13:25'),
(10740, 3, 1, 82, '2017-10-01 12:32:33'),
(10741, 37, 1, 89, '2018-05-10 18:39:30'),
(10742, 2, 1, 13, '2017-11-29 04:27:57'),
(10743, 32, 1, 84, '2018-04-05 22:23:34'),
(10744, 47, 1, 57, '2018-05-05 15:40:13'),
(10745, 3, 1, 100, '2018-07-19 02:00:05'),
(10746, 9, 1, 42, '2017-10-20 23:07:56'),
(10747, 8, 1, 78, '2017-10-06 07:38:30'),
(10748, 41, 1, 46, '2018-05-10 14:40:35'),
(10749, 31, 1, 25, '2017-10-07 07:51:42'),
(10750, 1, 1, 27, '2018-01-19 18:59:30'),
(10751, 40, 1, 84, '2018-08-02 16:50:15'),
(10752, 28, 1, 61, '2018-09-07 10:44:51'),
(10753, 47, 1, 10, '2017-12-31 22:54:15'),
(10754, 46, 1, 39, '2017-10-23 10:10:02'),
(10755, 18, 1, 45, '2018-06-20 19:25:41'),
(10756, 44, 1, 71, '2018-07-29 09:12:27'),
(10757, 47, 1, 11, '2018-06-15 20:49:52'),
(10758, 15, 1, 83, '2017-10-07 17:24:06'),
(10759, 19, 1, 93, '2017-12-03 17:04:56'),
(10760, 5, 1, 88, '2018-04-07 01:11:16'),
(10761, 7, 1, 90, '2018-08-28 23:36:13'),
(10762, 36, 1, 79, '2018-05-17 11:36:06'),
(10763, 4, 1, 73, '2018-07-25 13:03:52'),
(10764, 16, 1, 42, '2017-12-31 11:36:34'),
(10765, 16, 1, 64, '2017-11-02 16:49:38'),
(10766, 36, 1, 74, '2018-07-15 10:57:24'),
(10767, 21, 1, 73, '2018-08-28 22:06:12'),
(10768, 27, 1, 11, '2018-03-03 00:03:42'),
(10769, 36, 1, 35, '2018-04-21 14:52:34'),
(10770, 43, 1, 21, '2018-07-03 23:23:19'),
(10771, 32, 1, 99, '2018-09-06 14:00:50'),
(10772, 18, 1, 91, '2018-07-26 14:38:24'),
(10773, 47, 1, 35, '2018-01-09 04:25:45'),
(10774, 43, 1, 37, '2018-06-28 13:38:38'),
(10775, 7, 1, 19, '2018-02-01 17:59:51'),
(10776, 24, 1, 76, '2018-03-04 13:06:49'),
(10777, 12, 1, 36, '2018-05-04 21:36:08'),
(10778, 47, 1, 29, '2018-06-22 19:46:06'),
(10779, 4, 1, 52, '2018-03-09 09:51:04'),
(10780, 32, 1, 98, '2018-02-11 13:15:42'),
(10781, 40, 1, 15, '2017-10-16 03:38:12'),
(10782, 34, 1, 52, '2018-02-27 13:56:07'),
(10783, 1, 1, 80, '2018-06-11 04:10:46'),
(10784, 21, 1, 95, '2018-04-21 01:54:12'),
(10785, 18, 1, 87, '2018-02-17 14:35:20'),
(10786, 27, 1, 64, '2018-09-12 11:33:13'),
(10787, 31, 1, 57, '2018-05-16 12:06:08'),
(10788, 16, 1, 37, '2018-07-12 01:27:23'),
(10789, 10, 1, 90, '2018-04-01 17:58:35'),
(10790, 30, 1, 52, '2018-09-13 02:14:24'),
(10791, 16, 1, 57, '2018-08-28 02:31:49'),
(10792, 5, 1, 16, '2018-09-07 08:37:02'),
(10793, 17, 1, 48, '2018-02-05 19:43:02'),
(10794, 36, 1, 38, '2018-03-03 07:26:40'),
(10795, 26, 1, 21, '2018-09-05 23:47:47'),
(10796, 44, 1, 28, '2018-02-01 13:05:16'),
(10797, 3, 1, 23, '2018-05-15 19:14:33'),
(10798, 36, 1, 46, '2017-12-19 10:07:38'),
(10799, 3, 1, 48, '2018-02-23 18:29:23'),
(10800, 31, 1, 24, '2017-11-30 17:03:24'),
(10801, 37, 1, 71, '2017-12-01 18:01:31'),
(10802, 11, 1, 22, '2017-12-27 10:24:08'),
(10803, 9, 1, 47, '2018-08-26 22:29:59'),
(10804, 43, 1, 42, '2018-03-12 19:35:41'),
(10805, 29, 1, 58, '2017-11-01 09:41:08'),
(10806, 17, 1, 53, '2017-10-03 03:29:53'),
(10807, 8, 1, 52, '2017-11-12 00:28:38'),
(10808, 9, 1, 16, '2018-05-01 13:20:09'),
(10809, 4, 1, 42, '2018-07-18 22:48:42'),
(10810, 5, 1, 50, '2017-12-08 15:17:37'),
(10811, 34, 1, 17, '2018-09-11 17:17:59'),
(10812, 28, 1, 54, '2018-08-31 12:38:10'),
(10813, 20, 1, 68, '2017-10-22 17:23:42'),
(10814, 35, 1, 80, '2018-02-16 06:19:11'),
(10815, 9, 1, 100, '2018-01-07 16:33:10'),
(10816, 13, 1, 25, '2018-01-16 01:20:39'),
(10817, 15, 1, 75, '2018-09-12 04:42:03'),
(10818, 47, 1, 93, '2018-04-07 22:37:07'),
(10819, 7, 1, 70, '2018-08-22 19:36:36'),
(10820, 6, 1, 61, '2018-09-17 15:46:27'),
(10821, 50, 1, 84, '2018-09-08 23:45:48'),
(10822, 42, 1, 92, '2018-04-29 04:43:45'),
(10823, 15, 1, 44, '2018-03-06 23:07:46'),
(10824, 40, 1, 93, '2018-04-05 01:03:53'),
(10825, 7, 1, 14, '2017-12-18 10:45:48'),
(10826, 13, 1, 55, '2018-04-28 18:04:13'),
(10827, 41, 1, 47, '2018-07-07 12:04:53'),
(10828, 33, 1, 79, '2018-09-17 16:49:18'),
(10829, 13, 1, 47, '2018-02-03 02:19:33'),
(10830, 44, 1, 49, '2018-04-05 19:15:22'),
(10831, 16, 1, 45, '2018-04-05 15:09:55'),
(10832, 35, 1, 97, '2018-02-11 19:47:21'),
(10833, 30, 1, 50, '2018-04-03 11:59:40'),
(10834, 43, 1, 82, '2018-04-10 21:21:55'),
(10835, 35, 1, 97, '2018-04-27 02:23:42'),
(10836, 1, 1, 84, '2018-04-02 06:43:15'),
(10837, 1, 1, 42, '2018-09-24 14:33:26'),
(10838, 7, 1, 54, '2018-04-22 20:19:53'),
(10839, 38, 1, 38, '2018-08-15 05:56:49'),
(10840, 44, 1, 59, '2018-06-19 12:29:42'),
(10841, 4, 1, 77, '2017-12-06 08:28:20'),
(10842, 40, 1, 77, '2018-03-13 15:39:55'),
(10843, 35, 1, 75, '2018-06-14 23:25:18'),
(10844, 18, 1, 20, '2018-01-14 05:54:49'),
(10845, 48, 1, 17, '2018-06-08 10:33:11'),
(10846, 9, 1, 92, '2018-08-12 09:04:07'),
(10847, 22, 1, 70, '2018-08-23 02:53:49'),
(10848, 13, 1, 16, '2018-09-23 01:55:36'),
(10849, 10, 1, 33, '2017-11-12 22:56:40'),
(10850, 4, 1, 14, '2018-01-18 07:19:47'),
(10851, 22, 1, 57, '2018-04-18 10:33:49'),
(10852, 45, 1, 69, '2018-01-27 04:58:18'),
(10853, 14, 1, 62, '2018-08-16 03:41:52'),
(10854, 41, 1, 42, '2018-01-19 07:37:06'),
(10855, 44, 1, 76, '2017-10-29 13:00:05'),
(10856, 29, 1, 100, '2017-11-28 20:28:24'),
(10857, 22, 1, 41, '2018-07-10 09:18:17'),
(10858, 22, 1, 12, '2018-09-22 08:47:17'),
(10859, 49, 1, 14, '2018-01-16 22:23:13'),
(10860, 32, 1, 83, '2018-02-21 12:52:39'),
(10861, 21, 1, 38, '2017-10-24 18:06:52'),
(10862, 23, 1, 63, '2018-07-10 00:44:46'),
(10863, 14, 1, 37, '2018-01-14 03:26:13'),
(10864, 45, 1, 75, '2017-10-29 06:45:00'),
(10865, 10, 1, 91, '2018-07-14 04:06:50'),
(10866, 40, 1, 73, '2018-01-23 07:09:13'),
(10867, 29, 1, 72, '2018-03-14 17:54:10'),
(10868, 6, 1, 80, '2017-10-03 02:25:18'),
(10869, 12, 1, 19, '2018-08-05 00:51:00'),
(10870, 13, 1, 91, '2018-08-26 19:42:13'),
(10871, 27, 1, 34, '2018-04-06 19:21:26'),
(10872, 36, 1, 61, '2018-08-12 13:01:32'),
(10873, 41, 1, 68, '2018-07-30 13:04:41'),
(10874, 16, 1, 14, '2017-10-20 19:39:58'),
(10875, 27, 1, 74, '2018-09-12 01:38:02'),
(10876, 17, 1, 98, '2018-02-04 01:10:13'),
(10877, 18, 1, 17, '2018-01-23 05:39:48'),
(10878, 3, 1, 33, '2018-07-07 19:57:21'),
(10879, 28, 1, 18, '2018-01-20 23:51:32'),
(10880, 14, 1, 18, '2017-10-27 12:08:48'),
(10881, 24, 1, 23, '2017-12-27 13:56:49'),
(10882, 22, 1, 43, '2017-12-29 05:51:05'),
(10883, 32, 1, 97, '2017-12-01 14:31:44'),
(10884, 32, 1, 39, '2018-09-23 19:11:14'),
(10885, 49, 1, 28, '2018-01-07 19:52:43'),
(10886, 11, 1, 12, '2018-06-01 18:34:49'),
(10887, 19, 1, 88, '2018-02-01 13:23:37'),
(10888, 40, 1, 97, '2018-03-18 01:53:58'),
(10889, 13, 1, 52, '2018-02-23 00:09:51'),
(10890, 24, 1, 32, '2018-01-11 16:27:24'),
(10891, 19, 1, 10, '2017-10-03 20:33:31'),
(10892, 43, 1, 77, '2018-06-30 09:26:06'),
(10893, 6, 1, 57, '2017-12-17 09:14:13'),
(10894, 35, 1, 53, '2018-04-26 02:06:34'),
(10895, 8, 1, 84, '2018-03-07 05:42:12'),
(10896, 50, 1, 34, '2018-06-02 01:38:35'),
(10897, 28, 1, 82, '2018-06-09 03:19:45'),
(10898, 50, 1, 48, '2018-06-15 21:16:50'),
(10899, 23, 1, 50, '2017-10-05 08:01:10'),
(10900, 43, 1, 18, '2018-09-18 16:53:09'),
(10901, 33, 1, 67, '2018-05-31 17:27:30'),
(10902, 26, 1, 50, '2018-04-09 10:45:03'),
(10903, 25, 1, 67, '2018-03-03 06:44:56'),
(10904, 45, 1, 73, '2017-10-25 10:36:25'),
(10905, 46, 1, 74, '2017-12-13 21:02:18'),
(10906, 14, 1, 45, '2018-02-18 19:18:42'),
(10907, 48, 1, 15, '2018-02-04 14:50:41'),
(10908, 39, 1, 94, '2018-06-11 07:46:43'),
(10909, 29, 1, 30, '2018-05-30 13:59:31'),
(10910, 23, 1, 74, '2018-07-20 16:19:50'),
(10911, 11, 1, 69, '2018-04-26 23:54:32'),
(10912, 31, 1, 59, '2018-05-06 07:08:27'),
(10913, 13, 1, 73, '2017-10-03 09:50:22'),
(10914, 33, 1, 73, '2017-10-15 22:51:05'),
(10915, 27, 1, 28, '2018-04-26 11:37:58'),
(10916, 27, 1, 94, '2017-10-10 01:49:03'),
(10917, 46, 1, 11, '2018-04-14 15:52:45'),
(10918, 48, 1, 23, '2018-08-04 14:42:19'),
(10919, 32, 1, 76, '2017-12-31 15:04:54'),
(10920, 49, 1, 90, '2018-07-03 15:27:31'),
(10921, 31, 1, 64, '2017-10-10 20:31:20'),
(10922, 31, 1, 75, '2017-11-22 03:10:52'),
(10923, 39, 1, 84, '2017-10-25 11:46:34'),
(10924, 14, 1, 81, '2018-01-19 04:22:46'),
(10925, 46, 1, 94, '2018-09-09 23:36:54'),
(10926, 17, 1, 43, '2018-01-10 17:06:13'),
(10927, 28, 1, 99, '2018-07-18 00:52:25'),
(10928, 18, 1, 71, '2017-11-30 08:28:16'),
(10929, 5, 1, 97, '2017-11-24 17:15:20'),
(10930, 20, 1, 86, '2017-10-24 06:23:56'),
(10931, 33, 1, 95, '2018-07-11 12:37:23'),
(10932, 29, 1, 37, '2017-12-31 01:41:40'),
(10933, 24, 1, 26, '2018-05-26 04:03:42'),
(10934, 12, 1, 67, '2017-10-20 18:25:17'),
(10935, 9, 1, 60, '2018-08-22 17:13:00'),
(10936, 11, 1, 19, '2018-03-11 20:27:33'),
(10937, 44, 1, 23, '2018-09-28 02:27:31'),
(10938, 42, 1, 84, '2018-08-10 23:40:05'),
(10939, 13, 1, 82, '2017-11-14 16:33:31'),
(10940, 31, 1, 74, '2018-07-26 04:56:48'),
(10941, 20, 1, 74, '2018-09-01 08:18:46'),
(10942, 24, 1, 10, '2018-10-01 08:32:18'),
(10943, 4, 1, 67, '2018-03-10 19:18:06'),
(10944, 7, 1, 75, '2018-08-24 18:05:56'),
(10945, 5, 1, 46, '2018-01-06 13:40:11'),
(10946, 46, 1, 67, '2018-08-08 04:12:50'),
(10947, 18, 1, 50, '2018-02-24 03:00:04'),
(10948, 13, 1, 78, '2018-01-13 04:42:57'),
(10949, 30, 1, 59, '2018-08-31 17:15:38'),
(10950, 16, 1, 68, '2018-03-01 04:16:38'),
(10951, 35, 1, 54, '2018-02-06 13:44:32'),
(10952, 4, 1, 74, '2018-02-04 02:26:38'),
(10953, 37, 1, 44, '2018-09-15 19:19:02'),
(10954, 4, 1, 72, '2018-05-13 16:15:59'),
(10955, 24, 1, 12, '2018-03-02 15:17:38'),
(10956, 16, 1, 82, '2018-06-30 23:27:03'),
(10957, 38, 1, 19, '2018-07-29 10:15:35'),
(10958, 16, 1, 100, '2018-08-29 21:14:32'),
(10959, 49, 1, 47, '2018-05-21 19:44:16'),
(10960, 28, 1, 34, '2018-03-05 01:14:21'),
(10961, 40, 1, 16, '2018-01-09 07:00:52'),
(10962, 3, 1, 19, '2018-04-01 09:35:14'),
(10963, 7, 1, 31, '2018-01-31 06:14:39'),
(10964, 25, 1, 82, '2018-05-06 08:45:26'),
(10965, 37, 1, 42, '2018-03-12 02:01:46'),
(10966, 50, 1, 83, '2018-06-21 05:29:24'),
(10967, 1, 1, 66, '2018-07-06 01:24:06'),
(10968, 36, 1, 90, '2018-03-22 21:16:20'),
(10969, 45, 1, 36, '2018-05-23 14:13:22'),
(10970, 49, 1, 94, '2018-07-07 15:57:33'),
(10971, 37, 1, 46, '2018-05-01 20:53:07'),
(10972, 33, 1, 64, '2018-08-08 04:13:25'),
(10973, 9, 1, 92, '2017-11-24 06:34:16'),
(10974, 37, 1, 51, '2018-04-05 10:54:57'),
(10975, 19, 1, 73, '2017-11-25 11:09:39'),
(10976, 12, 1, 21, '2018-05-08 10:26:35'),
(10977, 45, 1, 56, '2018-04-03 23:52:29'),
(10978, 38, 1, 63, '2018-07-13 04:13:01'),
(10979, 24, 1, 51, '2017-10-29 04:35:22'),
(10980, 23, 1, 87, '2018-05-02 16:54:58'),
(10981, 21, 1, 56, '2018-09-17 04:01:58'),
(10982, 1, 1, 52, '2018-09-25 10:55:35'),
(10983, 20, 1, 25, '2018-06-16 15:17:33'),
(10984, 22, 1, 78, '2018-08-19 02:59:19'),
(10985, 45, 1, 100, '2017-12-14 06:52:38'),
(10986, 28, 1, 81, '2018-01-12 08:24:25'),
(10987, 23, 1, 45, '2018-05-28 20:25:53'),
(10988, 11, 1, 86, '2018-03-25 12:39:23'),
(10989, 11, 1, 22, '2018-04-21 05:42:17'),
(10990, 8, 1, 96, '2018-07-18 05:50:28'),
(10991, 41, 1, 51, '2018-08-19 09:19:59'),
(10992, 32, 1, 62, '2018-04-24 17:12:19'),
(10993, 25, 1, 92, '2017-11-22 00:09:17'),
(10994, 39, 1, 86, '2018-04-03 02:42:53'),
(10995, 19, 1, 50, '2018-05-22 15:04:36'),
(10996, 26, 1, 65, '2018-09-30 20:30:47'),
(10997, 17, 1, 48, '2018-05-26 05:36:18'),
(10998, 46, 1, 23, '2018-02-01 22:34:32'),
(10999, 26, 1, 12, '2018-02-05 22:15:28'),
(11000, 5, 1, 94, '2018-09-22 19:55:34'),
(11001, 11, 1, 12, '2018-07-08 11:18:52'),
(11002, 11, 1, 25, '2018-02-09 00:34:28'),
(11003, 21, 1, 98, '2017-12-24 04:08:38'),
(11004, 6, 1, 80, '2018-03-11 11:03:03'),
(11005, 15, 1, 90, '2018-05-16 02:28:13'),
(11006, 36, 1, 26, '2018-07-06 12:33:30'),
(11007, 1, 1, 83, '2018-03-21 13:41:40'),
(11008, 15, 1, 77, '2018-02-20 00:52:26'),
(11009, 13, 1, 10, '2018-09-02 16:03:36'),
(11010, 45, 1, 61, '2018-06-06 20:11:09'),
(11011, 40, 1, 38, '2018-07-21 14:04:28'),
(11012, 35, 1, 38, '2018-03-17 18:01:52'),
(11013, 48, 1, 29, '2018-02-07 19:59:43'),
(11014, 15, 1, 31, '2018-09-06 02:29:44'),
(11015, 50, 1, 44, '2017-11-29 04:56:53'),
(11016, 31, 1, 86, '2018-09-26 15:35:06'),
(11017, 9, 1, 86, '2018-03-11 14:43:30'),
(11018, 46, 1, 31, '2018-03-23 02:20:41'),
(11019, 45, 1, 71, '2018-03-28 10:04:23'),
(11020, 15, 1, 88, '2018-05-23 08:58:42'),
(11021, 41, 1, 41, '2018-03-20 16:11:06'),
(11022, 26, 1, 26, '2018-02-24 04:35:44'),
(11023, 16, 1, 64, '2018-05-11 03:06:41'),
(11024, 12, 1, 16, '2018-05-12 07:59:16'),
(11025, 46, 1, 18, '2017-10-23 14:55:01'),
(11026, 11, 1, 88, '2018-05-20 18:12:40'),
(11027, 15, 1, 28, '2017-10-12 15:37:20'),
(11028, 34, 1, 12, '2018-05-14 20:45:39'),
(11029, 26, 1, 12, '2018-08-30 15:10:14'),
(11030, 13, 1, 91, '2017-10-21 02:22:38'),
(11031, 14, 1, 91, '2017-12-07 20:12:50'),
(11032, 11, 1, 57, '2018-03-21 07:30:03'),
(11033, 50, 1, 21, '2017-12-31 07:54:13'),
(11034, 7, 1, 15, '2018-09-15 03:10:00'),
(11035, 43, 1, 35, '2018-03-23 14:21:49'),
(11036, 7, 1, 55, '2017-12-27 21:15:26'),
(11037, 11, 1, 41, '2018-09-26 22:02:57'),
(11038, 22, 1, 37, '2018-01-19 18:36:56'),
(11039, 48, 1, 87, '2018-07-13 00:05:21'),
(11040, 41, 1, 27, '2018-08-01 11:23:56'),
(11041, 37, 1, 93, '2018-09-15 10:01:23'),
(11042, 22, 1, 15, '2017-12-21 13:22:19'),
(11043, 39, 1, 88, '2017-11-06 21:30:49'),
(11044, 30, 1, 12, '2018-07-08 07:16:38'),
(11045, 27, 1, 98, '2018-05-16 06:58:20'),
(11046, 41, 1, 48, '2018-09-01 18:24:21'),
(11047, 16, 1, 87, '2018-04-14 02:17:28'),
(11048, 12, 1, 27, '2018-05-02 04:18:12'),
(11049, 2, 1, 98, '2018-08-03 09:51:31'),
(11050, 29, 1, 38, '2018-02-20 12:56:23'),
(11051, 16, 1, 38, '2018-04-19 05:14:55'),
(11052, 43, 1, 50, '2018-01-11 04:29:01'),
(11053, 2, 1, 36, '2018-07-13 21:31:32'),
(11054, 8, 1, 63, '2018-08-06 23:03:16'),
(11055, 3, 1, 23, '2018-03-19 00:44:24'),
(11056, 28, 1, 86, '2017-11-22 16:26:09'),
(11057, 20, 1, 84, '2017-11-09 14:13:33'),
(11058, 13, 1, 72, '2017-12-08 14:21:57'),
(11059, 3, 1, 22, '2018-06-17 16:51:31'),
(11060, 36, 1, 39, '2018-05-29 08:47:06'),
(11061, 42, 1, 23, '2018-05-30 16:49:42'),
(11062, 12, 1, 39, '2017-12-18 04:05:36'),
(11063, 19, 1, 98, '2018-04-10 18:28:48'),
(11064, 4, 1, 31, '2018-09-11 09:56:17'),
(11065, 16, 1, 14, '2018-07-08 18:49:31'),
(11066, 43, 1, 63, '2018-02-03 14:02:49'),
(11067, 2, 1, 32, '2018-07-20 18:19:25'),
(11068, 41, 1, 34, '2018-05-29 23:04:14'),
(11069, 18, 1, 100, '2017-10-23 20:03:51'),
(11070, 26, 1, 24, '2018-01-10 21:41:16'),
(11071, 13, 1, 91, '2017-10-10 19:29:26'),
(11072, 39, 1, 27, '2017-11-20 03:08:13'),
(11073, 29, 1, 17, '2018-02-28 15:12:55'),
(11074, 14, 1, 12, '2018-01-01 14:27:54'),
(11075, 16, 1, 58, '2018-09-16 11:57:23'),
(11076, 20, 1, 37, '2017-10-06 10:28:02'),
(11077, 9, 1, 51, '2018-08-24 07:05:35'),
(11078, 26, 1, 53, '2018-05-31 10:11:38'),
(11079, 38, 1, 22, '2018-04-12 11:30:52'),
(11080, 30, 1, 24, '2018-09-25 01:13:16'),
(11081, 5, 1, 56, '2018-09-30 03:08:02'),
(11082, 5, 1, 91, '2017-12-15 09:17:28'),
(11083, 46, 1, 72, '2018-05-10 18:24:35'),
(11084, 7, 1, 48, '2018-03-12 05:38:05'),
(11085, 11, 1, 71, '2018-08-15 03:24:40'),
(11086, 46, 1, 93, '2018-07-23 02:19:10'),
(11087, 14, 1, 25, '2017-12-05 15:11:08'),
(11088, 22, 1, 39, '2018-01-26 21:34:31'),
(11089, 7, 1, 40, '2018-04-20 21:41:30'),
(11090, 44, 1, 41, '2018-03-01 13:37:01'),
(11091, 50, 1, 97, '2017-12-21 11:33:09'),
(11092, 30, 1, 89, '2018-07-28 12:10:43'),
(11093, 48, 1, 58, '2018-04-03 15:29:54'),
(11094, 11, 1, 98, '2018-02-19 10:49:03'),
(11095, 27, 1, 30, '2018-01-13 02:16:43'),
(11096, 12, 1, 45, '2017-11-11 12:34:21'),
(11097, 38, 1, 87, '2018-09-05 13:59:27'),
(11098, 26, 1, 75, '2018-03-20 14:05:15'),
(11099, 24, 1, 93, '2018-08-09 22:57:19'),
(11100, 29, 1, 59, '2018-07-27 23:20:44'),
(11101, 3, 1, 61, '2018-09-03 03:52:13'),
(11102, 2, 1, 21, '2018-07-28 03:19:47'),
(11103, 50, 1, 11, '2018-01-07 17:20:26'),
(11104, 7, 1, 25, '2018-07-23 01:08:53'),
(11105, 50, 1, 43, '2018-04-18 15:52:29'),
(11106, 50, 1, 67, '2018-04-10 14:42:46'),
(11107, 6, 1, 33, '2017-10-11 07:00:54'),
(11108, 9, 1, 40, '2017-12-16 06:53:50'),
(11109, 11, 1, 16, '2018-04-20 07:07:16'),
(11110, 9, 1, 98, '2018-08-28 23:30:09'),
(11111, 20, 1, 10, '2018-03-18 17:58:16'),
(11112, 30, 1, 10, '2018-02-23 20:55:07'),
(11113, 1, 1, 39, '2017-11-08 16:01:34'),
(11114, 10, 1, 86, '2018-09-01 14:41:48'),
(11115, 3, 1, 72, '2017-12-21 16:19:38'),
(11116, 34, 1, 59, '2017-11-20 13:03:48'),
(11117, 21, 1, 36, '2018-08-11 17:24:10'),
(11118, 23, 1, 16, '2018-08-26 23:55:32'),
(11119, 8, 1, 15, '2018-02-24 08:38:28'),
(11120, 23, 1, 94, '2018-05-06 06:04:13'),
(11121, 29, 1, 11, '2018-07-11 19:05:42'),
(11122, 35, 1, 26, '2017-10-10 08:32:38'),
(11123, 2, 1, 74, '2018-08-11 21:59:53'),
(11124, 14, 1, 60, '2018-06-22 03:01:53'),
(11125, 38, 1, 16, '2018-01-28 07:48:42'),
(11126, 29, 1, 58, '2018-06-05 12:13:39'),
(11127, 5, 1, 93, '2018-02-17 23:46:33'),
(11128, 43, 1, 74, '2017-12-20 04:23:23'),
(11129, 4, 1, 90, '2017-11-12 20:04:17'),
(11130, 27, 1, 43, '2018-06-13 23:39:53'),
(11131, 1, 1, 75, '2018-06-13 23:09:16'),
(11132, 26, 1, 73, '2018-03-19 18:46:34'),
(11133, 46, 1, 84, '2018-03-12 12:56:59'),
(11134, 37, 1, 69, '2018-07-13 23:36:22'),
(11135, 10, 1, 82, '2018-01-23 04:32:02'),
(11136, 34, 1, 45, '2018-03-04 01:30:57'),
(11137, 34, 1, 46, '2017-12-23 16:32:17'),
(11138, 19, 1, 57, '2017-11-19 07:50:31'),
(11139, 32, 1, 10, '2018-08-17 06:10:11'),
(11140, 1, 1, 81, '2018-01-20 10:27:15'),
(11141, 36, 1, 34, '2018-07-10 02:59:00'),
(11142, 46, 1, 68, '2018-07-19 17:26:59'),
(11143, 44, 1, 63, '2018-07-22 07:18:08'),
(11144, 17, 1, 47, '2018-04-24 15:55:01'),
(11145, 40, 1, 87, '2018-08-15 03:44:47'),
(11146, 32, 1, 70, '2018-06-05 12:23:56'),
(11147, 20, 1, 95, '2017-10-31 16:55:43'),
(11148, 47, 1, 53, '2018-09-19 01:24:04'),
(11149, 6, 1, 50, '2018-01-26 06:45:45'),
(11150, 12, 1, 76, '2018-08-12 00:29:21'),
(11151, 14, 1, 95, '2018-04-27 05:02:08'),
(11152, 33, 1, 74, '2018-05-27 06:14:00'),
(11153, 17, 1, 68, '2018-06-27 12:56:03'),
(11154, 28, 1, 99, '2018-09-20 17:51:06'),
(11155, 23, 1, 30, '2018-02-12 12:43:21'),
(11156, 41, 1, 88, '2018-07-09 23:33:52'),
(11157, 30, 1, 67, '2017-12-12 03:09:39'),
(11158, 15, 1, 46, '2018-07-12 08:43:43'),
(11159, 44, 1, 95, '2018-06-10 06:24:59'),
(11160, 37, 1, 81, '2018-04-02 07:25:45'),
(11161, 1, 1, 83, '2017-12-21 14:35:12'),
(11162, 10, 1, 33, '2017-12-16 02:44:07'),
(11163, 22, 1, 15, '2018-09-18 08:54:17'),
(11164, 20, 1, 43, '2018-02-25 05:40:39'),
(11165, 33, 1, 70, '2017-10-03 16:21:13'),
(11166, 7, 1, 42, '2017-11-17 18:45:01'),
(11167, 4, 1, 80, '2018-01-13 23:38:42'),
(11168, 9, 1, 16, '2018-02-25 12:53:53'),
(11169, 3, 1, 27, '2017-10-04 03:22:54'),
(11170, 21, 1, 25, '2018-07-25 16:45:15'),
(11171, 49, 1, 49, '2018-07-02 04:36:38'),
(11172, 2, 1, 58, '2018-02-13 18:08:35'),
(11173, 6, 1, 99, '2018-09-16 10:47:12'),
(11174, 29, 1, 58, '2018-03-18 15:34:59'),
(11175, 4, 1, 49, '2017-11-06 17:39:52'),
(11176, 24, 1, 95, '2018-05-15 23:30:44'),
(11177, 42, 1, 22, '2018-01-22 06:54:52'),
(11178, 24, 1, 96, '2018-01-26 11:52:55'),
(11179, 5, 1, 81, '2017-10-13 00:28:19'),
(11180, 44, 1, 43, '2017-12-10 23:38:17'),
(11181, 12, 1, 30, '2018-01-20 13:04:46'),
(11182, 7, 1, 67, '2018-06-24 23:09:09'),
(11183, 23, 1, 24, '2018-08-11 16:32:36'),
(11184, 4, 1, 36, '2018-04-13 10:51:34'),
(11185, 46, 1, 10, '2018-01-19 07:24:03'),
(11186, 18, 1, 73, '2017-11-15 16:41:06'),
(11187, 30, 1, 18, '2018-06-28 14:05:20'),
(11188, 25, 1, 73, '2018-02-05 21:02:55'),
(11189, 45, 1, 67, '2018-02-06 03:07:25'),
(11190, 26, 1, 63, '2018-07-20 05:09:27'),
(11191, 9, 1, 99, '2018-06-14 05:33:22'),
(11192, 49, 1, 100, '2018-01-28 23:48:59'),
(11193, 14, 1, 89, '2018-08-01 02:39:04'),
(11194, 21, 1, 95, '2017-11-20 20:58:54'),
(11195, 50, 1, 59, '2018-06-13 18:14:05'),
(11196, 23, 1, 60, '2018-08-19 17:59:26'),
(11197, 46, 1, 40, '2017-10-01 19:55:13'),
(11198, 42, 1, 67, '2018-08-30 21:34:14'),
(11199, 8, 1, 55, '2018-08-27 07:36:40'),
(11200, 10, 1, 16, '2018-05-30 22:31:47'),
(11201, 14, 1, 54, '2018-06-05 02:24:51'),
(11202, 39, 1, 42, '2018-04-24 08:50:47'),
(11203, 21, 1, 91, '2018-07-30 20:03:31'),
(11204, 40, 1, 100, '2017-12-05 10:44:59'),
(11205, 39, 1, 16, '2017-12-24 18:25:48'),
(11206, 29, 1, 41, '2017-10-29 05:39:44'),
(11207, 35, 1, 73, '2018-02-27 14:46:37'),
(11208, 12, 1, 82, '2018-03-12 22:10:04'),
(11209, 42, 1, 10, '2018-08-02 15:33:41'),
(11210, 13, 1, 89, '2018-01-13 19:49:21'),
(11211, 23, 1, 74, '2017-12-24 22:56:25'),
(11212, 11, 1, 53, '2018-07-08 05:42:24'),
(11213, 1, 1, 56, '2017-10-13 04:27:34'),
(11214, 42, 1, 63, '2018-02-01 12:42:37'),
(11215, 37, 1, 17, '2017-11-21 18:25:05'),
(11216, 39, 1, 83, '2018-03-29 22:15:45'),
(11217, 44, 1, 22, '2018-07-30 08:38:31'),
(11218, 6, 1, 74, '2018-07-12 20:51:36'),
(11219, 33, 1, 48, '2018-09-04 13:57:26'),
(11220, 11, 1, 68, '2018-06-22 13:07:19'),
(11221, 25, 1, 56, '2018-05-13 01:35:15'),
(11222, 43, 1, 22, '2017-11-17 16:20:52'),
(11223, 35, 1, 97, '2018-03-17 23:02:00'),
(11224, 17, 1, 59, '2018-04-07 08:23:26');
INSERT INTO `ratings_balls` (`pk`, `fk_user`, `fk_message`, `ball`, `ball_datetime`) VALUES
(11225, 14, 1, 60, '2018-09-18 18:27:20'),
(11226, 41, 1, 24, '2018-07-27 17:55:21'),
(11227, 40, 1, 21, '2017-10-01 19:02:52'),
(11228, 34, 1, 54, '2018-08-08 08:44:32'),
(11229, 2, 1, 76, '2018-04-12 00:44:11'),
(11230, 20, 1, 85, '2018-06-20 17:33:51'),
(11231, 36, 1, 32, '2018-05-12 00:37:30'),
(11232, 42, 1, 52, '2018-04-03 04:39:03'),
(11233, 8, 1, 38, '2018-08-21 15:19:35'),
(11234, 35, 1, 95, '2018-01-23 02:04:34'),
(11235, 10, 1, 18, '2018-05-12 17:30:16'),
(11236, 21, 1, 83, '2017-12-20 14:50:20'),
(11237, 15, 1, 59, '2018-06-29 06:07:27'),
(11238, 9, 1, 82, '2018-09-17 22:20:52'),
(11239, 39, 1, 84, '2018-03-23 04:38:39'),
(11240, 35, 1, 15, '2018-01-24 18:23:07'),
(11241, 22, 1, 59, '2018-01-19 04:46:53'),
(11242, 19, 1, 52, '2017-11-30 06:06:52'),
(11243, 17, 1, 91, '2018-07-22 15:45:02'),
(11244, 10, 1, 62, '2018-05-05 13:45:53'),
(11245, 22, 1, 58, '2018-04-21 19:59:29'),
(11246, 36, 1, 10, '2018-01-31 06:20:13'),
(11247, 48, 1, 42, '2017-10-24 16:47:09'),
(11248, 14, 1, 50, '2018-03-31 17:51:28'),
(11249, 36, 1, 10, '2018-03-04 22:21:02'),
(11250, 35, 1, 98, '2018-07-14 16:29:07'),
(11251, 39, 1, 45, '2018-07-05 00:27:30'),
(11252, 49, 1, 34, '2018-05-20 12:18:55'),
(11253, 2, 1, 53, '2018-07-21 03:10:39'),
(11254, 19, 1, 37, '2018-01-29 23:52:13'),
(11255, 29, 1, 55, '2018-03-11 19:29:30'),
(11256, 1, 1, 61, '2018-02-08 16:26:42'),
(11257, 18, 1, 33, '2017-10-24 13:18:30'),
(11258, 25, 1, 39, '2018-03-06 21:21:14'),
(11259, 42, 1, 77, '2017-11-04 08:18:26'),
(11260, 26, 1, 39, '2018-09-09 23:49:19'),
(11261, 30, 1, 31, '2017-11-15 00:48:33'),
(11262, 31, 1, 100, '2018-02-28 21:30:55'),
(11263, 23, 1, 55, '2018-02-18 13:15:36'),
(11264, 47, 1, 98, '2017-10-20 00:57:47'),
(11265, 46, 1, 35, '2017-12-05 08:21:46'),
(11266, 30, 1, 51, '2018-06-25 03:47:50'),
(11267, 28, 1, 80, '2018-01-17 13:20:10'),
(11268, 31, 1, 55, '2018-04-15 22:02:45'),
(11269, 30, 1, 35, '2018-06-29 12:09:35'),
(11270, 40, 1, 82, '2018-04-14 14:56:10'),
(11271, 24, 1, 31, '2018-01-13 18:42:44'),
(11272, 2, 1, 63, '2018-08-08 22:19:54'),
(11273, 24, 1, 83, '2017-10-06 05:58:44'),
(11274, 17, 1, 76, '2017-12-23 20:02:21'),
(11275, 16, 1, 51, '2018-03-21 12:32:56'),
(11276, 26, 1, 22, '2018-09-05 01:27:28'),
(11277, 31, 1, 25, '2018-02-10 06:15:32'),
(11278, 44, 1, 76, '2018-08-26 05:39:34'),
(11279, 31, 1, 64, '2018-02-13 05:28:20'),
(11280, 8, 1, 32, '2018-01-01 04:05:21'),
(11281, 13, 1, 95, '2018-03-25 21:26:31'),
(11282, 18, 1, 27, '2017-10-12 23:11:30'),
(11283, 27, 1, 99, '2018-02-09 13:23:10'),
(11284, 24, 1, 80, '2018-07-31 07:16:56'),
(11285, 1, 1, 53, '2017-11-21 00:13:20'),
(11286, 34, 1, 89, '2018-02-14 16:13:49'),
(11287, 13, 1, 83, '2018-04-08 12:35:02'),
(11288, 4, 1, 90, '2018-02-13 19:10:16'),
(11289, 50, 1, 47, '2018-01-04 05:05:41'),
(11290, 50, 1, 47, '2018-02-03 19:13:08'),
(11291, 38, 1, 19, '2018-06-30 15:03:59'),
(11292, 6, 1, 16, '2018-06-30 20:56:39'),
(11293, 29, 1, 83, '2018-06-16 11:16:23'),
(11294, 35, 1, 21, '2018-02-07 18:43:30'),
(11295, 10, 1, 92, '2018-06-09 22:19:55'),
(11296, 30, 1, 43, '2018-09-09 01:01:55'),
(11297, 17, 1, 37, '2018-08-15 10:32:01'),
(11298, 30, 1, 87, '2018-04-03 06:20:46'),
(11299, 45, 1, 25, '2018-03-16 17:50:25'),
(11300, 20, 1, 47, '2017-12-26 11:02:59'),
(11301, 29, 1, 33, '2018-02-12 22:49:22'),
(11302, 27, 1, 30, '2017-11-25 07:09:39'),
(11303, 48, 1, 22, '2018-09-27 23:08:29'),
(11304, 2, 1, 37, '2017-10-29 01:19:18'),
(11305, 13, 1, 31, '2017-12-26 19:59:14'),
(11306, 41, 1, 62, '2018-09-17 15:05:33'),
(11307, 8, 1, 88, '2018-06-24 02:04:00'),
(11308, 32, 1, 26, '2018-02-27 11:35:00'),
(11309, 16, 1, 73, '2017-12-16 05:04:38'),
(11310, 47, 1, 77, '2018-02-13 02:24:29'),
(11311, 30, 1, 31, '2018-05-24 20:16:36'),
(11312, 11, 1, 82, '2018-09-22 20:55:39'),
(11313, 34, 1, 30, '2018-05-19 00:32:01'),
(11314, 3, 1, 50, '2017-10-26 08:05:18'),
(11315, 35, 1, 89, '2017-11-14 20:28:12'),
(11316, 23, 1, 35, '2017-12-03 09:07:01'),
(11317, 49, 1, 97, '2018-09-29 20:48:57'),
(11318, 13, 1, 78, '2018-02-10 13:46:08'),
(11319, 43, 1, 19, '2018-05-01 19:38:32'),
(11320, 28, 1, 17, '2017-11-17 22:39:26'),
(11321, 29, 1, 30, '2017-11-02 22:18:02'),
(11322, 43, 1, 22, '2017-10-27 20:10:17'),
(11323, 42, 1, 21, '2018-02-11 01:06:52'),
(11324, 36, 1, 93, '2018-07-11 22:30:20'),
(11325, 5, 1, 96, '2018-06-04 18:45:16'),
(11326, 33, 1, 93, '2018-02-13 05:18:05'),
(11327, 50, 1, 100, '2017-11-28 04:09:22'),
(11328, 35, 1, 71, '2018-05-21 05:22:04'),
(11329, 15, 1, 91, '2018-07-29 23:11:52'),
(11330, 18, 1, 90, '2018-07-05 03:22:50'),
(11331, 2, 1, 60, '2017-11-12 16:17:09'),
(11332, 40, 1, 93, '2018-02-17 01:05:04'),
(11333, 16, 1, 97, '2018-09-13 19:50:02'),
(11334, 24, 1, 82, '2018-05-16 07:14:50'),
(11335, 2, 1, 81, '2018-01-01 19:50:32'),
(11336, 9, 1, 42, '2018-04-25 03:25:56'),
(11337, 16, 1, 42, '2017-11-27 23:00:43'),
(11338, 50, 1, 39, '2018-01-20 18:51:19'),
(11339, 23, 1, 29, '2018-08-20 01:58:57'),
(11340, 45, 1, 43, '2017-11-30 06:49:47'),
(11341, 5, 1, 88, '2018-02-08 06:30:35'),
(11342, 33, 1, 43, '2018-08-04 08:59:46'),
(11343, 2, 1, 92, '2018-09-11 09:11:37'),
(11344, 18, 1, 19, '2018-06-17 16:10:34'),
(11345, 48, 1, 100, '2018-03-12 20:43:18'),
(11346, 23, 1, 85, '2018-07-25 14:40:37'),
(11347, 20, 1, 38, '2018-01-27 17:29:11'),
(11348, 48, 1, 63, '2018-03-17 22:03:22'),
(11349, 27, 1, 33, '2018-06-02 17:36:28'),
(11350, 10, 1, 68, '2018-08-17 01:23:47'),
(11351, 12, 1, 51, '2018-05-22 22:37:42'),
(11352, 24, 1, 97, '2018-06-22 02:59:53'),
(11353, 16, 1, 43, '2017-12-04 19:46:01'),
(11354, 5, 1, 50, '2018-04-17 04:21:26'),
(11355, 19, 1, 28, '2018-01-24 20:30:04'),
(11356, 19, 1, 78, '2018-05-11 20:16:18'),
(11357, 17, 1, 30, '2018-05-01 00:14:44'),
(11358, 3, 1, 58, '2018-01-29 02:03:57'),
(11359, 37, 1, 57, '2017-12-27 10:25:58'),
(11360, 12, 1, 56, '2018-08-15 04:16:46'),
(11361, 45, 1, 80, '2018-07-17 07:05:40'),
(11362, 32, 1, 66, '2018-07-04 09:38:14'),
(11363, 17, 1, 52, '2018-06-28 09:30:17'),
(11364, 4, 1, 62, '2018-06-20 09:09:02'),
(11365, 11, 1, 79, '2018-09-06 01:14:54'),
(11366, 17, 1, 25, '2018-02-08 17:19:15'),
(11367, 14, 1, 71, '2018-07-18 19:59:33'),
(11368, 47, 1, 74, '2018-03-08 10:04:10'),
(11369, 43, 1, 38, '2018-02-17 19:21:59'),
(11370, 31, 1, 93, '2017-10-25 17:08:59'),
(11371, 27, 1, 100, '2018-09-28 15:35:44'),
(11372, 6, 1, 51, '2018-03-11 14:47:27'),
(11373, 21, 1, 58, '2018-06-26 08:52:05'),
(11374, 13, 1, 28, '2017-11-28 12:19:13'),
(11375, 30, 1, 83, '2018-05-07 02:28:37'),
(11376, 45, 1, 97, '2018-02-21 03:41:47'),
(11377, 32, 1, 80, '2018-02-17 08:45:19'),
(11378, 9, 1, 78, '2017-11-11 01:09:16'),
(11379, 8, 1, 91, '2018-03-29 08:43:27'),
(11380, 11, 1, 22, '2018-09-05 05:58:45'),
(11381, 1, 1, 100, '2018-05-03 15:58:53'),
(11382, 11, 1, 26, '2018-03-30 21:33:42'),
(11383, 23, 1, 79, '2017-10-24 20:35:15'),
(11384, 16, 1, 78, '2018-07-27 18:45:22'),
(11385, 45, 1, 80, '2018-04-15 15:43:55'),
(11386, 49, 1, 73, '2018-07-19 08:37:33'),
(11387, 35, 1, 81, '2018-04-09 02:14:20'),
(11388, 23, 1, 23, '2018-05-22 05:25:29'),
(11389, 44, 1, 66, '2017-12-11 00:49:45'),
(11390, 2, 1, 51, '2018-04-22 22:31:07'),
(11391, 50, 1, 97, '2018-05-10 18:33:12'),
(11392, 7, 1, 50, '2017-12-07 23:40:31'),
(11393, 43, 1, 16, '2017-12-06 05:38:25'),
(11394, 42, 1, 15, '2017-12-07 04:47:14'),
(11395, 33, 1, 83, '2018-07-24 03:49:22'),
(11396, 2, 1, 78, '2017-12-10 04:04:30'),
(11397, 14, 1, 36, '2018-08-06 19:59:31'),
(11398, 9, 1, 68, '2018-02-22 03:14:34'),
(11399, 20, 1, 37, '2017-10-18 20:11:25'),
(11400, 9, 1, 73, '2018-09-01 04:16:46'),
(11401, 39, 1, 14, '2018-04-02 03:57:45'),
(11402, 38, 1, 99, '2018-05-15 17:59:35'),
(11403, 49, 1, 63, '2017-11-09 09:41:48'),
(11404, 14, 1, 10, '2018-03-08 13:34:19'),
(11405, 6, 1, 82, '2018-04-13 22:47:39'),
(11406, 18, 1, 41, '2018-09-17 20:03:27'),
(11407, 8, 1, 24, '2018-08-11 02:11:47'),
(11408, 31, 1, 73, '2018-03-05 11:36:46'),
(11409, 8, 1, 90, '2018-01-19 02:28:28'),
(11410, 40, 1, 57, '2018-06-19 22:03:34'),
(11411, 37, 1, 96, '2018-08-19 15:38:52'),
(11412, 33, 1, 70, '2018-05-28 08:40:05'),
(11413, 1, 1, 77, '2017-12-05 11:32:17'),
(11414, 2, 1, 10, '2018-02-17 04:47:58'),
(11415, 15, 1, 70, '2017-12-27 00:48:41'),
(11416, 16, 1, 22, '2018-02-13 01:18:13'),
(11417, 50, 1, 43, '2018-08-16 08:00:56'),
(11418, 36, 1, 13, '2018-08-14 20:58:25'),
(11419, 42, 1, 31, '2018-08-09 17:21:21'),
(11420, 12, 1, 67, '2018-08-11 17:07:41'),
(11421, 37, 1, 94, '2018-09-06 20:04:08'),
(11422, 45, 1, 12, '2018-03-24 00:05:03'),
(11423, 5, 1, 10, '2017-11-10 15:39:46'),
(11424, 46, 1, 63, '2018-08-24 09:47:49'),
(11425, 29, 1, 25, '2018-05-12 09:56:29'),
(11426, 47, 1, 90, '2018-03-06 09:54:08'),
(11427, 35, 1, 54, '2018-02-01 19:29:41'),
(11428, 9, 1, 82, '2018-08-03 19:09:16'),
(11429, 22, 1, 98, '2018-08-29 13:09:58'),
(11430, 10, 1, 92, '2018-01-26 19:59:21'),
(11431, 40, 1, 92, '2018-07-20 15:38:50'),
(11432, 25, 1, 59, '2018-02-25 04:11:36'),
(11433, 19, 1, 35, '2018-08-17 02:35:03'),
(11434, 29, 1, 30, '2018-03-02 20:38:39'),
(11435, 46, 1, 80, '2018-07-31 14:56:09'),
(11436, 29, 1, 52, '2018-05-13 05:34:15'),
(11437, 13, 1, 37, '2018-08-12 08:18:58'),
(11438, 41, 1, 19, '2017-10-25 15:56:38'),
(11439, 1, 1, 100, '2017-11-01 10:00:22'),
(11440, 35, 1, 12, '2018-05-07 02:48:23'),
(11441, 9, 1, 37, '2018-03-28 15:49:37'),
(11442, 33, 1, 22, '2017-10-31 17:47:34'),
(11443, 2, 1, 13, '2018-07-10 00:51:06'),
(11444, 6, 1, 39, '2018-03-06 21:25:15'),
(11445, 6, 1, 79, '2018-04-29 09:54:33'),
(11446, 21, 1, 48, '2018-07-16 01:42:18'),
(11447, 42, 1, 98, '2018-05-05 18:40:43'),
(11448, 4, 1, 17, '2018-04-26 15:01:10'),
(11449, 12, 1, 36, '2018-09-22 10:58:38'),
(11450, 21, 1, 12, '2018-05-13 19:09:19'),
(11451, 50, 1, 33, '2017-11-10 01:57:53'),
(11452, 12, 1, 19, '2018-08-13 22:49:58'),
(11453, 25, 1, 58, '2017-11-23 15:42:28'),
(11454, 49, 1, 27, '2018-06-14 09:42:57'),
(11455, 26, 1, 45, '2017-12-11 02:25:36'),
(11456, 8, 1, 21, '2018-06-18 20:09:30'),
(11457, 48, 1, 13, '2018-03-09 22:13:03'),
(11458, 23, 1, 48, '2018-03-09 04:50:43'),
(11459, 28, 1, 92, '2018-03-05 12:29:10'),
(11460, 50, 1, 66, '2018-05-02 21:08:36'),
(11461, 28, 1, 61, '2018-07-22 22:19:59'),
(11462, 1, 1, 42, '2017-12-01 00:43:10'),
(11463, 38, 1, 56, '2017-12-05 03:23:47'),
(11464, 23, 1, 36, '2018-07-28 07:10:24'),
(11465, 29, 1, 45, '2018-05-31 07:47:52'),
(11466, 14, 1, 26, '2018-08-13 05:33:45'),
(11467, 23, 1, 49, '2018-09-04 01:47:23'),
(11468, 32, 1, 61, '2018-09-10 20:16:43'),
(11469, 37, 1, 79, '2018-07-09 02:19:38'),
(11470, 21, 1, 83, '2018-04-15 01:25:15'),
(11471, 1, 1, 87, '2018-02-22 11:36:53'),
(11472, 44, 1, 71, '2018-07-08 12:17:31'),
(11473, 25, 1, 28, '2017-11-18 18:54:35'),
(11474, 23, 1, 28, '2017-10-21 17:20:22'),
(11475, 20, 1, 99, '2017-10-15 17:11:29'),
(11476, 50, 1, 54, '2018-01-03 06:50:41'),
(11477, 33, 1, 48, '2017-11-12 17:30:12'),
(11478, 18, 1, 49, '2018-04-01 08:24:56'),
(11479, 44, 1, 32, '2018-09-08 19:53:14'),
(11480, 44, 1, 31, '2018-09-24 11:38:47'),
(11481, 41, 1, 80, '2018-06-01 09:41:13'),
(11482, 36, 1, 27, '2018-07-16 13:56:50'),
(11483, 41, 1, 96, '2018-04-10 23:48:03'),
(11484, 19, 1, 63, '2017-11-27 13:27:33'),
(11485, 38, 1, 86, '2017-11-06 00:51:46'),
(11486, 2, 1, 24, '2018-04-18 17:53:25'),
(11487, 26, 1, 26, '2018-01-01 16:43:16'),
(11488, 1, 1, 100, '2018-08-12 11:11:02'),
(11489, 32, 1, 35, '2018-05-09 17:22:21'),
(11490, 20, 1, 94, '2017-10-14 03:37:49'),
(11491, 26, 1, 15, '2017-10-31 14:08:10'),
(11492, 2, 1, 50, '2018-07-31 23:18:09'),
(11493, 2, 1, 77, '2018-02-25 20:35:05'),
(11494, 22, 1, 73, '2017-10-28 15:44:39'),
(11495, 41, 1, 62, '2018-01-22 21:55:01'),
(11496, 3, 1, 52, '2017-11-29 19:57:24'),
(11497, 9, 1, 36, '2018-04-19 04:57:33'),
(11498, 15, 1, 28, '2018-02-17 03:42:54'),
(11499, 4, 1, 70, '2018-09-04 03:20:23'),
(11500, 5, 1, 88, '2018-03-26 02:28:45'),
(11501, 12, 1, 75, '2017-11-13 16:18:29'),
(11502, 43, 1, 65, '2018-04-04 21:47:40'),
(11503, 32, 1, 79, '2018-09-11 16:30:50'),
(11504, 33, 1, 45, '2018-09-15 17:33:16'),
(11505, 40, 1, 76, '2017-11-15 23:41:29'),
(11506, 16, 1, 97, '2018-09-28 11:18:53'),
(11507, 47, 1, 15, '2018-01-07 12:36:21'),
(11508, 4, 1, 31, '2018-09-07 14:47:14'),
(11509, 15, 1, 27, '2018-06-08 19:18:57'),
(11510, 39, 1, 38, '2018-09-14 20:36:20'),
(11511, 16, 1, 57, '2018-03-14 22:23:28'),
(11512, 36, 1, 56, '2017-10-09 06:23:51'),
(11513, 18, 1, 45, '2018-05-21 03:04:18'),
(11514, 14, 1, 72, '2018-06-16 17:25:27'),
(11515, 31, 1, 82, '2018-03-22 16:07:49'),
(11516, 12, 1, 100, '2018-06-06 04:08:45'),
(11517, 22, 1, 46, '2017-11-01 18:58:12'),
(11518, 17, 1, 26, '2018-02-21 18:44:34'),
(11519, 26, 1, 96, '2018-02-05 04:04:33'),
(11520, 50, 1, 17, '2018-05-05 03:41:14'),
(11521, 3, 1, 64, '2018-02-14 11:53:16'),
(11522, 33, 1, 80, '2017-11-05 19:30:29'),
(11523, 43, 1, 28, '2018-02-24 22:58:01'),
(11524, 14, 1, 85, '2018-09-23 11:28:56'),
(11525, 17, 1, 71, '2018-03-17 19:46:09'),
(11526, 28, 1, 59, '2018-08-03 22:08:53'),
(11527, 25, 1, 96, '2018-09-16 13:22:57'),
(11528, 17, 1, 46, '2018-03-03 02:55:05'),
(11529, 3, 1, 53, '2018-05-17 00:32:42'),
(11530, 25, 1, 92, '2018-05-03 11:33:13'),
(11531, 2, 1, 35, '2018-03-07 06:32:19'),
(11532, 35, 1, 50, '2018-07-02 13:16:03'),
(11533, 25, 1, 18, '2017-12-25 15:01:45'),
(11534, 24, 1, 78, '2018-06-18 06:33:36'),
(11535, 4, 1, 48, '2018-03-05 23:53:48'),
(11536, 19, 1, 38, '2018-05-24 12:18:17'),
(11537, 4, 1, 27, '2017-10-06 16:36:28'),
(11538, 43, 1, 38, '2018-02-23 18:41:46'),
(11539, 46, 1, 63, '2017-11-23 07:08:39'),
(11540, 38, 1, 34, '2018-01-27 19:38:24'),
(11541, 7, 1, 49, '2017-12-09 22:20:10'),
(11542, 6, 1, 80, '2017-12-15 04:48:15'),
(11543, 44, 1, 25, '2018-01-24 09:44:07'),
(11544, 38, 1, 54, '2018-08-22 14:28:54'),
(11545, 38, 1, 71, '2018-08-14 02:23:15'),
(11546, 17, 1, 69, '2018-07-04 03:38:08'),
(11547, 37, 1, 57, '2018-01-12 20:44:52'),
(11548, 4, 1, 66, '2018-05-15 23:20:53'),
(11549, 29, 1, 69, '2018-07-07 16:38:13'),
(11550, 38, 1, 43, '2018-04-28 21:28:11'),
(11551, 23, 1, 53, '2018-08-13 16:07:02'),
(11552, 46, 1, 31, '2018-03-31 07:13:19'),
(11553, 43, 1, 15, '2018-06-19 06:35:50'),
(11554, 3, 1, 30, '2018-07-13 06:17:29'),
(11555, 48, 1, 51, '2018-02-09 05:18:41'),
(11556, 45, 1, 97, '2017-12-20 08:05:25'),
(11557, 36, 1, 26, '2018-01-05 06:40:05'),
(11558, 33, 1, 95, '2018-06-03 10:36:17'),
(11559, 12, 1, 94, '2017-10-11 16:03:45'),
(11560, 39, 1, 69, '2018-06-15 19:16:56'),
(11561, 36, 1, 29, '2018-08-18 21:00:15'),
(11562, 9, 1, 66, '2018-07-28 17:34:05'),
(11563, 6, 1, 24, '2017-12-21 10:00:45'),
(11564, 44, 1, 83, '2018-05-21 04:24:50'),
(11565, 8, 1, 66, '2018-03-24 10:56:24'),
(11566, 4, 1, 17, '2017-12-09 07:18:57'),
(11567, 18, 1, 46, '2017-10-28 16:50:59'),
(11568, 45, 1, 45, '2018-04-27 06:28:42'),
(11569, 23, 1, 18, '2018-04-20 11:58:47'),
(11570, 6, 1, 83, '2018-04-30 03:36:08'),
(11571, 18, 1, 24, '2018-02-05 17:56:59'),
(11572, 20, 1, 22, '2018-07-23 05:41:58'),
(11573, 43, 1, 48, '2018-07-24 13:07:40'),
(11574, 39, 1, 32, '2017-11-04 11:48:20'),
(11575, 9, 1, 94, '2017-11-03 16:31:42'),
(11576, 29, 1, 32, '2018-07-07 15:35:06'),
(11577, 6, 1, 28, '2018-02-18 13:07:23'),
(11578, 34, 1, 30, '2017-11-09 00:04:41'),
(11579, 38, 1, 18, '2018-02-12 12:05:10'),
(11580, 43, 1, 15, '2018-01-23 01:24:10'),
(11581, 14, 1, 95, '2018-07-06 04:40:38'),
(11582, 38, 1, 75, '2017-12-07 10:21:42'),
(11583, 46, 1, 39, '2018-01-28 08:50:58'),
(11584, 5, 1, 65, '2018-03-07 11:58:18'),
(11585, 42, 1, 59, '2018-06-29 10:39:18'),
(11586, 39, 1, 28, '2017-11-14 22:36:52'),
(11587, 12, 1, 53, '2017-12-10 09:14:55'),
(11588, 27, 1, 76, '2017-12-14 10:12:41'),
(11589, 25, 1, 50, '2018-07-29 21:32:52'),
(11590, 34, 1, 34, '2018-01-19 07:45:28'),
(11591, 20, 1, 70, '2017-10-09 18:22:27'),
(11592, 14, 1, 39, '2018-06-12 03:05:05'),
(11593, 38, 1, 28, '2018-05-25 15:48:27'),
(11594, 6, 1, 71, '2018-09-22 18:04:08'),
(11595, 1, 1, 80, '2018-02-04 11:13:04'),
(11596, 10, 1, 89, '2018-05-13 22:26:54'),
(11597, 34, 1, 93, '2018-06-08 09:17:47'),
(11598, 40, 1, 40, '2017-12-24 12:13:40'),
(11599, 41, 1, 62, '2018-06-15 22:21:48'),
(11600, 31, 1, 20, '2018-07-22 18:49:31'),
(11601, 35, 1, 58, '2018-09-08 05:31:50'),
(11602, 41, 1, 53, '2017-12-09 18:58:45'),
(11603, 29, 1, 93, '2018-08-09 23:37:29'),
(11604, 19, 1, 17, '2018-01-20 07:45:32'),
(11605, 37, 1, 83, '2018-05-02 21:07:14'),
(11606, 41, 1, 83, '2018-02-26 04:27:37'),
(11607, 34, 1, 57, '2018-02-25 09:36:55'),
(11608, 41, 1, 49, '2018-04-18 11:02:01'),
(11609, 39, 1, 50, '2017-11-09 21:04:45'),
(11610, 42, 1, 25, '2018-01-22 00:25:31'),
(11611, 39, 1, 50, '2018-08-14 23:29:00'),
(11612, 13, 1, 43, '2018-06-20 17:18:19'),
(11613, 42, 1, 31, '2017-10-21 08:18:58'),
(11614, 26, 1, 62, '2018-04-29 08:45:20'),
(11615, 2, 1, 42, '2018-01-08 00:35:44'),
(11616, 49, 1, 67, '2018-01-23 21:39:46'),
(11617, 19, 1, 63, '2017-10-24 22:14:54'),
(11618, 4, 1, 59, '2018-03-17 07:57:57'),
(11619, 30, 1, 82, '2017-12-20 06:03:29'),
(11620, 30, 1, 21, '2018-08-27 07:08:05'),
(11621, 8, 1, 50, '2017-12-01 19:22:43'),
(11622, 44, 1, 23, '2017-11-17 10:54:16'),
(11623, 25, 1, 27, '2018-02-27 19:45:52'),
(11624, 36, 1, 52, '2017-12-20 09:01:33'),
(11625, 44, 1, 37, '2018-08-28 06:22:55'),
(11626, 50, 1, 23, '2018-01-22 03:15:12'),
(11627, 17, 1, 57, '2018-04-03 02:41:58'),
(11628, 4, 1, 45, '2018-05-27 00:29:07'),
(11629, 32, 1, 69, '2018-04-04 10:13:36'),
(11630, 40, 1, 32, '2017-11-08 02:32:02'),
(11631, 11, 1, 11, '2018-07-08 06:34:24'),
(11632, 20, 1, 77, '2018-06-24 01:04:05'),
(11633, 49, 1, 27, '2018-09-23 01:59:45'),
(11634, 43, 1, 80, '2018-02-28 02:21:16'),
(11635, 18, 1, 31, '2018-04-22 21:52:55'),
(11636, 8, 1, 16, '2018-09-21 00:49:32'),
(11637, 32, 1, 89, '2018-07-22 00:50:51'),
(11638, 7, 1, 78, '2018-09-18 10:37:14'),
(11639, 32, 1, 68, '2017-10-18 20:55:10'),
(11640, 26, 1, 41, '2018-02-23 05:12:43'),
(11641, 23, 1, 91, '2018-06-30 22:08:01'),
(11642, 32, 1, 24, '2018-02-28 08:18:32'),
(11643, 17, 1, 39, '2017-10-27 11:32:03'),
(11644, 12, 1, 11, '2018-05-31 19:14:11'),
(11645, 5, 1, 100, '2018-02-19 19:39:50'),
(11646, 6, 1, 33, '2018-01-29 09:26:32'),
(11647, 49, 1, 47, '2018-06-10 11:45:37'),
(11648, 36, 1, 87, '2018-04-17 01:31:06'),
(11649, 3, 1, 48, '2017-12-13 09:24:44'),
(11650, 33, 1, 46, '2018-04-16 04:15:00'),
(11651, 43, 1, 68, '2018-09-22 18:07:27'),
(11652, 48, 1, 86, '2018-08-02 09:03:46'),
(11653, 7, 1, 58, '2018-04-06 22:46:59'),
(11654, 49, 1, 61, '2018-05-15 23:47:46'),
(11655, 42, 1, 19, '2018-01-11 18:22:40'),
(11656, 33, 1, 24, '2017-12-23 00:03:13'),
(11657, 39, 1, 66, '2018-08-29 09:52:42'),
(11658, 6, 1, 42, '2018-09-07 09:46:28'),
(11659, 50, 1, 100, '2017-12-28 15:55:06'),
(11660, 42, 1, 25, '2018-08-10 13:27:18'),
(11661, 35, 1, 16, '2018-01-02 08:18:06'),
(11662, 47, 1, 95, '2018-06-05 06:48:48'),
(11663, 28, 1, 54, '2017-10-02 13:22:38'),
(11664, 1, 1, 65, '2018-09-16 14:02:33'),
(11665, 27, 1, 46, '2018-01-06 12:07:02'),
(11666, 29, 1, 22, '2017-10-12 17:31:12'),
(11667, 1, 1, 21, '2017-10-09 13:23:12'),
(11668, 50, 1, 84, '2018-06-18 19:59:57'),
(11669, 30, 1, 64, '2018-09-21 21:41:31'),
(11670, 43, 1, 94, '2018-05-08 22:45:55'),
(11671, 27, 1, 49, '2018-06-09 16:20:09'),
(11672, 39, 1, 59, '2018-07-23 10:35:00'),
(11673, 18, 1, 23, '2017-11-26 07:48:06'),
(11674, 30, 1, 19, '2017-12-03 06:31:42'),
(11675, 10, 1, 87, '2018-03-08 09:38:00'),
(11676, 41, 1, 79, '2018-09-27 04:29:06'),
(11677, 22, 1, 89, '2017-10-30 15:30:02'),
(11678, 19, 1, 42, '2017-11-20 14:03:34'),
(11679, 16, 1, 31, '2018-03-05 01:04:47'),
(11680, 32, 1, 46, '2018-06-01 03:14:47'),
(11681, 26, 1, 43, '2018-05-11 19:45:36'),
(11682, 31, 1, 25, '2018-08-09 01:14:37'),
(11683, 20, 1, 42, '2018-02-26 09:34:06'),
(11684, 12, 1, 41, '2017-10-06 04:41:56'),
(11685, 3, 1, 62, '2018-09-19 04:48:49'),
(11686, 35, 1, 60, '2017-11-08 06:15:43'),
(11687, 16, 1, 92, '2018-05-18 21:25:07'),
(11688, 20, 1, 47, '2018-09-17 19:16:01'),
(11689, 25, 1, 41, '2018-05-25 10:37:43'),
(11690, 31, 1, 66, '2018-02-28 15:22:59'),
(11691, 38, 1, 30, '2018-09-11 20:02:54'),
(11692, 11, 1, 85, '2017-10-24 06:18:27'),
(11693, 45, 1, 73, '2018-09-01 12:26:26'),
(11694, 35, 1, 24, '2018-05-30 02:07:11'),
(11695, 1, 1, 76, '2018-04-04 16:31:29'),
(11696, 22, 1, 97, '2018-08-15 05:35:53'),
(11697, 13, 1, 94, '2017-11-11 21:45:40'),
(11698, 6, 1, 62, '2018-03-09 19:39:58'),
(11699, 1, 1, 45, '2017-12-31 02:52:00'),
(11700, 10, 1, 63, '2018-08-16 00:33:08'),
(11701, 27, 1, 24, '2018-08-10 21:12:33'),
(11702, 11, 1, 17, '2018-09-03 21:36:04'),
(11703, 21, 1, 76, '2017-12-25 12:16:28'),
(11704, 44, 1, 63, '2018-03-24 12:57:30'),
(11705, 40, 1, 61, '2018-05-19 06:54:50'),
(11706, 32, 1, 65, '2018-01-08 13:18:54'),
(11707, 10, 1, 22, '2018-05-20 21:31:02'),
(11708, 37, 1, 84, '2018-05-02 16:30:17'),
(11709, 19, 1, 70, '2018-03-08 13:49:59'),
(11710, 31, 1, 34, '2018-02-24 16:14:15'),
(11711, 47, 1, 56, '2018-03-05 05:13:51'),
(11712, 3, 1, 84, '2018-04-05 00:06:51'),
(11713, 8, 1, 39, '2018-07-27 06:29:43'),
(11714, 39, 1, 42, '2018-07-21 11:59:41'),
(11715, 9, 1, 91, '2018-09-05 05:40:32'),
(11716, 40, 1, 33, '2018-02-26 14:15:03'),
(11717, 37, 1, 67, '2018-07-12 07:26:20'),
(11718, 42, 1, 80, '2018-08-17 17:43:23'),
(11719, 42, 1, 61, '2018-07-02 05:05:34'),
(11720, 23, 1, 57, '2018-06-30 05:44:35'),
(11721, 32, 1, 11, '2018-02-09 12:19:11'),
(11722, 32, 1, 20, '2018-03-12 05:42:25'),
(11723, 46, 1, 92, '2018-02-04 07:21:21'),
(11724, 50, 1, 26, '2017-12-14 18:27:54'),
(11725, 14, 1, 34, '2018-02-28 10:40:59'),
(11726, 42, 1, 99, '2017-11-16 07:07:54'),
(11727, 12, 1, 97, '2018-08-18 20:24:08'),
(11728, 11, 1, 95, '2018-06-30 21:16:31'),
(11729, 6, 1, 79, '2017-10-06 01:44:23'),
(11730, 30, 1, 82, '2018-02-14 14:15:23'),
(11731, 41, 1, 70, '2017-11-17 09:15:42'),
(11732, 1, 1, 83, '2017-11-13 22:00:51'),
(11733, 17, 1, 14, '2017-11-21 00:47:30'),
(11734, 25, 1, 93, '2018-09-14 16:35:07'),
(11735, 45, 1, 49, '2018-05-16 06:20:45'),
(11736, 39, 1, 54, '2017-11-12 01:29:00'),
(11737, 13, 1, 85, '2017-12-23 02:51:59'),
(11738, 50, 1, 22, '2018-04-15 10:10:53'),
(11739, 7, 1, 80, '2018-01-05 11:35:43'),
(11740, 17, 1, 29, '2018-04-28 18:32:53'),
(11741, 42, 1, 27, '2018-01-10 17:09:42'),
(11742, 14, 1, 51, '2018-02-08 03:17:23'),
(11743, 43, 1, 24, '2018-04-07 04:03:09'),
(11744, 39, 1, 71, '2017-11-25 18:12:50'),
(11745, 33, 1, 26, '2017-12-29 06:53:04'),
(11746, 44, 1, 10, '2017-12-14 05:16:33'),
(11747, 32, 1, 56, '2018-02-28 01:54:11'),
(11748, 3, 1, 24, '2018-06-02 04:23:37'),
(11749, 38, 1, 64, '2017-11-18 11:42:20'),
(11750, 7, 1, 21, '2018-01-22 17:31:52'),
(11751, 20, 1, 87, '2017-11-02 08:58:09'),
(11752, 17, 1, 78, '2018-05-10 02:13:39'),
(11753, 34, 1, 83, '2018-08-03 19:14:08'),
(11754, 2, 1, 90, '2018-06-29 07:01:31'),
(11755, 21, 1, 63, '2018-05-01 23:42:45'),
(11756, 39, 1, 32, '2018-02-09 02:46:05'),
(11757, 15, 1, 58, '2018-04-10 06:49:37'),
(11758, 34, 1, 98, '2018-09-04 19:33:27'),
(11759, 39, 1, 28, '2017-12-06 12:40:51'),
(11760, 6, 1, 67, '2017-12-25 19:51:22'),
(11761, 3, 1, 59, '2017-11-15 08:57:41'),
(11762, 31, 1, 16, '2018-09-30 06:06:07'),
(11763, 2, 1, 93, '2018-03-25 03:59:22'),
(11764, 3, 1, 15, '2018-03-24 07:17:08'),
(11765, 37, 1, 87, '2018-09-11 16:42:52'),
(11766, 22, 1, 37, '2018-02-01 04:12:38'),
(11767, 3, 1, 81, '2018-06-11 17:23:34'),
(11768, 6, 1, 86, '2018-09-14 19:06:33'),
(11769, 26, 1, 36, '2018-02-08 11:05:14'),
(11770, 5, 1, 20, '2018-03-24 01:23:49'),
(11771, 50, 1, 69, '2018-05-21 23:56:53'),
(11772, 41, 1, 71, '2018-01-04 13:41:41'),
(11773, 6, 1, 75, '2018-07-19 06:35:04'),
(11774, 15, 1, 21, '2018-03-11 04:13:02'),
(11775, 35, 1, 75, '2018-06-20 23:04:21'),
(11776, 21, 1, 88, '2018-05-18 07:35:43'),
(11777, 13, 1, 78, '2017-12-14 21:24:23'),
(11778, 11, 1, 94, '2018-01-26 21:22:43'),
(11779, 47, 1, 17, '2017-11-28 15:58:27'),
(11780, 23, 1, 24, '2018-02-07 05:00:20'),
(11781, 19, 1, 29, '2018-01-10 18:14:10'),
(11782, 15, 1, 27, '2018-03-15 20:21:35'),
(11783, 14, 1, 100, '2017-10-23 02:32:25'),
(11784, 20, 1, 96, '2017-10-05 11:22:40'),
(11785, 46, 1, 32, '2018-07-22 06:40:37'),
(11786, 13, 1, 58, '2018-08-27 17:54:57'),
(11787, 31, 1, 70, '2018-03-12 21:02:48'),
(11788, 34, 1, 40, '2018-02-15 17:28:34'),
(11789, 38, 1, 23, '2018-08-30 09:29:23'),
(11790, 2, 1, 14, '2018-09-12 06:05:03'),
(11791, 33, 1, 79, '2018-05-23 03:47:29'),
(11792, 16, 1, 87, '2018-04-24 10:54:11'),
(11793, 25, 1, 78, '2017-10-08 17:04:18'),
(11794, 30, 1, 24, '2018-01-27 23:56:03'),
(11795, 29, 1, 18, '2018-06-20 04:14:52'),
(11796, 12, 1, 82, '2018-06-13 18:24:17'),
(11797, 43, 1, 85, '2018-03-05 20:48:03'),
(11798, 37, 1, 55, '2018-05-12 01:39:35'),
(11799, 12, 1, 83, '2018-07-02 07:51:06'),
(11800, 31, 1, 89, '2018-06-07 04:38:51'),
(11801, 33, 1, 97, '2018-07-18 14:12:33'),
(11802, 11, 1, 85, '2018-04-23 18:49:32'),
(11803, 4, 1, 32, '2018-03-17 13:07:06'),
(11804, 15, 1, 91, '2018-05-23 18:40:48'),
(11805, 23, 1, 14, '2017-11-12 21:49:12'),
(11806, 29, 1, 60, '2017-11-10 03:01:33'),
(11807, 27, 1, 74, '2018-06-11 20:44:38'),
(11808, 33, 1, 85, '2017-10-02 09:47:24'),
(11809, 10, 1, 80, '2018-07-28 12:14:35'),
(11810, 11, 1, 24, '2018-04-30 21:11:20'),
(11811, 43, 1, 97, '2018-09-08 08:16:32'),
(11812, 25, 1, 26, '2018-03-12 07:53:42'),
(11813, 4, 1, 32, '2018-08-09 17:45:51'),
(11814, 11, 1, 96, '2018-01-05 18:17:32'),
(11815, 40, 1, 57, '2018-07-20 09:38:32'),
(11816, 7, 1, 85, '2017-12-01 06:57:01'),
(11817, 16, 1, 54, '2018-09-01 15:46:43'),
(11818, 17, 1, 43, '2018-03-28 12:30:12'),
(11819, 43, 1, 74, '2018-01-20 19:23:02'),
(11820, 15, 1, 92, '2018-05-25 21:42:23'),
(11821, 8, 1, 83, '2018-05-02 03:50:39'),
(11822, 44, 1, 49, '2017-10-21 07:44:26'),
(11823, 29, 1, 41, '2018-01-18 11:47:35'),
(11824, 3, 1, 37, '2017-12-27 20:22:03'),
(11825, 8, 1, 72, '2018-08-31 06:19:39'),
(11826, 50, 1, 87, '2018-01-08 23:25:10'),
(11827, 48, 1, 44, '2017-12-06 18:00:20'),
(11828, 17, 1, 50, '2017-12-07 02:34:27'),
(11829, 13, 1, 77, '2018-04-23 00:55:45'),
(11830, 2, 1, 43, '2018-06-25 10:48:59'),
(11831, 1, 1, 10, '2017-11-10 10:32:52'),
(11832, 44, 1, 51, '2018-03-03 10:11:16'),
(11833, 9, 1, 76, '2017-10-26 01:28:53'),
(11834, 27, 1, 24, '2018-02-27 11:26:58'),
(11835, 43, 1, 32, '2018-04-05 10:32:49'),
(11836, 44, 1, 26, '2018-01-15 15:46:13'),
(11837, 3, 1, 80, '2017-12-18 13:03:37'),
(11838, 41, 1, 83, '2018-03-01 15:05:12'),
(11839, 7, 1, 12, '2018-02-13 11:36:55'),
(11840, 26, 1, 94, '2018-03-03 21:07:02'),
(11841, 17, 1, 14, '2018-07-03 04:45:12'),
(11842, 8, 1, 56, '2018-01-01 03:50:44'),
(11843, 15, 1, 78, '2018-05-31 13:55:33'),
(11844, 22, 1, 14, '2018-01-25 16:55:50'),
(11845, 43, 1, 98, '2018-01-11 02:26:46'),
(11846, 25, 1, 68, '2017-11-29 00:51:25'),
(11847, 37, 1, 43, '2018-08-26 19:39:47'),
(11848, 41, 1, 70, '2018-05-04 15:31:06'),
(11849, 11, 1, 32, '2018-03-29 11:36:54'),
(11850, 3, 1, 81, '2018-07-04 07:11:46'),
(11851, 12, 1, 43, '2017-10-25 10:52:51'),
(11852, 12, 1, 87, '2018-04-27 20:19:35'),
(11853, 21, 1, 28, '2018-02-23 13:47:48'),
(11854, 42, 1, 61, '2018-02-02 05:23:43'),
(11855, 48, 1, 77, '2018-06-29 08:45:13'),
(11856, 28, 1, 81, '2017-10-01 18:18:13'),
(11857, 12, 1, 45, '2017-12-09 16:24:47'),
(11858, 44, 1, 77, '2018-07-30 04:12:05'),
(11859, 25, 1, 87, '2018-08-10 14:20:00'),
(11860, 4, 1, 75, '2018-03-03 18:51:44'),
(11861, 8, 1, 81, '2017-11-12 14:23:10'),
(11862, 24, 1, 45, '2018-07-10 11:05:19'),
(11863, 50, 1, 24, '2018-09-30 06:05:25'),
(11864, 47, 1, 95, '2018-05-11 04:40:47'),
(11865, 15, 1, 88, '2018-05-14 11:16:32'),
(11866, 4, 1, 35, '2018-08-07 07:46:33'),
(11867, 38, 1, 14, '2018-08-01 18:29:34'),
(11868, 25, 1, 81, '2018-09-07 17:09:58'),
(11869, 16, 1, 47, '2017-10-04 03:40:43'),
(11870, 29, 1, 39, '2018-09-24 17:28:05'),
(11871, 46, 1, 61, '2018-07-14 10:22:10'),
(11872, 38, 1, 91, '2017-10-28 01:00:41'),
(11873, 40, 1, 87, '2018-08-24 04:51:38'),
(11874, 28, 1, 63, '2018-06-01 14:17:08'),
(11875, 50, 1, 78, '2018-03-23 00:53:13'),
(11876, 18, 1, 86, '2018-02-23 02:32:33'),
(11877, 16, 1, 84, '2017-11-14 14:51:40'),
(11878, 24, 1, 24, '2017-12-13 11:21:42'),
(11879, 4, 1, 87, '2018-04-26 12:46:00'),
(11880, 33, 1, 12, '2018-01-06 05:35:13'),
(11881, 23, 1, 30, '2018-02-18 16:32:58'),
(11882, 46, 1, 18, '2018-03-01 07:33:57'),
(11883, 30, 1, 88, '2018-04-15 06:47:24'),
(11884, 26, 1, 36, '2018-09-13 04:34:22'),
(11885, 31, 1, 25, '2017-12-12 04:40:17'),
(11886, 9, 1, 23, '2018-05-14 05:56:49'),
(11887, 12, 1, 26, '2018-08-12 10:12:15'),
(11888, 41, 1, 76, '2018-07-03 23:12:02'),
(11889, 35, 1, 34, '2018-06-14 19:45:49'),
(11890, 29, 1, 80, '2017-11-22 07:10:08'),
(11891, 1, 1, 43, '2017-12-02 17:23:26'),
(11892, 1, 1, 59, '2017-12-16 13:56:53'),
(11893, 33, 1, 60, '2018-04-22 06:15:34'),
(11894, 34, 1, 53, '2018-05-11 21:17:24'),
(11895, 26, 1, 67, '2018-09-08 01:21:35'),
(11896, 46, 1, 37, '2017-12-07 10:41:57'),
(11897, 6, 1, 66, '2017-10-11 07:42:00'),
(11898, 49, 1, 31, '2018-02-24 18:46:17'),
(11899, 21, 1, 68, '2018-03-31 01:56:31'),
(11900, 24, 1, 25, '2018-08-08 00:52:03'),
(11901, 29, 1, 96, '2018-09-17 00:28:14'),
(11902, 50, 1, 74, '2018-04-12 19:25:01'),
(11903, 37, 1, 66, '2018-09-01 07:38:08'),
(11904, 21, 1, 64, '2017-10-19 04:00:00'),
(11905, 39, 1, 26, '2018-01-07 13:15:33'),
(11906, 30, 1, 82, '2017-12-04 22:19:01'),
(11907, 6, 1, 84, '2018-07-01 08:09:55'),
(11908, 24, 1, 71, '2018-05-02 07:52:49'),
(11909, 14, 1, 52, '2018-01-26 12:35:18'),
(11910, 18, 1, 32, '2018-03-16 11:07:02'),
(11911, 47, 1, 40, '2017-10-11 19:22:06'),
(11912, 13, 1, 63, '2018-03-21 14:48:54'),
(11913, 18, 1, 73, '2017-11-25 01:34:24'),
(11914, 33, 1, 27, '2018-08-07 22:15:01'),
(11915, 27, 1, 94, '2017-11-27 05:22:26'),
(11916, 35, 1, 45, '2018-07-29 20:10:54'),
(11917, 43, 1, 45, '2018-03-20 13:26:55'),
(11918, 24, 1, 47, '2018-03-07 23:42:01'),
(11919, 49, 1, 72, '2017-12-16 05:16:44'),
(11920, 31, 1, 73, '2018-09-03 16:31:26'),
(11921, 22, 1, 48, '2018-09-29 08:50:12'),
(11922, 11, 1, 33, '2018-01-31 04:48:14'),
(11923, 4, 1, 88, '2017-12-01 21:23:10'),
(11924, 13, 1, 13, '2018-07-02 19:06:58'),
(11925, 10, 1, 51, '2018-02-04 09:54:23'),
(11926, 42, 1, 49, '2017-11-04 15:37:25'),
(11927, 29, 1, 63, '2018-03-11 02:26:28'),
(11928, 22, 1, 56, '2017-10-24 21:12:46'),
(11929, 43, 1, 29, '2018-01-21 11:17:01'),
(11930, 6, 1, 87, '2017-12-10 18:50:16'),
(11931, 32, 1, 99, '2018-08-13 18:17:26'),
(11932, 14, 1, 86, '2018-05-09 20:56:05'),
(11933, 43, 1, 45, '2017-10-21 02:51:55'),
(11934, 19, 1, 62, '2018-06-12 02:47:26'),
(11935, 14, 1, 71, '2018-03-31 16:09:43'),
(11936, 39, 1, 60, '2018-06-04 10:16:25'),
(11937, 30, 1, 75, '2017-12-12 04:19:57'),
(11938, 20, 1, 40, '2018-08-12 17:18:25'),
(11939, 7, 1, 32, '2018-06-07 06:47:24'),
(11940, 12, 1, 11, '2018-02-04 12:07:39'),
(11941, 30, 1, 91, '2018-08-02 20:56:59'),
(11942, 25, 1, 31, '2017-11-10 04:30:26'),
(11943, 6, 1, 28, '2018-08-21 10:57:09'),
(11944, 22, 1, 84, '2018-06-05 21:26:54'),
(11945, 42, 1, 70, '2018-01-03 07:20:07'),
(11946, 32, 1, 45, '2017-12-25 23:35:50'),
(11947, 34, 1, 76, '2018-09-13 21:56:00'),
(11948, 43, 1, 77, '2018-01-20 23:35:41'),
(11949, 27, 1, 19, '2018-07-09 04:17:50'),
(11950, 3, 1, 73, '2018-04-28 06:47:23'),
(11951, 25, 1, 55, '2018-03-17 20:33:52'),
(11952, 16, 1, 10, '2018-04-10 16:28:10'),
(11953, 12, 1, 79, '2018-04-11 00:22:58'),
(11954, 28, 1, 25, '2018-05-19 14:17:16'),
(11955, 21, 1, 45, '2017-10-30 23:00:43'),
(11956, 43, 1, 55, '2018-08-10 12:23:12'),
(11957, 42, 1, 28, '2018-05-05 04:57:41'),
(11958, 33, 1, 94, '2018-02-28 18:29:32'),
(11959, 50, 1, 20, '2018-02-10 21:50:54'),
(11960, 41, 1, 21, '2017-10-27 03:55:18'),
(11961, 30, 1, 91, '2018-08-20 04:04:09'),
(11962, 8, 1, 81, '2018-09-14 04:27:22'),
(11963, 44, 1, 29, '2018-05-26 17:56:31'),
(11964, 48, 1, 51, '2018-09-27 23:49:32'),
(11965, 23, 1, 88, '2018-03-17 04:03:10'),
(11966, 15, 1, 27, '2018-07-06 16:06:36'),
(11967, 30, 1, 79, '2017-10-27 17:04:33'),
(11968, 41, 1, 63, '2017-11-05 13:38:01'),
(11969, 36, 1, 91, '2017-10-23 03:46:38'),
(11970, 4, 1, 52, '2018-09-06 19:53:40'),
(11971, 49, 1, 93, '2017-10-20 13:14:54'),
(11972, 37, 1, 88, '2017-12-21 09:11:31'),
(11973, 19, 1, 74, '2018-01-16 15:38:59'),
(11974, 20, 1, 55, '2018-03-31 09:27:25'),
(11975, 44, 1, 21, '2018-01-21 23:59:05'),
(11976, 31, 1, 35, '2018-09-28 00:35:36'),
(11977, 14, 1, 90, '2018-02-26 14:42:11'),
(11978, 15, 1, 80, '2017-10-31 17:50:21'),
(11979, 11, 1, 68, '2018-02-13 16:51:36'),
(11980, 21, 1, 12, '2017-10-17 15:10:40'),
(11981, 45, 1, 23, '2017-11-20 16:00:00'),
(11982, 26, 1, 30, '2017-12-14 05:05:34'),
(11983, 45, 1, 38, '2018-09-03 22:41:15'),
(11984, 6, 1, 67, '2018-08-28 09:02:47'),
(11985, 50, 1, 34, '2018-08-21 11:27:20'),
(11986, 14, 1, 33, '2018-02-04 13:28:21'),
(11987, 22, 1, 61, '2018-03-21 12:37:51'),
(11988, 8, 1, 20, '2017-12-03 07:08:57'),
(11989, 2, 1, 66, '2017-12-11 15:34:07'),
(11990, 49, 1, 65, '2018-08-09 01:46:34'),
(11991, 1, 1, 47, '2018-08-18 15:02:38'),
(11992, 36, 1, 56, '2018-02-05 18:09:42'),
(11993, 21, 1, 80, '2018-08-01 18:37:57'),
(11994, 23, 1, 75, '2017-12-31 10:45:29'),
(11995, 1, 1, 49, '2017-12-07 03:17:38'),
(11996, 38, 1, 31, '2018-09-25 07:58:46'),
(11997, 32, 1, 13, '2018-05-04 15:09:18'),
(11998, 4, 1, 48, '2017-11-24 13:13:30'),
(11999, 33, 1, 90, '2017-12-17 17:11:59'),
(12000, 26, 1, 55, '2018-07-10 17:50:27'),
(12001, 19, 1, 66, '2017-10-05 03:23:15'),
(12002, 4, 1, 48, '2017-10-18 15:16:15'),
(12003, 37, 1, 41, '2018-06-16 20:56:24'),
(12004, 45, 1, 81, '2018-09-03 15:20:41'),
(12005, 15, 1, 25, '2017-10-04 11:07:08'),
(12006, 40, 1, 98, '2017-12-04 13:12:11'),
(12007, 11, 1, 88, '2018-05-20 09:03:55'),
(12008, 39, 1, 17, '2018-05-15 00:52:54'),
(12009, 44, 1, 84, '2018-04-04 17:37:00'),
(12010, 37, 1, 40, '2017-11-15 06:03:11'),
(12011, 39, 1, 89, '2017-12-02 17:35:20'),
(12012, 43, 1, 43, '2018-10-01 04:27:40'),
(12013, 22, 1, 35, '2018-08-14 08:26:31'),
(12014, 41, 1, 62, '2017-10-17 17:50:42'),
(12015, 29, 1, 92, '2018-05-05 09:36:21'),
(12016, 1, 1, 78, '2018-10-01 02:02:37'),
(12017, 38, 1, 31, '2017-12-31 02:59:02'),
(12018, 46, 1, 58, '2017-11-05 09:56:40'),
(12019, 38, 1, 96, '2017-10-09 10:16:54'),
(12020, 49, 1, 74, '2018-04-16 03:43:45'),
(12021, 32, 1, 61, '2017-10-24 00:44:21'),
(12022, 22, 1, 91, '2018-02-16 03:39:17'),
(12023, 34, 1, 64, '2018-06-17 02:02:30'),
(12024, 45, 1, 71, '2018-08-25 07:10:01'),
(12025, 37, 1, 73, '2018-05-15 03:23:43'),
(12026, 13, 1, 44, '2018-07-03 23:53:38'),
(12027, 50, 1, 56, '2018-08-21 18:54:54'),
(12028, 45, 1, 96, '2017-12-04 05:12:26'),
(12029, 5, 1, 85, '2017-12-19 07:27:03'),
(12030, 6, 1, 95, '2018-08-25 05:43:59'),
(12031, 19, 1, 86, '2018-01-14 21:32:55'),
(12032, 25, 1, 90, '2018-02-14 01:44:20'),
(12033, 7, 1, 60, '2018-05-20 07:56:42'),
(12034, 32, 1, 51, '2018-07-21 05:54:45'),
(12035, 7, 1, 85, '2018-06-15 11:30:26'),
(12036, 17, 1, 99, '2018-06-07 18:13:19'),
(12037, 36, 1, 19, '2018-09-19 15:37:10'),
(12038, 6, 1, 53, '2018-04-25 06:47:01'),
(12039, 45, 1, 19, '2018-05-12 05:57:43'),
(12040, 38, 1, 27, '2017-11-23 14:16:09'),
(12041, 19, 1, 34, '2018-08-25 04:59:47'),
(12042, 16, 1, 55, '2018-08-19 06:38:13'),
(12043, 8, 1, 67, '2018-05-01 20:45:29'),
(12044, 6, 1, 84, '2018-02-28 20:26:06'),
(12045, 1, 1, 78, '2018-05-09 10:00:45'),
(12046, 24, 1, 66, '2018-09-16 12:43:34'),
(12047, 1, 1, 88, '2018-02-16 06:48:04'),
(12048, 35, 1, 82, '2018-03-24 08:35:23'),
(12049, 31, 1, 78, '2017-12-25 23:13:18'),
(12050, 46, 1, 78, '2018-06-24 16:52:33'),
(12051, 43, 1, 90, '2017-12-06 22:50:16'),
(12052, 35, 1, 47, '2018-07-14 03:52:34'),
(12053, 10, 1, 20, '2018-05-23 03:45:28'),
(12054, 19, 1, 63, '2017-11-24 06:09:14'),
(12055, 32, 1, 66, '2018-03-23 11:16:29'),
(12056, 32, 1, 32, '2018-07-15 04:15:27'),
(12057, 35, 1, 25, '2018-07-12 23:56:21'),
(12058, 27, 1, 47, '2018-08-12 22:32:24'),
(12059, 44, 1, 22, '2017-10-17 17:21:29'),
(12060, 18, 1, 66, '2018-03-29 01:51:09'),
(12061, 27, 1, 86, '2018-04-20 05:37:22'),
(12062, 42, 1, 76, '2017-10-23 06:45:27'),
(12063, 10, 1, 50, '2018-09-14 01:55:19'),
(12064, 14, 1, 27, '2017-11-08 20:35:28'),
(12065, 9, 1, 42, '2018-09-24 14:08:40'),
(12066, 5, 1, 45, '2017-11-27 10:28:58'),
(12067, 17, 1, 38, '2018-04-25 16:49:37'),
(12068, 18, 1, 74, '2018-04-05 08:59:22'),
(12069, 28, 1, 84, '2018-03-20 16:25:18'),
(12070, 34, 1, 83, '2018-05-01 07:34:39'),
(12071, 41, 1, 40, '2018-01-08 01:02:34'),
(12072, 17, 1, 17, '2017-12-04 04:45:37'),
(12073, 42, 1, 36, '2018-03-02 08:40:35'),
(12074, 50, 1, 58, '2018-01-08 05:49:07'),
(12075, 43, 1, 100, '2017-11-27 12:27:41'),
(12076, 1, 1, 20, '2018-03-09 06:53:14'),
(12077, 27, 1, 23, '2017-12-18 08:00:30'),
(12078, 8, 1, 23, '2017-10-17 18:48:45'),
(12079, 5, 1, 30, '2018-01-23 18:01:35'),
(12080, 22, 1, 58, '2018-04-15 05:51:21'),
(12081, 15, 1, 17, '2018-05-13 09:29:21'),
(12082, 49, 1, 72, '2018-02-10 08:24:09'),
(12083, 2, 1, 46, '2018-09-30 01:03:40'),
(12084, 3, 1, 44, '2017-10-21 02:56:11'),
(12085, 8, 1, 53, '2017-10-16 15:45:44'),
(12086, 11, 1, 23, '2018-06-03 20:59:18'),
(12087, 30, 1, 92, '2018-04-14 05:14:13'),
(12088, 35, 1, 100, '2018-04-17 18:25:57'),
(12089, 49, 1, 88, '2018-02-05 16:38:31'),
(12090, 47, 1, 10, '2018-05-10 09:53:26'),
(12091, 15, 1, 90, '2018-05-10 00:15:54'),
(12092, 9, 1, 35, '2018-08-11 23:00:07'),
(12093, 13, 1, 91, '2018-05-17 02:01:27'),
(12094, 47, 1, 15, '2018-09-18 01:42:36'),
(12095, 48, 1, 79, '2018-09-21 21:51:54'),
(12096, 12, 1, 40, '2017-10-04 14:37:05'),
(12097, 3, 1, 42, '2018-03-10 02:42:10'),
(12098, 48, 1, 12, '2018-09-06 10:29:22'),
(12099, 47, 1, 25, '2018-01-12 08:04:09'),
(12100, 30, 1, 53, '2018-04-17 16:02:39'),
(12101, 19, 1, 13, '2018-01-10 11:49:15'),
(12102, 47, 1, 79, '2017-10-19 07:50:04'),
(12103, 33, 1, 21, '2018-02-18 13:13:32'),
(12104, 25, 1, 20, '2018-09-03 02:42:11'),
(12105, 30, 1, 44, '2018-05-20 07:55:26'),
(12106, 17, 1, 83, '2018-08-03 02:24:33'),
(12107, 25, 1, 100, '2017-12-25 14:11:43'),
(12108, 44, 1, 74, '2017-11-25 13:14:25'),
(12109, 31, 1, 46, '2017-12-14 23:09:48'),
(12110, 14, 1, 34, '2018-08-03 05:02:09'),
(12111, 43, 1, 95, '2018-05-18 23:53:24'),
(12112, 24, 1, 24, '2018-06-01 12:21:28'),
(12113, 43, 1, 52, '2018-08-04 09:10:26'),
(12114, 26, 1, 68, '2018-08-19 23:08:50'),
(12115, 11, 1, 45, '2018-01-26 07:31:19'),
(12116, 47, 1, 54, '2018-05-04 23:48:36'),
(12117, 16, 1, 95, '2018-02-06 09:40:54'),
(12118, 32, 1, 46, '2017-12-08 10:31:12'),
(12119, 49, 1, 45, '2018-03-09 05:26:37'),
(12120, 23, 1, 39, '2018-01-21 03:49:51'),
(12121, 39, 1, 14, '2018-06-14 17:54:08'),
(12122, 45, 1, 74, '2018-05-25 05:40:51'),
(12123, 30, 1, 83, '2018-05-26 18:29:27'),
(12124, 35, 1, 15, '2018-03-02 02:06:14'),
(12125, 32, 1, 12, '2018-04-17 19:43:57'),
(12126, 37, 1, 52, '2018-06-17 23:01:33'),
(12127, 40, 1, 77, '2017-11-21 08:25:30'),
(12128, 9, 1, 90, '2017-12-11 00:04:33'),
(12129, 43, 1, 66, '2017-12-07 04:55:49'),
(12130, 8, 1, 23, '2017-11-20 06:23:19'),
(12131, 15, 1, 87, '2018-03-09 05:00:59'),
(12132, 19, 1, 72, '2017-11-06 07:15:19'),
(12133, 3, 1, 71, '2017-12-24 16:31:55'),
(12134, 50, 1, 45, '2018-04-06 18:44:55'),
(12135, 42, 1, 59, '2018-07-01 16:39:29'),
(12136, 17, 1, 16, '2017-11-25 08:01:38'),
(12137, 34, 1, 33, '2017-11-29 08:16:13'),
(12138, 30, 1, 74, '2017-12-04 19:01:05'),
(12139, 50, 1, 57, '2018-03-29 15:23:27'),
(12140, 18, 1, 89, '2018-04-26 01:15:48'),
(12141, 23, 1, 11, '2018-02-13 16:18:29'),
(12142, 38, 1, 27, '2018-03-14 22:14:44'),
(12143, 35, 1, 47, '2017-12-17 17:00:57'),
(12144, 2, 1, 45, '2018-05-09 15:33:00'),
(12145, 45, 1, 75, '2018-07-15 03:50:08'),
(12146, 17, 1, 57, '2018-04-23 18:31:14'),
(12147, 31, 1, 16, '2017-12-08 22:07:58'),
(12148, 32, 1, 18, '2018-08-13 21:42:55'),
(12149, 29, 1, 93, '2018-01-22 03:35:37'),
(12150, 50, 1, 65, '2018-03-28 09:09:55'),
(12151, 29, 1, 31, '2018-06-22 20:42:14'),
(12152, 37, 1, 65, '2017-10-11 21:25:07'),
(12153, 45, 1, 10, '2018-05-20 01:36:21'),
(12154, 28, 1, 72, '2018-08-09 13:09:28'),
(12155, 18, 1, 92, '2018-03-04 07:08:35'),
(12156, 1, 1, 96, '2017-12-20 20:39:43'),
(12157, 12, 1, 47, '2017-11-18 00:35:23'),
(12158, 27, 1, 22, '2017-10-26 18:46:49'),
(12159, 33, 1, 57, '2018-01-12 10:53:26'),
(12160, 19, 1, 19, '2018-03-19 04:48:58'),
(12161, 50, 1, 52, '2018-06-14 17:39:08'),
(12162, 33, 1, 22, '2018-05-13 09:14:47'),
(12163, 44, 1, 32, '2018-08-01 06:52:05'),
(12164, 35, 1, 39, '2018-08-27 15:08:31'),
(12165, 26, 1, 10, '2018-08-25 17:52:29'),
(12166, 22, 1, 28, '2018-09-21 13:38:59'),
(12167, 16, 1, 57, '2018-01-12 18:46:07'),
(12168, 4, 1, 78, '2018-07-22 09:20:15'),
(12169, 30, 1, 42, '2017-11-12 18:15:51'),
(12170, 40, 1, 43, '2018-01-12 16:17:27'),
(12171, 45, 1, 19, '2018-01-19 20:04:40'),
(12172, 38, 1, 85, '2018-04-08 23:28:34'),
(12173, 16, 1, 88, '2018-07-18 05:42:31'),
(12174, 17, 1, 31, '2017-10-23 04:40:37'),
(12175, 16, 1, 39, '2018-08-19 02:57:39'),
(12176, 38, 1, 98, '2018-04-11 05:24:44'),
(12177, 7, 1, 54, '2017-12-08 05:39:10'),
(12178, 30, 1, 31, '2017-11-26 06:11:54'),
(12179, 50, 1, 52, '2017-11-06 15:57:43'),
(12180, 18, 1, 71, '2017-11-12 00:24:27'),
(12181, 4, 1, 22, '2018-06-11 20:41:56'),
(12182, 18, 1, 30, '2017-11-08 19:01:13'),
(12183, 34, 1, 24, '2017-10-24 23:50:00'),
(12184, 11, 1, 74, '2017-12-12 20:49:45'),
(12185, 37, 1, 67, '2018-01-09 00:18:32'),
(12186, 16, 1, 49, '2018-01-23 03:18:34'),
(12187, 6, 1, 93, '2017-11-18 14:15:28'),
(12188, 13, 1, 33, '2017-12-30 19:49:38'),
(12189, 9, 1, 85, '2018-06-17 00:57:00'),
(12190, 50, 1, 69, '2017-11-11 03:42:23'),
(12191, 13, 1, 100, '2017-11-08 17:04:39'),
(12192, 32, 1, 62, '2017-10-18 01:05:44'),
(12193, 33, 1, 96, '2018-08-16 11:42:08'),
(12194, 6, 1, 38, '2018-04-19 00:58:51'),
(12195, 38, 1, 64, '2018-09-29 13:24:41'),
(12196, 16, 1, 43, '2018-01-13 23:01:22'),
(12197, 48, 1, 44, '2017-10-13 20:54:05'),
(12198, 24, 1, 80, '2017-12-11 13:45:06'),
(12199, 1, 1, 57, '2017-11-27 16:21:37'),
(12200, 10, 1, 35, '2018-06-04 10:55:45'),
(12201, 49, 1, 83, '2018-03-03 21:29:58'),
(12202, 42, 1, 90, '2018-04-26 15:56:14'),
(12203, 4, 1, 54, '2017-10-26 23:14:51'),
(12204, 17, 1, 20, '2018-07-14 01:49:54'),
(12205, 38, 1, 76, '2018-01-12 17:24:04'),
(12206, 42, 1, 63, '2018-03-27 12:32:52'),
(12207, 37, 1, 46, '2018-01-14 19:45:08'),
(12208, 30, 1, 51, '2018-08-01 19:58:33'),
(12209, 38, 1, 96, '2017-10-02 01:07:56'),
(12210, 6, 1, 19, '2018-04-26 04:07:28'),
(12211, 3, 1, 54, '2017-10-22 14:08:04'),
(12212, 40, 1, 23, '2018-01-17 20:59:56'),
(12213, 35, 1, 32, '2018-06-02 13:42:44'),
(12214, 26, 1, 87, '2017-10-15 22:59:36'),
(12215, 2, 1, 81, '2018-06-09 15:55:14'),
(12216, 10, 1, 96, '2017-12-10 12:17:01'),
(12217, 48, 1, 89, '2018-07-21 00:33:04'),
(12218, 32, 1, 88, '2018-07-16 21:22:25'),
(12219, 37, 1, 66, '2018-04-27 23:33:20'),
(12220, 7, 1, 46, '2018-05-11 03:16:21'),
(12221, 20, 1, 58, '2018-04-12 15:09:40'),
(12222, 14, 1, 76, '2018-07-07 18:23:49'),
(12223, 50, 1, 21, '2017-11-18 08:29:11'),
(12224, 17, 1, 41, '2018-05-09 00:09:41'),
(12225, 29, 1, 64, '2018-08-21 22:26:26'),
(12226, 3, 1, 75, '2017-12-01 23:57:04'),
(12227, 31, 1, 100, '2017-10-12 12:28:27'),
(12228, 3, 1, 100, '2018-08-09 07:15:18'),
(12229, 11, 1, 47, '2018-04-07 05:44:58'),
(12230, 46, 1, 62, '2018-03-07 20:17:52'),
(12231, 8, 1, 46, '2018-04-08 15:20:42'),
(12232, 13, 1, 61, '2017-10-09 07:35:04'),
(12233, 27, 1, 32, '2018-04-30 02:54:16'),
(12234, 47, 1, 50, '2018-04-29 20:30:57'),
(12235, 44, 1, 12, '2018-07-07 23:30:53'),
(12236, 23, 1, 16, '2017-11-09 05:06:35'),
(12237, 23, 1, 60, '2017-12-18 04:46:00'),
(12238, 10, 1, 75, '2018-07-30 05:26:13'),
(12239, 37, 1, 92, '2018-02-27 23:56:48'),
(12240, 3, 1, 35, '2018-08-01 00:22:20'),
(12241, 38, 1, 37, '2018-03-10 02:44:20'),
(12242, 23, 1, 49, '2018-03-10 01:24:36'),
(12243, 6, 1, 12, '2018-01-26 10:21:16'),
(12244, 3, 1, 46, '2017-10-22 19:53:06'),
(12245, 17, 1, 35, '2018-06-11 22:21:45'),
(12246, 48, 1, 41, '2018-02-24 19:40:37'),
(12247, 2, 1, 77, '2017-11-25 20:52:26'),
(12248, 8, 1, 35, '2018-07-23 16:06:25'),
(12249, 9, 1, 67, '2018-01-02 17:43:17'),
(12250, 25, 1, 31, '2018-09-11 10:44:11'),
(12251, 21, 1, 29, '2018-02-12 02:50:08'),
(12252, 27, 1, 87, '2018-05-16 14:52:01'),
(12253, 35, 1, 27, '2018-07-04 03:01:57'),
(12254, 31, 1, 17, '2018-06-27 15:02:56'),
(12255, 19, 1, 57, '2018-08-07 13:55:02'),
(12256, 36, 1, 18, '2017-12-28 09:07:42'),
(12257, 44, 1, 36, '2018-01-03 16:50:57'),
(12258, 23, 1, 13, '2018-05-08 04:01:52'),
(12259, 12, 1, 97, '2018-04-04 04:43:34'),
(12260, 23, 1, 74, '2018-06-18 18:21:06'),
(12261, 46, 1, 63, '2018-03-21 17:07:36'),
(12262, 29, 1, 68, '2018-05-17 00:59:46'),
(12263, 17, 1, 85, '2018-07-07 20:18:43'),
(12264, 47, 1, 74, '2017-12-08 15:39:05'),
(12265, 34, 1, 33, '2018-08-13 17:29:24'),
(12266, 33, 1, 79, '2017-12-07 00:10:45'),
(12267, 6, 1, 46, '2017-10-20 21:50:51'),
(12268, 40, 1, 65, '2018-09-17 01:28:52'),
(12269, 31, 1, 28, '2017-12-08 10:18:34'),
(12270, 40, 1, 32, '2018-06-06 13:21:39'),
(12271, 18, 1, 49, '2017-10-18 18:48:20'),
(12272, 7, 1, 97, '2017-10-12 10:19:33'),
(12273, 11, 1, 25, '2017-11-23 22:56:49'),
(12274, 9, 1, 66, '2018-04-23 08:05:24'),
(12275, 26, 1, 47, '2018-02-11 10:07:45'),
(12276, 29, 1, 55, '2018-01-18 01:10:59'),
(12277, 11, 1, 89, '2018-08-02 07:46:07'),
(12278, 46, 1, 98, '2018-09-29 02:53:31'),
(12279, 2, 1, 23, '2017-10-25 10:23:46'),
(12280, 49, 1, 76, '2018-01-28 19:40:03'),
(12281, 6, 1, 39, '2018-08-21 06:01:49'),
(12282, 45, 1, 98, '2018-09-09 02:36:23'),
(12283, 37, 1, 82, '2018-09-27 20:22:40'),
(12284, 12, 1, 26, '2017-12-10 22:28:34'),
(12285, 20, 1, 45, '2018-04-28 04:37:22'),
(12286, 16, 1, 65, '2018-03-31 08:42:15'),
(12287, 20, 1, 16, '2017-12-12 08:49:38'),
(12288, 29, 1, 12, '2018-02-07 02:39:19'),
(12289, 24, 1, 52, '2018-03-12 09:42:02'),
(12290, 40, 1, 47, '2018-02-18 20:18:13'),
(12291, 5, 1, 36, '2018-02-11 13:38:16'),
(12292, 39, 1, 37, '2018-06-11 19:51:27'),
(12293, 31, 1, 84, '2017-10-20 21:32:02'),
(12294, 32, 1, 99, '2017-12-30 04:12:31'),
(12295, 32, 1, 87, '2018-05-26 00:27:04'),
(12296, 35, 1, 33, '2018-09-12 20:30:58'),
(12297, 21, 1, 10, '2018-06-12 05:36:04'),
(12298, 38, 1, 45, '2018-01-04 09:01:49'),
(12299, 23, 1, 67, '2018-01-27 17:35:08'),
(12300, 41, 1, 83, '2018-02-20 09:55:09'),
(12301, 46, 1, 11, '2018-01-24 19:15:35'),
(12302, 35, 1, 34, '2018-09-06 19:08:41'),
(12303, 46, 1, 12, '2018-08-02 02:11:50'),
(12304, 38, 1, 89, '2018-06-02 03:05:54'),
(12305, 16, 1, 51, '2018-01-16 18:57:40'),
(12306, 5, 1, 37, '2018-03-29 19:23:15'),
(12307, 10, 1, 56, '2018-05-14 12:38:24'),
(12308, 14, 1, 84, '2017-10-04 01:33:47'),
(12309, 39, 1, 23, '2018-08-26 00:24:58'),
(12310, 43, 1, 74, '2018-06-10 16:07:19'),
(12311, 31, 1, 98, '2017-10-29 01:38:50'),
(12312, 45, 1, 45, '2018-01-26 23:01:09'),
(12313, 37, 1, 43, '2017-12-23 16:17:26'),
(12314, 31, 1, 90, '2018-07-01 19:42:26'),
(12315, 10, 1, 19, '2018-05-17 04:59:36'),
(12316, 40, 1, 100, '2018-02-26 10:58:16'),
(12317, 32, 1, 30, '2018-06-23 11:07:19'),
(12318, 32, 1, 18, '2018-03-20 17:13:24'),
(12319, 24, 1, 60, '2018-06-20 15:55:16'),
(12320, 49, 1, 64, '2018-02-07 13:27:40'),
(12321, 29, 1, 31, '2018-04-21 09:59:15'),
(12322, 26, 1, 64, '2018-03-15 19:12:57'),
(12323, 17, 1, 92, '2017-11-22 14:59:18'),
(12324, 27, 1, 79, '2018-07-14 04:06:21'),
(12325, 8, 1, 40, '2018-05-20 13:17:46'),
(12326, 47, 1, 85, '2017-10-05 04:40:31'),
(12327, 38, 1, 48, '2018-08-29 12:07:20'),
(12328, 49, 1, 81, '2018-06-25 19:31:09'),
(12329, 29, 1, 37, '2018-08-16 05:53:28'),
(12330, 38, 1, 50, '2017-10-26 18:44:30'),
(12331, 6, 1, 63, '2017-10-02 23:44:27'),
(12332, 44, 1, 28, '2017-12-03 09:55:56'),
(12333, 36, 1, 97, '2018-03-13 10:23:46'),
(12334, 34, 1, 74, '2017-12-05 02:53:58'),
(12335, 47, 1, 89, '2018-02-13 04:52:54'),
(12336, 7, 1, 73, '2017-12-31 16:23:31'),
(12337, 13, 1, 97, '2017-10-24 19:36:47'),
(12338, 23, 1, 41, '2018-07-15 12:45:04'),
(12339, 2, 1, 87, '2018-02-18 16:21:58'),
(12340, 42, 1, 84, '2018-09-14 21:34:25'),
(12341, 39, 1, 97, '2018-04-30 20:55:40'),
(12342, 8, 1, 18, '2018-02-26 03:41:06'),
(12343, 36, 1, 71, '2017-12-15 17:44:03'),
(12344, 14, 1, 18, '2018-02-27 18:20:58'),
(12345, 39, 1, 34, '2018-05-15 21:11:01'),
(12346, 31, 1, 15, '2018-02-21 01:07:54'),
(12347, 12, 1, 77, '2018-01-18 05:51:31'),
(12348, 29, 1, 20, '2017-10-04 22:10:12'),
(12349, 38, 1, 64, '2017-11-28 02:45:27'),
(12350, 21, 1, 43, '2017-12-07 16:15:42'),
(12351, 27, 1, 40, '2018-09-22 21:56:41'),
(12352, 2, 1, 35, '2017-12-19 01:56:47'),
(12353, 46, 1, 92, '2018-04-09 09:34:52'),
(12354, 45, 1, 33, '2017-12-09 11:36:30'),
(12355, 44, 1, 92, '2018-07-06 05:49:00'),
(12356, 42, 1, 80, '2018-08-23 11:28:16'),
(12357, 12, 1, 23, '2017-11-08 01:26:43'),
(12358, 10, 1, 88, '2017-10-02 22:34:12'),
(12359, 34, 1, 97, '2018-01-25 11:25:59'),
(12360, 36, 1, 91, '2018-06-02 03:13:42'),
(12361, 35, 1, 17, '2018-05-08 17:27:35'),
(12362, 13, 1, 41, '2017-11-30 13:38:30'),
(12363, 32, 1, 66, '2018-04-09 03:18:12'),
(12364, 12, 1, 63, '2018-01-07 19:53:21'),
(12365, 41, 1, 12, '2018-09-04 10:23:17'),
(12366, 44, 1, 14, '2018-02-10 07:57:39'),
(12367, 5, 1, 75, '2018-07-19 22:34:17'),
(12368, 45, 1, 83, '2018-05-21 14:13:51'),
(12369, 42, 1, 77, '2018-01-27 13:48:02'),
(12370, 19, 1, 90, '2018-03-05 22:33:07'),
(12371, 21, 1, 48, '2017-11-23 04:35:18'),
(12372, 35, 1, 56, '2018-07-29 04:28:06'),
(12373, 27, 1, 94, '2018-02-04 18:33:06'),
(12374, 13, 1, 33, '2018-01-11 02:18:51'),
(12375, 50, 1, 51, '2017-10-18 02:08:53'),
(12376, 9, 1, 81, '2018-08-09 01:48:21'),
(12377, 28, 1, 72, '2017-10-20 06:05:34'),
(12378, 50, 1, 56, '2018-03-25 02:28:58'),
(12379, 6, 1, 99, '2018-06-20 18:24:02'),
(12380, 38, 1, 14, '2018-06-10 10:40:15'),
(12381, 28, 1, 60, '2018-07-22 19:26:31'),
(12382, 33, 1, 33, '2018-03-01 01:01:15'),
(12383, 12, 1, 91, '2017-11-14 17:28:31'),
(12384, 20, 1, 43, '2018-07-13 12:52:45'),
(12385, 43, 1, 23, '2018-04-22 21:20:57'),
(12386, 5, 1, 71, '2017-10-03 01:11:13'),
(12387, 43, 1, 41, '2017-10-10 12:36:02'),
(12388, 1, 1, 79, '2018-01-13 21:11:48'),
(12389, 11, 1, 100, '2018-03-30 05:36:53'),
(12390, 22, 1, 95, '2018-06-11 18:01:50'),
(12391, 22, 1, 82, '2018-01-15 16:08:58'),
(12392, 49, 1, 81, '2018-03-14 04:12:20'),
(12393, 5, 1, 23, '2018-02-06 07:25:02'),
(12394, 50, 1, 27, '2018-09-30 01:50:47'),
(12395, 4, 1, 96, '2018-09-20 07:24:08'),
(12396, 25, 1, 87, '2018-09-06 04:36:16'),
(12397, 15, 1, 19, '2018-03-26 00:23:12'),
(12398, 45, 1, 78, '2018-04-13 07:45:04'),
(12399, 11, 1, 26, '2018-01-21 01:28:22'),
(12400, 21, 1, 45, '2018-09-19 22:49:37'),
(12401, 7, 1, 75, '2018-08-08 07:31:02'),
(12402, 21, 1, 89, '2018-04-12 09:47:05'),
(12403, 26, 1, 25, '2018-01-31 08:39:47'),
(12404, 36, 1, 40, '2018-05-18 16:14:47'),
(12405, 34, 1, 26, '2017-11-25 04:33:11'),
(12406, 41, 1, 33, '2018-04-06 23:44:36'),
(12407, 24, 1, 18, '2017-12-19 15:29:55'),
(12408, 43, 1, 35, '2018-02-05 05:10:25'),
(12409, 34, 1, 60, '2018-07-07 07:11:25'),
(12410, 26, 1, 22, '2017-10-29 20:39:55'),
(12411, 17, 1, 76, '2018-04-16 16:36:12'),
(12412, 32, 1, 81, '2018-03-30 00:05:04'),
(12413, 12, 1, 56, '2017-12-20 16:08:06'),
(12414, 34, 1, 64, '2018-01-02 21:56:53'),
(12415, 20, 1, 26, '2017-10-27 08:46:27'),
(12416, 47, 1, 91, '2018-06-18 18:22:42'),
(12417, 8, 1, 90, '2017-10-04 04:28:29'),
(12418, 34, 1, 34, '2018-03-16 16:25:44'),
(12419, 5, 1, 35, '2018-02-17 21:14:00'),
(12420, 38, 1, 31, '2017-12-15 18:36:45'),
(12421, 48, 1, 94, '2017-10-04 17:37:54'),
(12422, 17, 1, 95, '2018-05-19 20:16:48'),
(12423, 38, 1, 82, '2017-12-20 12:10:15'),
(12424, 20, 1, 41, '2018-04-26 21:42:42'),
(12425, 3, 1, 87, '2017-10-02 09:49:58'),
(12426, 34, 1, 87, '2018-03-31 18:37:23'),
(12427, 5, 1, 71, '2017-11-19 12:36:54'),
(12428, 47, 1, 61, '2018-07-18 04:23:37'),
(12429, 46, 1, 37, '2018-07-21 04:41:04'),
(12430, 27, 1, 85, '2018-08-31 18:17:40'),
(12431, 33, 1, 81, '2017-10-17 22:07:47'),
(12432, 50, 1, 15, '2017-11-28 11:27:36'),
(12433, 27, 1, 60, '2018-06-07 23:28:16'),
(12434, 6, 1, 13, '2018-02-16 22:41:47'),
(12435, 40, 1, 24, '2018-05-12 04:44:29'),
(12436, 43, 1, 63, '2018-10-01 06:31:17'),
(12437, 50, 1, 88, '2018-07-14 19:04:02'),
(12438, 24, 1, 22, '2018-02-01 18:35:57'),
(12439, 11, 1, 38, '2018-03-18 09:42:30'),
(12440, 29, 1, 33, '2018-04-19 22:26:20'),
(12441, 29, 1, 23, '2018-05-26 05:07:37'),
(12442, 39, 1, 21, '2017-11-24 01:14:14'),
(12443, 47, 1, 25, '2017-12-30 10:48:47'),
(12444, 25, 1, 40, '2018-09-07 15:46:24'),
(12445, 28, 1, 31, '2018-08-04 04:27:57'),
(12446, 29, 1, 73, '2018-01-25 06:42:59');
INSERT INTO `ratings_balls` (`pk`, `fk_user`, `fk_message`, `ball`, `ball_datetime`) VALUES
(12447, 23, 1, 34, '2018-01-20 13:35:01'),
(12448, 34, 1, 83, '2017-11-01 11:07:50'),
(12449, 24, 1, 54, '2018-08-10 07:37:03'),
(12450, 47, 1, 34, '2018-02-19 09:51:04'),
(12451, 34, 1, 82, '2017-11-17 06:06:06'),
(12452, 37, 1, 43, '2018-03-08 02:36:26'),
(12453, 35, 1, 24, '2018-07-23 03:03:50'),
(12454, 3, 1, 36, '2018-07-26 16:57:03'),
(12455, 48, 1, 31, '2018-03-27 11:52:31'),
(12456, 26, 1, 38, '2018-04-03 10:50:55'),
(12457, 47, 1, 60, '2017-11-12 07:54:16'),
(12458, 22, 1, 43, '2018-06-15 23:18:45'),
(12459, 8, 1, 82, '2018-06-16 13:50:15'),
(12460, 32, 1, 50, '2017-10-23 03:56:54'),
(12461, 29, 1, 99, '2018-05-22 10:03:19'),
(12462, 49, 1, 95, '2017-10-30 20:45:37'),
(12463, 36, 1, 66, '2018-03-02 22:30:31'),
(12464, 44, 1, 26, '2017-12-10 08:39:00'),
(12465, 10, 1, 80, '2018-08-01 16:52:26'),
(12466, 2, 1, 75, '2018-04-29 09:08:44'),
(12467, 33, 1, 100, '2018-02-22 08:18:44'),
(12468, 1, 1, 76, '2018-01-30 14:44:48'),
(12469, 13, 1, 19, '2017-12-24 08:50:55'),
(12470, 36, 1, 85, '2018-06-11 18:57:55'),
(12471, 4, 1, 42, '2018-09-16 02:43:28'),
(12472, 20, 1, 75, '2018-01-15 14:22:36'),
(12473, 25, 1, 20, '2018-06-05 22:40:52'),
(12474, 13, 1, 31, '2017-10-21 21:14:16'),
(12475, 12, 1, 48, '2018-08-02 12:04:33'),
(12476, 45, 1, 62, '2018-02-23 08:58:10'),
(12477, 21, 1, 57, '2018-09-28 17:54:03'),
(12478, 41, 1, 47, '2017-11-26 15:02:12'),
(12479, 38, 1, 25, '2018-05-22 11:40:53'),
(12480, 49, 1, 84, '2018-01-26 12:05:31'),
(12481, 43, 1, 41, '2018-08-08 04:44:03'),
(12482, 21, 1, 11, '2018-08-08 10:02:07'),
(12483, 46, 1, 49, '2018-01-23 06:40:32'),
(12484, 14, 1, 68, '2018-02-15 00:10:12'),
(12485, 38, 1, 99, '2018-07-10 12:52:06'),
(12486, 14, 1, 19, '2018-05-15 14:01:47'),
(12487, 46, 1, 48, '2018-03-11 13:24:03'),
(12488, 43, 1, 49, '2018-08-09 18:00:37'),
(12489, 26, 1, 46, '2018-01-28 07:51:13'),
(12490, 34, 1, 56, '2017-10-15 21:36:11'),
(12491, 2, 1, 30, '2018-05-15 12:59:05'),
(12492, 10, 1, 34, '2018-09-27 13:09:11'),
(12493, 17, 1, 78, '2018-08-06 07:19:19'),
(12494, 29, 1, 11, '2018-02-28 15:01:32'),
(12495, 34, 1, 42, '2018-02-19 11:58:11'),
(12496, 2, 1, 80, '2018-03-25 04:19:00'),
(12497, 1, 1, 42, '2018-02-14 08:19:34'),
(12498, 10, 1, 61, '2018-09-17 01:34:56'),
(12499, 44, 1, 73, '2018-01-09 09:48:49'),
(12500, 41, 1, 77, '2018-02-05 05:05:11'),
(12501, 15, 1, 31, '2018-01-13 13:21:30'),
(12502, 10, 1, 82, '2018-07-24 19:17:15'),
(12503, 37, 1, 62, '2018-09-30 06:36:43'),
(12504, 30, 1, 38, '2018-03-20 03:08:19'),
(12505, 39, 1, 29, '2018-01-10 22:37:26'),
(12506, 20, 1, 20, '2017-11-23 18:36:56'),
(12507, 25, 1, 37, '2018-08-27 03:24:46'),
(12508, 22, 1, 16, '2018-06-26 14:56:10'),
(12509, 28, 1, 65, '2017-10-06 20:50:26'),
(12510, 46, 1, 42, '2017-11-01 02:59:57'),
(12511, 6, 1, 27, '2018-02-24 15:27:09'),
(12512, 6, 1, 85, '2018-09-20 05:19:43'),
(12513, 29, 1, 99, '2017-11-21 07:51:56'),
(12514, 41, 1, 18, '2018-08-17 21:44:08'),
(12515, 19, 1, 67, '2017-10-21 22:19:12'),
(12516, 29, 1, 12, '2017-11-07 11:54:58'),
(12517, 35, 1, 13, '2018-03-07 03:40:19'),
(12518, 34, 1, 41, '2018-05-12 06:56:39'),
(12519, 20, 1, 30, '2018-01-25 21:14:10'),
(12520, 44, 1, 54, '2018-04-29 14:05:56'),
(12521, 40, 1, 20, '2018-08-14 06:25:55'),
(12522, 49, 1, 31, '2018-03-02 12:59:25'),
(12523, 29, 1, 56, '2018-04-17 02:53:20'),
(12524, 34, 1, 35, '2018-01-24 15:22:57'),
(12525, 22, 1, 21, '2018-05-11 17:09:35'),
(12526, 10, 1, 38, '2017-10-16 00:43:22'),
(12527, 45, 1, 71, '2018-03-29 21:49:08'),
(12528, 38, 1, 83, '2018-06-17 04:58:40'),
(12529, 20, 1, 86, '2018-01-23 15:24:34'),
(12530, 40, 1, 97, '2018-08-25 09:47:34'),
(12531, 4, 1, 54, '2018-04-10 15:47:31'),
(12532, 39, 1, 10, '2017-10-20 13:19:21'),
(12533, 15, 1, 36, '2017-12-07 11:22:37'),
(12534, 41, 1, 88, '2018-07-30 18:20:48'),
(12535, 40, 1, 77, '2018-08-27 01:42:36'),
(12536, 36, 1, 82, '2018-07-11 18:08:59'),
(12537, 5, 1, 36, '2018-08-27 02:29:53'),
(12538, 40, 1, 82, '2017-12-25 22:33:05'),
(12539, 17, 1, 25, '2018-08-20 15:54:36'),
(12540, 25, 1, 98, '2018-04-19 19:08:21'),
(12541, 2, 1, 19, '2017-11-23 04:55:26'),
(12542, 10, 1, 72, '2018-04-04 05:25:19'),
(12543, 36, 1, 54, '2018-01-31 01:34:17'),
(12544, 30, 1, 67, '2018-03-12 12:25:30'),
(12545, 12, 1, 38, '2018-05-27 10:02:49'),
(12546, 44, 1, 41, '2017-11-23 15:19:17'),
(12547, 35, 1, 96, '2018-09-07 06:12:15'),
(12548, 14, 1, 21, '2018-06-17 12:38:27'),
(12549, 6, 1, 10, '2018-08-09 03:58:27'),
(12550, 36, 1, 36, '2018-08-19 15:46:50'),
(12551, 9, 1, 78, '2017-12-10 16:38:52'),
(12552, 18, 1, 52, '2018-05-25 00:42:45'),
(12553, 1, 1, 51, '2017-12-02 21:42:33'),
(12554, 9, 1, 68, '2018-07-06 02:12:35'),
(12555, 42, 1, 77, '2017-12-10 18:41:42'),
(12556, 34, 1, 43, '2018-09-10 19:38:49'),
(12557, 44, 1, 23, '2018-07-05 22:51:01'),
(12558, 45, 1, 35, '2017-12-07 10:49:56'),
(12559, 43, 1, 21, '2018-02-03 09:32:02'),
(12560, 21, 1, 43, '2017-12-25 17:57:26'),
(12561, 10, 1, 52, '2018-03-06 20:38:19'),
(12562, 21, 1, 100, '2018-07-04 14:14:45'),
(12563, 42, 1, 34, '2018-05-07 04:21:06'),
(12564, 39, 1, 73, '2017-12-01 23:36:22'),
(12565, 33, 1, 91, '2018-07-26 03:34:18'),
(12566, 8, 1, 81, '2017-11-14 05:41:03'),
(12567, 11, 1, 80, '2018-06-27 18:47:01'),
(12568, 3, 1, 92, '2018-06-10 02:43:17'),
(12569, 44, 1, 55, '2018-07-23 04:39:22'),
(12570, 41, 1, 71, '2018-03-01 13:04:12'),
(12571, 28, 1, 85, '2018-09-10 03:17:20'),
(12572, 10, 1, 16, '2018-01-05 15:36:34'),
(12573, 20, 1, 80, '2018-02-25 16:15:50'),
(12574, 29, 1, 92, '2018-08-16 02:36:49'),
(12575, 47, 1, 84, '2018-02-17 08:21:27'),
(12576, 41, 1, 36, '2017-10-24 14:12:35'),
(12577, 22, 1, 44, '2018-05-18 08:57:34'),
(12578, 24, 1, 67, '2017-12-12 22:11:54'),
(12579, 40, 1, 74, '2017-11-07 02:07:17'),
(12580, 45, 1, 75, '2018-07-26 07:51:51'),
(12581, 42, 1, 38, '2017-10-23 14:36:19'),
(12582, 22, 1, 97, '2017-11-21 01:11:23'),
(12583, 28, 1, 57, '2018-01-18 17:08:55'),
(12584, 35, 1, 25, '2017-11-16 04:44:04'),
(12585, 10, 1, 34, '2018-06-09 12:09:07'),
(12586, 35, 1, 51, '2018-03-25 13:45:57'),
(12587, 46, 1, 74, '2017-10-15 05:18:15'),
(12588, 45, 1, 71, '2018-07-02 22:05:17'),
(12589, 18, 1, 49, '2017-10-30 22:02:21'),
(12590, 2, 1, 19, '2017-12-30 00:54:00'),
(12591, 30, 1, 66, '2017-10-03 18:58:38'),
(12592, 35, 1, 24, '2018-07-05 15:58:59'),
(12593, 13, 1, 87, '2018-07-14 23:34:40'),
(12594, 14, 1, 70, '2018-06-21 01:05:24'),
(12595, 21, 1, 10, '2018-06-02 11:31:50'),
(12596, 40, 1, 71, '2018-07-23 01:15:23'),
(12597, 46, 1, 95, '2018-08-15 18:55:56'),
(12598, 44, 1, 20, '2018-06-24 16:03:13'),
(12599, 12, 1, 88, '2018-01-02 07:06:00'),
(12600, 27, 1, 28, '2018-09-24 12:38:00'),
(12601, 40, 1, 31, '2017-12-26 21:23:00'),
(12602, 37, 1, 46, '2018-07-30 10:25:44'),
(12603, 23, 1, 91, '2018-01-09 12:14:25'),
(12604, 17, 1, 26, '2018-04-19 18:36:14'),
(12605, 15, 1, 83, '2018-01-30 10:25:44'),
(12606, 17, 1, 45, '2018-01-03 20:12:33'),
(12607, 31, 1, 11, '2017-11-10 01:33:53'),
(12608, 13, 1, 76, '2017-12-16 08:32:51'),
(12609, 11, 1, 41, '2017-11-15 09:03:10'),
(12610, 49, 1, 46, '2018-04-18 16:08:16'),
(12611, 12, 1, 26, '2017-10-10 20:55:04'),
(12612, 5, 1, 36, '2017-11-27 12:27:46'),
(12613, 8, 1, 89, '2017-11-16 18:21:16'),
(12614, 18, 1, 37, '2017-11-11 11:51:54'),
(12615, 3, 1, 73, '2018-07-24 10:23:49'),
(12616, 9, 1, 13, '2017-11-10 11:03:52'),
(12617, 10, 1, 45, '2018-05-20 07:44:07'),
(12618, 30, 1, 66, '2018-08-30 14:30:33'),
(12619, 31, 1, 41, '2018-07-02 02:46:26'),
(12620, 12, 1, 21, '2018-05-16 10:58:38'),
(12621, 41, 1, 91, '2018-03-19 08:18:19'),
(12622, 2, 1, 74, '2018-02-08 01:43:20'),
(12623, 39, 1, 43, '2018-05-31 09:09:21'),
(12624, 37, 1, 77, '2017-11-18 03:49:37'),
(12625, 24, 1, 78, '2017-12-06 15:59:12'),
(12626, 27, 1, 65, '2017-12-13 16:31:21'),
(12627, 5, 1, 69, '2018-04-04 03:32:32'),
(12628, 15, 1, 22, '2018-08-13 21:47:40'),
(12629, 35, 1, 55, '2018-08-17 18:48:07'),
(12630, 40, 1, 25, '2018-08-06 20:48:21'),
(12631, 50, 1, 37, '2018-07-06 07:14:21'),
(12632, 30, 1, 26, '2018-07-21 06:35:45'),
(12633, 13, 1, 36, '2018-08-21 01:26:07'),
(12634, 47, 1, 74, '2017-11-14 23:24:39'),
(12635, 45, 1, 82, '2018-03-01 20:14:19'),
(12636, 39, 1, 89, '2018-02-19 16:22:45'),
(12637, 33, 1, 48, '2018-09-16 22:38:44'),
(12638, 19, 1, 21, '2018-02-06 21:57:04'),
(12639, 41, 1, 88, '2017-10-18 05:44:26'),
(12640, 17, 1, 74, '2018-08-05 21:36:41'),
(12641, 12, 1, 22, '2017-12-18 03:49:54'),
(12642, 32, 1, 69, '2018-09-01 04:39:40'),
(12643, 36, 1, 11, '2018-01-21 08:09:55'),
(12644, 25, 1, 40, '2018-09-29 15:04:34'),
(12645, 31, 1, 76, '2018-08-29 00:49:20'),
(12646, 14, 1, 42, '2018-07-20 23:00:10'),
(12647, 50, 1, 98, '2018-06-10 02:12:31'),
(12648, 15, 1, 35, '2018-07-10 23:19:21'),
(12649, 27, 1, 78, '2018-07-02 14:20:28'),
(12650, 11, 1, 64, '2018-06-15 04:45:49'),
(12651, 48, 1, 58, '2018-09-09 11:52:57'),
(12652, 39, 1, 10, '2018-07-22 19:14:20'),
(12653, 23, 1, 77, '2018-06-13 23:11:50'),
(12654, 12, 1, 10, '2018-06-08 18:47:20'),
(12655, 25, 1, 37, '2018-01-13 05:55:46'),
(12656, 3, 1, 35, '2018-06-13 21:11:51'),
(12657, 25, 1, 55, '2018-06-13 13:21:55'),
(12658, 40, 1, 97, '2018-03-19 21:48:57'),
(12659, 7, 1, 96, '2018-02-18 07:55:19'),
(12660, 37, 1, 84, '2018-01-12 16:29:04'),
(12661, 28, 1, 80, '2017-12-31 23:34:39'),
(12662, 25, 1, 34, '2017-10-19 07:17:20'),
(12663, 40, 1, 15, '2018-06-18 07:13:42'),
(12664, 16, 1, 69, '2018-02-14 02:00:22'),
(12665, 49, 1, 23, '2018-09-25 05:14:36'),
(12666, 37, 1, 77, '2018-03-07 11:35:23'),
(12667, 10, 1, 88, '2018-06-27 01:57:13'),
(12668, 45, 1, 10, '2018-03-26 13:53:40'),
(12669, 34, 1, 90, '2018-07-21 03:20:12'),
(12670, 19, 1, 67, '2018-05-30 12:17:40'),
(12671, 36, 1, 40, '2017-11-20 15:35:07'),
(12672, 50, 1, 90, '2017-12-12 02:39:08'),
(12673, 41, 1, 32, '2018-07-24 00:40:51'),
(12674, 40, 1, 44, '2018-07-18 00:51:39'),
(12675, 21, 1, 36, '2018-06-27 05:53:10'),
(12676, 48, 1, 55, '2018-02-15 20:10:59'),
(12677, 28, 1, 33, '2018-05-10 19:39:06'),
(12678, 21, 1, 82, '2018-06-15 00:59:37'),
(12679, 25, 1, 56, '2018-02-18 22:16:03'),
(12680, 16, 1, 73, '2018-03-25 19:19:42'),
(12681, 31, 1, 86, '2018-04-29 01:56:52'),
(12682, 37, 1, 23, '2018-08-09 08:12:09'),
(12683, 49, 1, 32, '2018-07-05 13:02:24'),
(12684, 31, 1, 26, '2018-06-17 00:46:06'),
(12685, 17, 1, 19, '2018-08-01 23:52:02'),
(12686, 50, 1, 93, '2018-07-19 08:19:09'),
(12687, 23, 1, 50, '2018-01-25 13:59:25'),
(12688, 34, 1, 88, '2018-01-08 02:03:41'),
(12689, 29, 1, 100, '2018-01-29 22:05:40'),
(12690, 13, 1, 41, '2018-03-27 17:12:35'),
(12691, 8, 1, 43, '2018-05-23 05:43:25'),
(12692, 46, 1, 17, '2017-10-13 06:16:28'),
(12693, 10, 1, 33, '2017-10-09 23:35:56'),
(12694, 12, 1, 43, '2018-01-22 13:09:02'),
(12695, 31, 1, 94, '2017-11-06 20:07:20'),
(12696, 40, 1, 26, '2018-04-09 08:14:42'),
(12697, 42, 1, 93, '2018-04-05 12:31:38'),
(12698, 38, 1, 75, '2017-11-25 00:24:56'),
(12699, 2, 1, 52, '2018-07-26 11:41:35'),
(12700, 46, 1, 26, '2018-06-01 16:00:15'),
(12701, 42, 1, 59, '2018-01-16 19:03:12'),
(12702, 19, 1, 95, '2017-10-22 09:24:17'),
(12703, 32, 1, 91, '2018-02-22 23:37:50'),
(12704, 8, 1, 78, '2017-11-14 09:15:53'),
(12705, 17, 1, 83, '2018-08-20 03:15:46'),
(12706, 31, 1, 53, '2018-05-04 00:33:51'),
(12707, 43, 1, 96, '2018-05-06 11:15:47'),
(12708, 15, 1, 13, '2018-02-01 17:54:26'),
(12709, 49, 1, 25, '2018-06-23 00:31:52'),
(12710, 8, 1, 28, '2017-10-10 21:52:23'),
(12711, 3, 1, 86, '2018-02-07 18:40:36'),
(12712, 46, 1, 67, '2018-06-08 11:36:17'),
(12713, 49, 1, 96, '2018-09-30 17:30:11'),
(12714, 35, 1, 26, '2018-09-23 15:45:17'),
(12715, 32, 1, 31, '2018-05-01 05:02:25'),
(12716, 47, 1, 17, '2018-07-17 14:44:39'),
(12717, 26, 1, 23, '2018-04-27 22:27:18'),
(12718, 30, 1, 20, '2018-02-24 04:57:52'),
(12719, 49, 1, 35, '2018-02-28 10:49:41'),
(12720, 32, 1, 92, '2018-08-16 16:00:19'),
(12721, 48, 1, 100, '2018-07-30 04:18:00'),
(12722, 35, 1, 11, '2018-06-14 10:10:31'),
(12723, 19, 1, 31, '2018-09-10 04:37:11'),
(12724, 14, 1, 18, '2018-08-03 01:01:10'),
(12725, 48, 1, 12, '2017-10-21 17:28:19'),
(12726, 4, 1, 56, '2018-04-24 16:23:50'),
(12727, 27, 1, 15, '2018-05-24 15:08:58'),
(12728, 29, 1, 55, '2018-07-28 10:06:32'),
(12729, 16, 1, 71, '2018-01-18 03:42:19'),
(12730, 33, 1, 10, '2018-01-11 05:07:59'),
(12731, 27, 1, 100, '2018-03-07 23:26:38'),
(12732, 43, 1, 28, '2018-05-15 08:21:49'),
(12733, 48, 1, 86, '2018-03-31 14:59:23'),
(12734, 43, 1, 45, '2017-11-10 12:48:28'),
(12735, 34, 1, 16, '2018-09-06 20:03:31'),
(12736, 34, 1, 66, '2018-03-16 02:39:40'),
(12737, 19, 1, 28, '2017-12-20 00:39:06'),
(12738, 47, 1, 18, '2018-02-21 13:12:58'),
(12739, 24, 1, 22, '2018-04-04 06:22:07'),
(12740, 5, 1, 72, '2017-10-28 05:59:46'),
(12741, 22, 1, 68, '2017-10-22 04:21:19'),
(12742, 34, 1, 56, '2018-05-12 19:56:59'),
(12743, 50, 1, 33, '2018-05-28 17:26:45'),
(12744, 7, 1, 35, '2018-03-03 16:16:05'),
(12745, 28, 1, 83, '2018-06-08 05:46:14'),
(12746, 31, 1, 94, '2018-09-16 01:19:11'),
(12747, 8, 1, 28, '2018-09-24 07:39:11'),
(12748, 41, 1, 40, '2018-08-17 22:40:38'),
(12749, 1, 1, 27, '2017-11-11 15:26:17'),
(12750, 33, 1, 66, '2018-01-15 06:00:40'),
(12751, 15, 1, 93, '2018-03-01 11:04:39'),
(12752, 23, 1, 95, '2018-03-22 01:06:24'),
(12753, 13, 1, 57, '2018-02-03 10:00:08'),
(12754, 50, 1, 55, '2017-11-17 16:28:54'),
(12755, 3, 1, 57, '2018-02-26 10:57:48'),
(12756, 43, 1, 48, '2018-03-19 09:38:01'),
(12757, 32, 1, 92, '2018-06-12 01:14:37'),
(12758, 9, 1, 96, '2017-11-15 10:22:04'),
(12759, 22, 1, 16, '2018-08-21 08:59:11'),
(12760, 9, 1, 24, '2018-07-29 03:11:18'),
(12761, 13, 1, 32, '2018-04-20 12:20:51'),
(12762, 45, 1, 43, '2017-10-18 02:42:15'),
(12763, 25, 1, 14, '2018-07-17 18:07:15'),
(12764, 24, 1, 15, '2018-02-28 08:51:57'),
(12765, 25, 1, 69, '2018-06-11 14:55:29'),
(12766, 10, 1, 56, '2018-09-10 06:17:51'),
(12767, 30, 1, 58, '2017-12-26 12:31:25'),
(12768, 34, 1, 33, '2018-03-22 18:24:41'),
(12769, 4, 1, 50, '2017-11-01 19:43:22'),
(12770, 33, 1, 87, '2018-08-07 19:19:42'),
(12771, 22, 1, 59, '2018-07-08 00:16:33'),
(12772, 16, 1, 93, '2018-05-17 17:59:43'),
(12773, 20, 1, 99, '2018-04-17 09:26:51'),
(12774, 42, 1, 40, '2018-04-13 12:26:58'),
(12775, 12, 1, 45, '2018-01-03 13:24:57'),
(12776, 50, 1, 92, '2018-08-12 17:12:01'),
(12777, 43, 1, 24, '2018-07-04 09:55:34'),
(12778, 7, 1, 41, '2017-10-31 01:20:05'),
(12779, 16, 1, 91, '2018-04-09 14:07:04'),
(12780, 32, 1, 59, '2017-11-11 18:42:00'),
(12781, 15, 1, 40, '2017-11-27 16:00:38'),
(12782, 49, 1, 82, '2018-08-18 10:33:09'),
(12783, 15, 1, 69, '2018-06-20 17:33:23'),
(12784, 41, 1, 42, '2018-07-07 04:37:27'),
(12785, 20, 1, 78, '2018-02-26 21:55:01'),
(12786, 34, 1, 59, '2018-08-10 18:29:07'),
(12787, 26, 1, 11, '2018-07-10 15:56:56'),
(12788, 48, 1, 48, '2017-12-27 16:02:54'),
(12789, 50, 1, 41, '2017-10-08 23:21:26'),
(12790, 41, 1, 16, '2018-06-13 23:46:46'),
(12791, 15, 1, 62, '2018-07-28 04:01:52'),
(12792, 5, 1, 68, '2018-05-12 04:10:27'),
(12793, 29, 1, 72, '2018-03-24 23:34:04'),
(12794, 8, 1, 94, '2018-02-07 02:39:23'),
(12795, 41, 1, 96, '2018-03-15 03:04:31'),
(12796, 47, 1, 40, '2018-08-21 23:37:49'),
(12797, 29, 1, 31, '2018-03-05 22:27:28'),
(12798, 14, 1, 78, '2018-06-29 16:05:22'),
(12799, 1, 1, 71, '2018-05-08 08:44:29'),
(12800, 10, 1, 39, '2018-06-06 02:02:26'),
(12801, 27, 1, 12, '2018-03-13 10:57:11'),
(12802, 50, 1, 53, '2018-09-16 07:39:53'),
(12803, 22, 1, 46, '2018-06-23 18:32:02'),
(12804, 28, 1, 98, '2018-06-25 12:49:29'),
(12805, 45, 1, 78, '2018-08-17 07:21:56'),
(12806, 29, 1, 44, '2018-03-31 05:40:34'),
(12807, 17, 1, 60, '2018-03-07 15:49:02'),
(12808, 6, 1, 86, '2018-02-13 04:01:43'),
(12809, 29, 1, 100, '2017-10-02 05:49:25'),
(12810, 42, 1, 99, '2017-10-11 16:35:54'),
(12811, 4, 1, 95, '2018-06-02 08:20:54'),
(12812, 31, 1, 34, '2018-09-18 16:17:11'),
(12813, 10, 1, 39, '2017-11-27 05:20:58'),
(12814, 7, 1, 29, '2017-12-17 10:20:38'),
(12815, 38, 1, 38, '2018-03-15 04:05:53'),
(12816, 6, 1, 29, '2017-10-08 05:49:28'),
(12817, 22, 1, 94, '2018-04-14 16:45:50'),
(12818, 12, 1, 91, '2018-04-26 21:09:00'),
(12819, 31, 1, 53, '2017-10-06 16:06:17'),
(12820, 39, 1, 76, '2018-01-19 15:41:10'),
(12821, 2, 1, 45, '2018-08-01 00:20:20'),
(12822, 22, 1, 42, '2018-08-05 20:21:36'),
(12823, 12, 1, 71, '2017-11-16 11:10:50'),
(12824, 6, 1, 82, '2018-02-03 01:25:51'),
(12825, 45, 1, 29, '2018-06-13 19:31:41'),
(12826, 14, 1, 23, '2017-11-19 00:00:53'),
(12827, 23, 1, 80, '2018-01-10 01:26:15'),
(12828, 2, 1, 99, '2018-08-21 10:54:02'),
(12829, 41, 1, 57, '2017-10-07 22:16:05'),
(12830, 7, 1, 27, '2018-03-24 15:25:57'),
(12831, 36, 1, 79, '2018-08-26 18:11:22'),
(12832, 29, 1, 12, '2017-10-08 13:19:06'),
(12833, 2, 1, 59, '2018-02-09 23:08:43'),
(12834, 13, 1, 31, '2018-07-20 21:54:35'),
(12835, 39, 1, 30, '2018-09-23 20:53:07'),
(12836, 9, 1, 81, '2018-01-20 22:26:48'),
(12837, 14, 1, 20, '2017-10-25 06:20:12'),
(12838, 12, 1, 74, '2018-09-15 10:34:36'),
(12839, 16, 1, 68, '2018-04-28 04:54:58'),
(12840, 18, 1, 63, '2018-08-10 23:00:15'),
(12841, 7, 1, 82, '2018-05-03 01:31:41'),
(12842, 32, 1, 73, '2018-06-23 12:24:26'),
(12843, 1, 1, 100, '2018-01-01 11:35:48'),
(12844, 26, 1, 60, '2017-12-19 03:25:35'),
(12845, 41, 1, 86, '2018-03-24 00:23:21'),
(12846, 40, 1, 28, '2017-11-04 04:55:39'),
(12847, 27, 1, 39, '2018-02-23 22:29:37'),
(12848, 39, 1, 76, '2018-05-31 08:28:13'),
(12849, 42, 1, 42, '2018-08-01 01:06:23'),
(12850, 30, 1, 39, '2017-10-01 13:13:10'),
(12851, 24, 1, 81, '2017-10-24 11:50:51'),
(12852, 40, 1, 57, '2018-03-14 21:14:32'),
(12853, 49, 1, 97, '2018-07-27 15:17:00'),
(12854, 12, 1, 70, '2018-01-07 14:21:31'),
(12855, 28, 1, 34, '2018-08-17 15:56:26'),
(12856, 32, 1, 68, '2017-10-22 05:32:19'),
(12857, 33, 1, 42, '2018-04-08 19:13:28'),
(12858, 15, 1, 55, '2018-03-22 01:27:14'),
(12859, 19, 1, 72, '2018-04-25 08:00:38'),
(12860, 35, 1, 56, '2017-11-17 21:37:51'),
(12861, 32, 1, 67, '2018-09-13 06:11:33'),
(12862, 43, 1, 25, '2018-07-07 21:41:52'),
(12863, 3, 1, 47, '2018-03-18 00:04:28'),
(12864, 13, 1, 94, '2018-05-13 16:48:16'),
(12865, 29, 1, 98, '2018-04-09 07:22:38'),
(12866, 21, 1, 52, '2018-06-26 21:10:34'),
(12867, 44, 1, 38, '2018-08-09 22:37:25'),
(12868, 22, 1, 31, '2018-09-04 10:48:08'),
(12869, 16, 1, 26, '2018-04-14 07:56:26'),
(12870, 47, 1, 48, '2017-11-03 06:31:18'),
(12871, 44, 1, 81, '2018-02-08 00:52:35'),
(12872, 5, 1, 61, '2018-05-19 07:52:00'),
(12873, 16, 1, 71, '2018-03-08 13:56:19'),
(12874, 32, 1, 79, '2018-05-16 19:23:23'),
(12875, 27, 1, 61, '2018-02-11 04:29:03'),
(12876, 23, 1, 85, '2018-01-16 04:20:57'),
(12877, 39, 1, 80, '2017-12-19 03:39:31'),
(12878, 23, 1, 85, '2018-02-10 01:08:55'),
(12879, 18, 1, 93, '2018-06-03 17:34:17'),
(12880, 49, 1, 16, '2017-10-12 11:04:24'),
(12881, 28, 1, 87, '2018-02-01 05:29:41'),
(12882, 42, 1, 65, '2017-11-04 18:45:32'),
(12883, 2, 1, 15, '2018-08-29 12:12:59'),
(12884, 21, 1, 32, '2017-11-06 09:09:54'),
(12885, 8, 1, 17, '2018-01-11 02:38:44'),
(12886, 13, 1, 54, '2017-10-12 03:27:00'),
(12887, 9, 1, 77, '2018-02-16 09:15:17'),
(12888, 25, 1, 72, '2017-11-09 15:47:25'),
(12889, 24, 1, 39, '2018-02-28 03:17:09'),
(12890, 13, 1, 39, '2018-04-24 10:23:12'),
(12891, 26, 1, 51, '2018-01-04 10:56:39'),
(12892, 30, 1, 48, '2018-01-15 22:05:04'),
(12893, 10, 1, 77, '2018-05-07 12:07:49'),
(12894, 4, 1, 32, '2017-12-20 18:55:22'),
(12895, 3, 1, 43, '2018-03-27 05:31:55'),
(12896, 20, 1, 87, '2017-11-09 00:03:23'),
(12897, 45, 1, 74, '2018-08-11 07:00:20'),
(12898, 6, 1, 61, '2018-08-28 12:28:45'),
(12899, 38, 1, 70, '2018-03-02 06:21:57'),
(12900, 14, 1, 95, '2017-10-16 01:53:29'),
(12901, 29, 1, 51, '2018-04-22 01:20:16'),
(12902, 13, 1, 16, '2017-11-08 13:47:37'),
(12903, 8, 1, 72, '2018-02-06 18:49:48'),
(12904, 33, 1, 72, '2018-03-30 08:41:03'),
(12905, 1, 1, 42, '2018-07-04 04:22:11'),
(12906, 25, 1, 39, '2018-03-10 13:31:12'),
(12907, 43, 1, 83, '2018-08-17 16:31:51'),
(12908, 40, 1, 64, '2018-08-05 11:57:11'),
(12909, 49, 1, 96, '2018-02-20 05:11:41'),
(12910, 22, 1, 22, '2018-04-22 12:59:01'),
(12911, 25, 1, 11, '2018-05-31 15:28:24'),
(12912, 19, 1, 81, '2017-11-29 11:30:42'),
(12913, 9, 1, 11, '2017-12-02 11:26:41'),
(12914, 25, 1, 98, '2018-03-22 16:08:43'),
(12915, 43, 1, 86, '2018-03-09 20:33:44'),
(12916, 44, 1, 34, '2018-01-27 19:14:30'),
(12917, 35, 1, 99, '2018-02-12 01:23:32'),
(12918, 23, 1, 18, '2018-03-15 07:05:15'),
(12919, 2, 1, 62, '2018-04-10 22:55:01'),
(12920, 39, 1, 53, '2017-10-09 22:05:39'),
(12921, 9, 1, 22, '2018-06-23 06:39:49'),
(12922, 33, 1, 14, '2017-10-23 09:41:53'),
(12923, 43, 1, 12, '2018-07-31 20:32:30'),
(12924, 31, 1, 75, '2018-03-12 08:39:15'),
(12925, 50, 1, 38, '2018-07-26 11:28:41'),
(12926, 23, 1, 53, '2018-09-23 13:28:58'),
(12927, 45, 1, 94, '2018-03-17 10:10:22'),
(12928, 6, 1, 17, '2018-07-30 12:11:16'),
(12929, 42, 1, 70, '2018-02-26 05:28:56'),
(12930, 47, 1, 39, '2018-04-18 21:21:40'),
(12931, 21, 1, 98, '2018-08-17 05:27:07'),
(12932, 4, 1, 82, '2017-12-20 05:28:56'),
(12933, 7, 1, 58, '2018-01-19 12:46:28'),
(12934, 44, 1, 100, '2018-08-27 01:49:21'),
(12935, 44, 1, 45, '2017-11-30 22:39:08'),
(12936, 42, 1, 64, '2018-08-28 20:30:58'),
(12937, 23, 1, 75, '2018-03-25 03:10:11'),
(12938, 28, 1, 75, '2018-04-22 04:38:53'),
(12939, 11, 1, 44, '2018-07-22 21:04:35'),
(12940, 49, 1, 46, '2017-12-17 10:09:12'),
(12941, 8, 1, 49, '2018-01-01 11:46:30'),
(12942, 22, 1, 94, '2017-10-10 15:00:05'),
(12943, 15, 1, 29, '2018-06-10 09:51:03'),
(12944, 21, 1, 17, '2018-09-22 06:56:18'),
(12945, 38, 1, 89, '2018-06-11 02:50:05'),
(12946, 2, 1, 43, '2017-11-01 08:53:10'),
(12947, 45, 1, 19, '2018-07-21 07:22:02'),
(12948, 13, 1, 44, '2017-12-19 09:05:59'),
(12949, 46, 1, 98, '2018-09-20 18:26:44'),
(12950, 30, 1, 12, '2018-05-03 19:42:38'),
(12951, 40, 1, 52, '2017-12-23 11:21:36'),
(12952, 20, 1, 26, '2018-06-06 20:13:56'),
(12953, 35, 1, 51, '2017-11-04 00:02:15'),
(12954, 30, 1, 63, '2017-12-03 02:06:25'),
(12955, 18, 1, 91, '2018-09-28 09:41:43'),
(12956, 19, 1, 73, '2018-08-12 05:02:43'),
(12957, 36, 1, 81, '2018-05-06 00:27:21'),
(12958, 19, 1, 82, '2018-04-16 16:48:37'),
(12959, 48, 1, 36, '2018-05-29 14:07:05'),
(12960, 13, 1, 53, '2018-01-28 20:02:16'),
(12961, 9, 1, 23, '2018-09-21 00:50:49'),
(12962, 15, 1, 95, '2018-05-29 20:25:39'),
(12963, 48, 1, 55, '2018-04-09 12:03:21'),
(12964, 45, 1, 92, '2018-08-08 09:55:50'),
(12965, 45, 1, 65, '2018-08-12 23:55:18'),
(12966, 27, 1, 38, '2017-10-09 14:21:01'),
(12967, 35, 1, 26, '2018-07-11 11:35:01'),
(12968, 22, 1, 45, '2018-07-08 13:31:14'),
(12969, 25, 1, 49, '2018-06-24 07:21:14'),
(12970, 42, 1, 51, '2018-07-22 09:34:12'),
(12971, 17, 1, 88, '2018-04-08 06:55:24'),
(12972, 29, 1, 94, '2018-03-07 19:42:32'),
(12973, 46, 1, 16, '2017-12-12 09:49:12'),
(12974, 38, 1, 61, '2018-04-26 07:50:10'),
(12975, 6, 1, 98, '2018-04-24 09:30:04'),
(12976, 9, 1, 35, '2018-08-01 07:51:34'),
(12977, 36, 1, 46, '2018-01-01 19:05:14'),
(12978, 49, 1, 39, '2018-03-06 06:56:23'),
(12979, 47, 1, 10, '2018-09-08 21:57:25'),
(12980, 24, 1, 71, '2018-08-05 06:58:24'),
(12981, 23, 1, 50, '2018-08-30 20:21:40'),
(12982, 33, 1, 19, '2017-12-29 23:15:18'),
(12983, 31, 1, 16, '2018-07-09 18:45:43'),
(12984, 42, 1, 72, '2018-09-03 23:40:42'),
(12985, 2, 1, 70, '2018-05-08 06:29:37'),
(12986, 47, 1, 34, '2018-03-18 01:54:00'),
(12987, 34, 1, 80, '2018-08-06 04:31:47'),
(12988, 9, 1, 70, '2018-04-21 01:49:30'),
(12989, 12, 1, 39, '2018-07-24 16:15:35'),
(12990, 19, 1, 68, '2017-12-25 21:03:07'),
(12991, 8, 1, 90, '2017-10-05 04:31:25'),
(12992, 15, 1, 15, '2018-09-18 20:48:20'),
(12993, 5, 1, 72, '2018-05-18 20:29:46'),
(12994, 29, 1, 23, '2018-04-16 11:41:47'),
(12995, 7, 1, 41, '2018-04-29 07:50:23'),
(12996, 42, 1, 15, '2018-05-19 05:01:27'),
(12997, 47, 1, 89, '2017-12-13 16:27:11'),
(12998, 35, 1, 59, '2018-05-25 21:17:50'),
(12999, 31, 1, 61, '2018-03-20 10:26:56'),
(13000, 3, 1, 34, '2018-04-22 19:42:36'),
(13001, 26, 1, 39, '2018-09-27 07:51:22'),
(13002, 23, 1, 33, '2018-03-25 05:19:49'),
(13003, 8, 1, 75, '2018-07-13 10:10:57'),
(13004, 8, 1, 79, '2018-06-08 01:43:18'),
(13005, 12, 1, 99, '2018-05-20 21:18:20'),
(13006, 1, 1, 71, '2018-03-08 20:49:33'),
(13007, 25, 1, 66, '2017-10-16 13:34:44'),
(13008, 4, 1, 33, '2018-02-08 12:41:49'),
(13009, 7, 1, 22, '2017-11-07 04:59:00'),
(13010, 3, 1, 81, '2017-10-07 03:03:51'),
(13011, 17, 1, 88, '2018-06-26 13:36:00'),
(13012, 6, 1, 91, '2017-11-20 07:52:28'),
(13013, 5, 1, 25, '2018-02-02 05:09:14'),
(13014, 47, 1, 18, '2018-08-31 03:32:52'),
(13015, 25, 1, 38, '2018-02-09 22:11:22'),
(13016, 16, 1, 70, '2018-05-16 01:38:26'),
(13017, 23, 1, 21, '2018-03-22 05:53:29'),
(13018, 4, 1, 62, '2018-02-10 05:09:54'),
(13019, 15, 1, 92, '2018-01-07 09:31:05'),
(13020, 40, 1, 98, '2017-11-06 09:36:20'),
(13021, 22, 1, 98, '2018-09-13 07:03:04'),
(13022, 21, 1, 39, '2018-01-26 04:31:26'),
(13023, 26, 1, 60, '2017-11-16 23:30:25'),
(13024, 12, 1, 81, '2018-03-22 11:20:37'),
(13025, 46, 1, 43, '2018-08-15 07:58:25'),
(13026, 30, 1, 65, '2018-02-21 09:49:20'),
(13027, 49, 1, 38, '2018-08-05 21:27:39'),
(13028, 49, 1, 79, '2017-11-16 08:15:55'),
(13029, 18, 1, 56, '2017-11-24 18:54:09'),
(13030, 25, 1, 44, '2018-08-19 08:57:49'),
(13031, 19, 1, 65, '2018-09-12 07:02:49'),
(13032, 11, 1, 18, '2017-12-17 17:19:37'),
(13033, 50, 1, 20, '2018-08-28 03:10:12'),
(13034, 36, 1, 41, '2018-09-28 13:39:38'),
(13035, 18, 1, 23, '2018-02-23 08:53:13'),
(13036, 43, 1, 57, '2018-01-13 02:10:12'),
(13037, 7, 1, 96, '2018-07-21 11:24:06'),
(13038, 19, 1, 24, '2018-05-16 03:55:16'),
(13039, 48, 1, 54, '2018-01-21 07:30:15'),
(13040, 27, 1, 46, '2018-09-03 06:50:40'),
(13041, 21, 1, 85, '2018-02-24 05:46:46'),
(13042, 7, 1, 47, '2018-06-13 10:35:44'),
(13043, 29, 1, 37, '2018-03-04 19:35:01'),
(13044, 50, 1, 46, '2018-02-20 05:23:31'),
(13045, 18, 1, 94, '2017-11-26 02:12:08'),
(13046, 31, 1, 88, '2018-02-22 20:53:16'),
(13047, 24, 1, 70, '2018-02-23 11:42:07'),
(13048, 4, 1, 98, '2018-03-09 06:36:46'),
(13049, 16, 1, 98, '2017-10-18 14:18:23'),
(13050, 3, 1, 89, '2017-11-20 13:57:20'),
(13051, 17, 1, 52, '2018-08-30 00:07:06'),
(13052, 33, 1, 30, '2018-03-26 08:49:25'),
(13053, 7, 1, 94, '2018-07-27 00:51:31'),
(13054, 32, 1, 16, '2018-04-07 22:06:42'),
(13055, 32, 1, 72, '2018-05-15 22:50:04'),
(13056, 38, 1, 29, '2018-07-12 20:50:17'),
(13057, 47, 1, 68, '2018-02-04 14:31:00'),
(13058, 43, 1, 27, '2018-09-14 04:47:47'),
(13059, 8, 1, 81, '2018-09-16 09:39:03'),
(13060, 39, 1, 47, '2018-07-09 13:41:22'),
(13061, 44, 1, 60, '2017-11-20 14:37:02'),
(13062, 34, 1, 21, '2017-10-05 01:37:41'),
(13063, 4, 1, 40, '2018-01-07 21:38:56'),
(13064, 23, 1, 68, '2018-04-06 20:35:26'),
(13065, 26, 1, 69, '2018-09-16 01:48:24'),
(13066, 27, 1, 73, '2018-07-10 01:39:56'),
(13067, 41, 1, 96, '2017-12-18 17:29:15'),
(13068, 49, 1, 49, '2018-06-24 11:34:50'),
(13069, 13, 1, 87, '2018-04-16 20:28:15'),
(13070, 44, 1, 23, '2018-08-27 08:50:00'),
(13071, 30, 1, 30, '2018-07-28 18:41:47'),
(13072, 4, 1, 38, '2018-06-10 21:22:49'),
(13073, 49, 1, 91, '2017-10-24 09:55:50'),
(13074, 34, 1, 40, '2018-09-23 11:51:09'),
(13075, 7, 1, 24, '2018-05-22 05:26:44'),
(13076, 17, 1, 93, '2018-06-16 09:41:52'),
(13077, 2, 1, 62, '2017-10-17 06:48:28'),
(13078, 47, 1, 10, '2018-02-21 04:22:32'),
(13079, 24, 1, 78, '2017-11-12 01:00:49'),
(13080, 4, 1, 16, '2018-05-03 20:37:10'),
(13081, 29, 1, 91, '2018-09-08 20:08:49'),
(13082, 17, 1, 46, '2017-11-10 09:32:07'),
(13083, 48, 1, 73, '2017-11-17 23:54:54'),
(13084, 13, 1, 89, '2017-12-21 11:00:48'),
(13085, 10, 1, 69, '2017-10-29 18:34:24'),
(13086, 39, 1, 56, '2017-10-10 16:34:34'),
(13087, 45, 1, 90, '2018-08-23 01:43:04'),
(13088, 32, 1, 45, '2018-03-20 08:04:34'),
(13089, 49, 1, 50, '2018-02-09 05:43:06'),
(13090, 7, 1, 16, '2018-02-09 23:27:23'),
(13091, 41, 1, 30, '2018-07-31 11:36:42'),
(13092, 50, 1, 21, '2018-04-19 11:10:04'),
(13093, 5, 1, 46, '2018-07-16 16:05:33'),
(13094, 23, 1, 56, '2018-02-07 09:31:52'),
(13095, 12, 1, 42, '2018-08-09 17:55:46'),
(13096, 28, 1, 95, '2018-05-04 20:59:12'),
(13097, 43, 1, 71, '2018-05-05 05:58:42'),
(13098, 23, 1, 31, '2018-07-06 22:50:36'),
(13099, 46, 1, 14, '2017-10-29 13:34:35'),
(13100, 18, 1, 79, '2018-01-16 08:48:05'),
(13101, 32, 1, 59, '2018-09-07 20:47:43'),
(13102, 20, 1, 97, '2018-06-06 10:02:53'),
(13103, 4, 1, 78, '2017-11-19 10:24:06'),
(13104, 21, 1, 69, '2018-05-13 10:47:49'),
(13105, 34, 1, 53, '2017-12-18 01:25:49'),
(13106, 43, 1, 23, '2018-02-14 06:00:29'),
(13107, 6, 1, 91, '2018-04-25 18:00:42'),
(13108, 6, 1, 87, '2018-03-17 00:52:22'),
(13109, 2, 1, 67, '2018-06-29 07:21:50'),
(13110, 38, 1, 53, '2017-10-30 13:32:23'),
(13111, 35, 1, 18, '2018-07-08 01:43:53'),
(13112, 11, 1, 14, '2017-12-03 11:19:27'),
(13113, 8, 1, 46, '2018-05-24 12:26:08'),
(13114, 21, 1, 13, '2018-03-13 19:28:34'),
(13115, 9, 1, 97, '2017-10-20 14:41:40'),
(13116, 47, 1, 20, '2017-10-08 00:47:46'),
(13117, 38, 1, 21, '2018-06-17 11:44:38'),
(13118, 39, 1, 97, '2017-12-16 18:08:58'),
(13119, 6, 1, 16, '2017-11-08 22:59:04'),
(13120, 15, 1, 18, '2018-06-04 17:23:23'),
(13121, 40, 1, 95, '2017-10-28 17:06:02'),
(13122, 15, 1, 67, '2018-02-08 11:27:29'),
(13123, 21, 1, 69, '2018-09-20 01:10:34'),
(13124, 10, 1, 51, '2018-06-14 17:35:48'),
(13125, 11, 1, 16, '2018-05-01 13:52:58'),
(13126, 33, 1, 88, '2018-02-24 21:45:58'),
(13127, 14, 1, 39, '2018-08-21 14:28:41'),
(13128, 45, 1, 46, '2018-04-23 06:28:08'),
(13129, 12, 1, 57, '2018-05-18 10:26:57'),
(13130, 1, 1, 70, '2017-12-05 11:49:56'),
(13131, 19, 1, 91, '2018-08-23 19:41:25'),
(13132, 17, 1, 26, '2017-10-23 18:46:45'),
(13133, 50, 1, 25, '2018-05-14 23:51:46'),
(13134, 22, 1, 12, '2018-09-19 23:09:52'),
(13135, 40, 1, 57, '2018-06-01 18:21:53'),
(13136, 25, 1, 23, '2017-11-30 00:01:25'),
(13137, 37, 1, 12, '2017-12-26 11:24:27'),
(13138, 27, 1, 97, '2018-03-22 16:47:10'),
(13139, 11, 1, 75, '2018-08-30 01:14:13'),
(13140, 7, 1, 43, '2018-08-27 05:53:15'),
(13141, 46, 1, 63, '2018-04-05 05:29:27'),
(13142, 15, 1, 92, '2017-10-11 06:38:00'),
(13143, 2, 1, 44, '2017-12-30 03:26:08'),
(13144, 40, 1, 33, '2018-07-06 17:14:38'),
(13145, 44, 1, 76, '2017-11-28 01:12:34'),
(13146, 40, 1, 13, '2018-01-29 15:23:04'),
(13147, 36, 1, 27, '2017-10-28 15:33:50'),
(13148, 41, 1, 38, '2017-12-23 08:17:24'),
(13149, 50, 1, 40, '2018-06-09 07:12:12'),
(13150, 47, 1, 77, '2018-03-18 21:42:20'),
(13151, 45, 1, 54, '2017-12-17 06:01:32'),
(13152, 33, 1, 92, '2018-02-21 05:15:47'),
(13153, 6, 1, 88, '2018-05-28 21:20:15'),
(13154, 46, 1, 40, '2018-08-09 10:03:17'),
(13155, 31, 1, 51, '2017-11-19 19:04:47'),
(13156, 41, 1, 12, '2017-10-02 20:37:23'),
(13157, 30, 1, 89, '2018-01-04 13:59:34'),
(13158, 48, 1, 100, '2018-05-19 22:48:35'),
(13159, 41, 1, 93, '2018-07-16 05:02:42'),
(13160, 35, 1, 31, '2018-06-21 00:34:36'),
(13161, 40, 1, 29, '2018-08-24 05:03:00'),
(13162, 8, 1, 30, '2018-02-17 06:25:33'),
(13163, 5, 1, 85, '2018-06-18 16:15:23'),
(13164, 38, 1, 88, '2018-06-11 10:28:00'),
(13165, 21, 1, 48, '2018-06-22 07:27:59'),
(13166, 42, 1, 46, '2018-03-15 09:05:10'),
(13167, 26, 1, 78, '2018-07-26 17:34:17'),
(13168, 49, 1, 81, '2018-08-11 08:25:46'),
(13169, 26, 1, 59, '2018-06-28 04:24:30'),
(13170, 17, 1, 47, '2018-06-30 04:18:31'),
(13171, 24, 1, 90, '2018-09-08 12:34:43'),
(13172, 37, 1, 11, '2018-01-30 17:53:00'),
(13173, 26, 1, 70, '2018-08-07 22:15:06'),
(13174, 14, 1, 17, '2018-07-02 19:02:00'),
(13175, 12, 1, 81, '2017-12-26 19:18:52'),
(13176, 17, 1, 84, '2018-01-16 23:35:39'),
(13177, 29, 1, 87, '2018-08-21 01:50:13'),
(13178, 42, 1, 81, '2018-08-15 05:10:51'),
(13179, 23, 1, 89, '2018-09-29 01:31:43'),
(13180, 32, 1, 92, '2018-06-13 16:17:35'),
(13181, 49, 1, 12, '2017-11-07 05:27:51'),
(13182, 39, 1, 66, '2018-05-12 18:55:17'),
(13183, 37, 1, 91, '2018-02-25 17:53:24'),
(13184, 48, 1, 34, '2018-08-06 11:11:38'),
(13185, 48, 1, 56, '2018-06-04 09:20:04'),
(13186, 43, 1, 69, '2017-11-30 11:42:36'),
(13187, 46, 1, 82, '2018-09-09 02:19:03'),
(13188, 40, 1, 62, '2017-11-29 21:54:54'),
(13189, 41, 1, 72, '2017-10-27 04:08:51'),
(13190, 49, 1, 98, '2018-08-19 14:35:40'),
(13191, 41, 1, 27, '2018-05-25 01:48:16'),
(13192, 34, 1, 35, '2017-10-17 00:21:18'),
(13193, 26, 1, 100, '2017-10-29 12:14:59'),
(13194, 19, 1, 92, '2018-04-26 11:22:23'),
(13195, 24, 1, 98, '2018-03-12 13:29:27'),
(13196, 50, 1, 16, '2017-11-13 23:46:55'),
(13197, 41, 1, 81, '2017-11-14 10:05:42'),
(13198, 8, 1, 96, '2018-06-06 19:30:24'),
(13199, 1, 1, 51, '2017-10-05 04:42:16'),
(13200, 42, 1, 67, '2017-11-17 06:26:49'),
(13201, 5, 1, 19, '2018-02-25 04:24:52'),
(13202, 21, 1, 20, '2018-05-09 00:49:51'),
(13203, 48, 1, 86, '2018-04-10 14:22:40'),
(13204, 47, 1, 83, '2018-07-29 17:41:10'),
(13205, 26, 1, 43, '2018-04-13 02:26:10'),
(13206, 32, 1, 98, '2018-08-07 04:37:55'),
(13207, 30, 1, 26, '2017-10-11 14:06:44'),
(13208, 12, 1, 99, '2017-11-14 07:06:59'),
(13209, 19, 1, 67, '2018-09-30 20:47:45'),
(13210, 19, 1, 33, '2018-04-26 17:43:48'),
(13211, 19, 1, 13, '2018-08-24 05:09:10'),
(13212, 23, 1, 71, '2018-07-14 20:01:29'),
(13213, 23, 1, 78, '2018-03-10 17:54:19'),
(13214, 34, 1, 13, '2018-06-24 12:13:13'),
(13215, 25, 1, 56, '2018-08-29 10:43:54'),
(13216, 19, 1, 44, '2018-09-11 06:35:17'),
(13217, 38, 1, 82, '2018-01-19 15:10:18'),
(13218, 11, 1, 48, '2017-12-05 07:22:10'),
(13219, 14, 1, 95, '2018-07-18 14:28:14'),
(13220, 29, 1, 60, '2017-12-16 14:48:01'),
(13221, 15, 1, 10, '2018-09-29 02:15:30'),
(13222, 10, 1, 78, '2018-04-06 19:47:58'),
(13223, 26, 1, 34, '2018-06-21 13:29:05'),
(13224, 21, 1, 35, '2018-01-07 21:30:41'),
(13225, 16, 1, 59, '2018-02-25 02:09:06'),
(13226, 25, 1, 23, '2018-03-18 08:06:01'),
(13227, 17, 1, 83, '2017-11-08 16:13:57'),
(13228, 46, 1, 72, '2017-12-24 01:10:20'),
(13229, 33, 1, 18, '2018-09-10 15:48:15'),
(13230, 13, 1, 37, '2018-09-12 03:46:48'),
(13231, 19, 1, 35, '2017-12-24 00:57:22'),
(13232, 31, 1, 67, '2018-08-26 13:19:40'),
(13233, 1, 1, 47, '2017-12-04 05:02:20'),
(13234, 50, 1, 70, '2018-03-24 17:36:43'),
(13235, 26, 1, 56, '2017-10-26 18:41:12'),
(13236, 1, 1, 76, '2017-11-26 09:42:48'),
(13237, 33, 1, 74, '2018-06-23 02:23:02'),
(13238, 11, 1, 64, '2018-03-30 08:49:24'),
(13239, 12, 1, 83, '2017-11-02 02:03:01'),
(13240, 36, 1, 76, '2017-12-06 12:11:55'),
(13241, 13, 1, 62, '2018-01-03 07:37:23'),
(13242, 6, 1, 31, '2018-07-10 18:24:51'),
(13243, 7, 1, 34, '2017-11-05 21:30:39'),
(13244, 13, 1, 57, '2018-09-04 07:24:28'),
(13245, 44, 1, 20, '2017-11-19 23:20:37'),
(13246, 1, 1, 19, '2018-02-28 12:27:53'),
(13247, 18, 1, 96, '2018-05-12 00:56:34'),
(13248, 2, 1, 99, '2017-12-24 06:36:25'),
(13249, 27, 1, 57, '2018-07-20 06:25:17'),
(13250, 13, 1, 15, '2018-09-08 11:05:13'),
(13251, 10, 1, 43, '2018-02-26 11:51:39'),
(13252, 41, 1, 82, '2018-02-19 11:33:48'),
(13253, 30, 1, 96, '2018-07-30 13:52:16'),
(13254, 39, 1, 89, '2017-11-20 07:18:33'),
(13255, 3, 1, 48, '2018-01-20 16:07:22'),
(13256, 19, 1, 49, '2018-08-14 09:52:32'),
(13257, 40, 1, 83, '2018-02-06 20:27:41'),
(13258, 18, 1, 34, '2017-10-05 03:50:34'),
(13259, 13, 1, 58, '2018-06-14 01:07:49'),
(13260, 2, 1, 32, '2018-03-25 04:51:06'),
(13261, 5, 1, 89, '2018-03-18 06:38:14'),
(13262, 7, 1, 86, '2018-01-01 19:26:20'),
(13263, 15, 1, 62, '2018-07-23 17:08:38'),
(13264, 42, 1, 68, '2018-05-06 07:50:36'),
(13265, 19, 1, 61, '2018-02-12 20:14:12'),
(13266, 32, 1, 61, '2018-01-09 12:15:09'),
(13267, 44, 1, 78, '2018-06-25 16:56:02'),
(13268, 36, 1, 59, '2018-05-13 04:28:58'),
(13269, 23, 1, 88, '2018-09-05 15:21:00'),
(13270, 43, 1, 98, '2018-02-18 16:03:54'),
(13271, 35, 1, 74, '2018-03-10 14:07:57'),
(13272, 23, 1, 64, '2018-01-30 17:05:17'),
(13273, 45, 1, 42, '2017-10-17 08:34:48'),
(13274, 31, 1, 33, '2017-12-29 04:18:45'),
(13275, 44, 1, 57, '2017-11-19 06:17:45'),
(13276, 22, 1, 75, '2018-02-08 10:24:21'),
(13277, 22, 1, 89, '2017-10-02 08:27:09'),
(13278, 37, 1, 51, '2018-08-24 17:38:08'),
(13279, 5, 1, 66, '2018-03-11 13:48:30'),
(13280, 29, 1, 38, '2018-03-21 22:40:22'),
(13281, 17, 1, 47, '2018-04-20 17:41:04'),
(13282, 9, 1, 20, '2018-08-13 02:35:17'),
(13283, 43, 1, 48, '2018-07-29 07:40:38'),
(13284, 50, 1, 79, '2018-09-16 08:37:50'),
(13285, 17, 1, 11, '2018-08-07 04:53:09'),
(13286, 16, 1, 25, '2018-04-23 13:57:51'),
(13287, 11, 1, 34, '2018-07-18 03:07:30'),
(13288, 7, 1, 22, '2018-09-20 04:41:37'),
(13289, 38, 1, 57, '2017-12-17 02:53:58'),
(13290, 45, 1, 28, '2018-08-23 07:27:43'),
(13291, 26, 1, 55, '2018-01-17 15:49:56'),
(13292, 40, 1, 56, '2018-04-11 01:35:17'),
(13293, 2, 1, 52, '2018-07-18 14:55:56'),
(13294, 13, 1, 12, '2018-03-03 16:45:32'),
(13295, 34, 1, 41, '2018-01-25 16:03:08'),
(13296, 29, 1, 86, '2017-12-12 14:05:04'),
(13297, 21, 1, 14, '2018-03-20 07:33:35'),
(13298, 22, 1, 41, '2018-02-13 19:48:39'),
(13299, 10, 1, 40, '2017-12-19 15:45:39'),
(13300, 4, 1, 64, '2018-05-05 15:28:54'),
(13301, 32, 1, 78, '2018-06-07 16:04:35'),
(13302, 25, 1, 27, '2018-02-23 18:02:12'),
(13303, 39, 1, 56, '2018-06-17 14:24:16'),
(13304, 36, 1, 84, '2018-01-02 11:02:04'),
(13305, 19, 1, 81, '2018-02-04 10:12:14'),
(13306, 35, 1, 66, '2018-05-01 16:53:29'),
(13307, 37, 1, 93, '2018-07-13 18:03:01'),
(13308, 30, 1, 94, '2018-01-24 13:54:12'),
(13309, 24, 1, 86, '2018-09-09 13:23:47'),
(13310, 8, 1, 42, '2018-04-25 06:00:15'),
(13311, 8, 1, 66, '2017-12-30 13:57:56'),
(13312, 3, 1, 15, '2018-04-12 13:55:17'),
(13313, 1, 1, 72, '2017-12-18 19:50:38'),
(13314, 50, 1, 64, '2018-01-13 19:04:30'),
(13315, 45, 1, 41, '2017-11-25 09:50:00'),
(13316, 20, 1, 93, '2017-12-29 22:29:11'),
(13317, 43, 1, 18, '2018-03-25 09:17:27'),
(13318, 25, 1, 19, '2018-08-13 20:32:40'),
(13319, 49, 1, 92, '2017-10-14 11:40:58'),
(13320, 35, 1, 48, '2018-04-04 06:54:36'),
(13321, 9, 1, 52, '2017-10-29 07:15:57'),
(13322, 42, 1, 14, '2017-11-18 06:22:53'),
(13323, 10, 1, 12, '2018-08-08 17:49:48'),
(13324, 37, 1, 65, '2018-05-29 12:10:38'),
(13325, 27, 1, 23, '2018-08-22 20:03:55'),
(13326, 20, 1, 81, '2018-06-19 04:43:50'),
(13327, 15, 1, 41, '2018-07-17 03:53:24'),
(13328, 20, 1, 45, '2018-08-12 23:32:21'),
(13329, 36, 1, 95, '2018-09-07 12:56:42'),
(13330, 34, 1, 37, '2018-01-18 07:03:22'),
(13331, 11, 1, 11, '2017-12-09 01:43:07'),
(13332, 28, 1, 78, '2018-08-15 18:37:13'),
(13333, 19, 1, 38, '2017-11-10 06:45:54'),
(13334, 11, 1, 11, '2017-10-06 13:56:33'),
(13335, 40, 1, 87, '2018-02-12 07:29:25'),
(13336, 27, 1, 35, '2017-12-12 23:09:11'),
(13337, 19, 1, 78, '2018-06-23 08:08:50'),
(13338, 37, 1, 13, '2018-06-02 14:42:21'),
(13339, 44, 1, 12, '2018-02-20 03:04:46'),
(13340, 42, 1, 34, '2018-08-01 21:36:02'),
(13341, 7, 1, 49, '2018-04-07 15:10:24'),
(13342, 8, 1, 16, '2018-04-03 04:44:25'),
(13343, 21, 1, 67, '2017-11-23 03:10:41'),
(13344, 5, 1, 40, '2018-09-26 08:37:22'),
(13345, 32, 1, 38, '2018-01-01 19:52:35'),
(13346, 22, 1, 100, '2018-02-03 09:23:45'),
(13347, 40, 1, 62, '2018-01-09 02:03:05'),
(13348, 34, 1, 62, '2017-12-05 14:20:19'),
(13349, 9, 1, 52, '2018-01-27 12:47:11'),
(13350, 37, 1, 37, '2018-02-09 20:59:59'),
(13351, 8, 1, 33, '2018-05-31 22:14:22'),
(13352, 21, 1, 68, '2018-07-01 08:20:11'),
(13353, 31, 1, 32, '2017-12-16 11:35:02'),
(13354, 32, 1, 100, '2017-12-01 20:03:17'),
(13355, 38, 1, 14, '2018-07-23 08:33:22'),
(13356, 24, 1, 12, '2018-07-06 10:34:13'),
(13357, 49, 1, 57, '2018-08-02 14:38:33'),
(13358, 49, 1, 23, '2018-06-23 02:43:20'),
(13359, 44, 1, 35, '2018-01-19 16:06:20'),
(13360, 16, 1, 44, '2017-12-22 01:14:24'),
(13361, 3, 1, 69, '2018-04-30 12:54:40'),
(13362, 9, 1, 73, '2018-01-29 11:22:30'),
(13363, 45, 1, 76, '2018-06-16 10:12:17'),
(13364, 17, 1, 16, '2018-05-15 23:05:05'),
(13365, 42, 1, 99, '2018-04-19 22:45:50'),
(13366, 28, 1, 100, '2018-02-19 19:41:37'),
(13367, 23, 1, 24, '2018-08-19 04:46:15'),
(13368, 25, 1, 76, '2017-12-21 08:55:11'),
(13369, 25, 1, 70, '2018-02-22 08:59:23'),
(13370, 44, 1, 22, '2017-10-07 18:39:22'),
(13371, 50, 1, 68, '2017-10-27 01:03:03'),
(13372, 3, 1, 65, '2018-07-24 00:16:32'),
(13373, 15, 1, 18, '2018-02-07 11:04:23'),
(13374, 48, 1, 48, '2018-09-08 10:32:05'),
(13375, 49, 1, 82, '2018-05-12 11:24:53'),
(13376, 44, 1, 34, '2018-02-24 03:12:07'),
(13377, 13, 1, 77, '2018-07-25 09:42:52'),
(13378, 32, 1, 46, '2018-08-30 01:44:10'),
(13379, 36, 1, 61, '2018-02-09 08:52:24'),
(13380, 34, 1, 37, '2018-03-16 23:01:49'),
(13381, 12, 1, 69, '2018-09-30 19:10:08'),
(13382, 3, 1, 68, '2018-08-30 05:39:00'),
(13383, 31, 1, 69, '2018-08-14 13:55:56'),
(13384, 10, 1, 89, '2018-03-04 12:25:16'),
(13385, 3, 1, 92, '2018-05-16 10:39:29'),
(13386, 50, 1, 13, '2018-06-04 00:10:39'),
(13387, 5, 1, 27, '2018-07-12 06:21:43'),
(13388, 6, 1, 78, '2017-10-01 22:51:08'),
(13389, 3, 1, 52, '2018-06-26 23:11:31'),
(13390, 34, 1, 46, '2017-11-30 12:34:20'),
(13391, 37, 1, 78, '2018-03-03 13:12:29'),
(13392, 12, 1, 63, '2018-09-17 01:37:38'),
(13393, 10, 1, 94, '2018-06-16 08:02:26'),
(13394, 10, 1, 76, '2018-03-05 05:39:28'),
(13395, 23, 1, 48, '2018-05-13 12:08:58'),
(13396, 10, 1, 26, '2018-06-19 13:47:28'),
(13397, 48, 1, 39, '2018-06-14 00:28:41'),
(13398, 19, 1, 29, '2018-05-05 13:57:04'),
(13399, 16, 1, 51, '2018-09-26 04:34:33'),
(13400, 49, 1, 64, '2018-05-18 06:15:26'),
(13401, 49, 1, 55, '2018-07-29 03:32:29'),
(13402, 36, 1, 60, '2017-10-13 20:40:49'),
(13403, 42, 1, 19, '2018-05-26 20:13:29'),
(13404, 30, 1, 16, '2018-06-10 19:33:18'),
(13405, 32, 1, 79, '2018-05-05 21:00:06'),
(13406, 39, 1, 48, '2018-03-03 00:53:49'),
(13407, 49, 1, 11, '2018-05-01 14:04:23'),
(13408, 45, 1, 55, '2018-02-01 19:15:31'),
(13409, 37, 1, 90, '2018-06-24 09:59:45'),
(13410, 33, 1, 56, '2018-04-15 10:40:26'),
(13411, 33, 1, 36, '2018-08-24 00:02:34'),
(13412, 22, 1, 22, '2018-07-05 12:54:04'),
(13413, 18, 1, 69, '2018-09-12 10:53:30'),
(13414, 15, 1, 91, '2017-10-13 04:23:37'),
(13415, 22, 1, 44, '2018-09-09 00:39:44'),
(13416, 42, 1, 71, '2018-09-28 20:39:02'),
(13417, 24, 1, 38, '2017-11-03 09:07:42'),
(13418, 16, 1, 12, '2018-02-20 21:19:36'),
(13419, 46, 1, 44, '2018-04-13 11:54:51'),
(13420, 16, 1, 93, '2017-10-18 07:11:45'),
(13421, 8, 1, 54, '2018-08-31 09:47:26'),
(13422, 41, 1, 58, '2017-10-20 14:23:02'),
(13423, 16, 1, 96, '2018-05-11 10:31:57'),
(13424, 7, 1, 84, '2018-07-24 18:46:06'),
(13425, 13, 1, 64, '2018-03-16 08:08:27'),
(13426, 8, 1, 35, '2018-09-23 17:37:23'),
(13427, 17, 1, 88, '2018-02-07 04:27:18'),
(13428, 21, 1, 16, '2017-10-20 22:45:09'),
(13429, 29, 1, 19, '2018-02-11 19:54:12'),
(13430, 46, 1, 35, '2017-10-27 10:30:39'),
(13431, 34, 1, 37, '2017-11-09 11:09:01'),
(13432, 1, 1, 18, '2018-06-25 00:56:26'),
(13433, 27, 1, 94, '2018-09-19 23:38:54'),
(13434, 48, 1, 31, '2018-06-01 10:29:54'),
(13435, 15, 1, 25, '2018-06-18 05:09:51'),
(13436, 25, 1, 31, '2017-10-26 21:47:35'),
(13437, 47, 1, 82, '2017-11-09 05:23:47'),
(13438, 24, 1, 97, '2018-09-17 12:18:27'),
(13439, 36, 1, 51, '2018-03-04 06:20:41'),
(13440, 25, 1, 100, '2018-01-14 04:22:04'),
(13441, 43, 1, 32, '2018-02-07 16:58:38'),
(13442, 42, 1, 26, '2018-08-02 09:57:42'),
(13443, 47, 1, 73, '2018-01-02 14:32:55'),
(13444, 1, 1, 84, '2018-08-12 09:49:02'),
(13445, 50, 1, 19, '2018-01-29 12:57:20'),
(13446, 29, 1, 34, '2018-02-01 12:51:38'),
(13447, 21, 1, 79, '2018-09-09 08:07:51'),
(13448, 34, 1, 39, '2018-08-07 23:14:16'),
(13449, 11, 1, 20, '2018-01-11 14:31:10'),
(13450, 38, 1, 32, '2018-09-06 14:36:14'),
(13451, 43, 1, 90, '2017-11-30 10:23:06'),
(13452, 18, 1, 16, '2017-12-04 08:14:12'),
(13453, 28, 1, 62, '2018-08-09 05:33:20'),
(13454, 30, 1, 17, '2018-08-13 15:16:23'),
(13455, 47, 1, 88, '2018-03-11 17:42:12'),
(13456, 42, 1, 69, '2018-09-23 11:33:03'),
(13457, 27, 1, 56, '2018-08-22 08:46:42'),
(13458, 28, 1, 12, '2018-02-17 04:46:45'),
(13459, 44, 1, 47, '2018-04-04 00:07:14'),
(13460, 40, 1, 33, '2018-01-06 17:44:53'),
(13461, 19, 1, 96, '2018-07-10 02:45:34'),
(13462, 47, 1, 85, '2018-02-27 09:03:57'),
(13463, 41, 1, 77, '2018-05-28 07:15:28'),
(13464, 48, 1, 100, '2018-08-22 06:57:29'),
(13465, 47, 1, 50, '2018-06-22 00:09:18'),
(13466, 9, 1, 37, '2018-06-13 20:29:19'),
(13467, 28, 1, 31, '2018-09-20 14:03:25'),
(13468, 45, 1, 14, '2018-06-17 15:11:45'),
(13469, 27, 1, 89, '2018-05-31 06:20:12'),
(13470, 49, 1, 44, '2018-08-15 21:09:07'),
(13471, 25, 1, 55, '2018-06-26 04:14:11'),
(13472, 5, 1, 70, '2018-09-14 03:07:41'),
(13473, 8, 1, 45, '2018-09-09 19:15:57'),
(13474, 19, 1, 16, '2017-10-31 22:01:41'),
(13475, 19, 1, 96, '2018-02-12 15:43:12'),
(13476, 33, 1, 38, '2018-01-26 17:07:39'),
(13477, 24, 1, 79, '2018-02-21 04:59:14'),
(13478, 45, 1, 96, '2018-03-06 01:54:02'),
(13479, 37, 1, 32, '2017-12-10 01:51:02'),
(13480, 30, 1, 55, '2017-12-29 22:30:57'),
(13481, 47, 1, 74, '2018-06-06 16:28:01'),
(13482, 39, 1, 93, '2018-02-01 07:57:42'),
(13483, 48, 1, 35, '2017-11-03 05:23:29'),
(13484, 9, 1, 11, '2018-05-20 18:21:38'),
(13485, 32, 1, 71, '2018-07-24 04:19:13'),
(13486, 2, 1, 77, '2018-05-16 09:03:52'),
(13487, 46, 1, 38, '2018-07-03 13:07:22'),
(13488, 8, 1, 93, '2018-05-23 23:11:16'),
(13489, 29, 1, 99, '2018-05-31 00:47:53'),
(13490, 22, 1, 72, '2018-02-17 04:10:38'),
(13491, 11, 1, 54, '2018-03-26 04:49:26'),
(13492, 50, 1, 12, '2018-01-29 18:23:49'),
(13493, 35, 1, 100, '2018-09-06 02:38:53'),
(13494, 21, 1, 57, '2018-09-09 02:51:34'),
(13495, 42, 1, 66, '2018-08-11 06:54:16'),
(13496, 29, 1, 16, '2018-01-11 11:36:38'),
(13497, 24, 1, 28, '2018-02-13 14:49:58'),
(13498, 26, 1, 98, '2017-10-23 14:30:21'),
(13499, 8, 1, 24, '2018-03-22 08:41:48'),
(13500, 35, 1, 90, '2018-04-14 18:49:03'),
(13501, 43, 1, 31, '2017-11-15 20:31:55'),
(13502, 6, 1, 43, '2018-03-17 16:45:42'),
(13503, 10, 1, 54, '2018-07-09 20:10:36'),
(13504, 5, 1, 38, '2018-02-07 11:50:31'),
(13505, 33, 1, 31, '2018-01-23 11:25:46'),
(13506, 28, 1, 79, '2018-02-10 16:38:28'),
(13507, 48, 1, 78, '2017-10-06 01:43:03'),
(13508, 44, 1, 80, '2017-12-15 05:00:31'),
(13509, 4, 1, 67, '2018-03-12 23:23:02'),
(13510, 42, 1, 42, '2017-10-19 12:36:50'),
(13511, 21, 1, 69, '2017-10-20 19:54:59'),
(13512, 32, 1, 21, '2018-05-20 08:57:43'),
(13513, 12, 1, 56, '2017-11-28 18:42:05'),
(13514, 26, 1, 37, '2017-10-23 12:59:36'),
(13515, 25, 1, 19, '2017-11-08 18:59:54'),
(13516, 36, 1, 23, '2017-12-12 23:30:00'),
(13517, 17, 1, 81, '2017-10-15 15:47:12'),
(13518, 11, 1, 86, '2018-06-25 11:34:35'),
(13519, 7, 1, 65, '2018-01-01 19:11:54'),
(13520, 34, 1, 32, '2018-04-09 02:51:59'),
(13521, 26, 1, 97, '2018-01-26 02:34:32'),
(13522, 20, 1, 12, '2018-01-06 03:09:47'),
(13523, 30, 1, 56, '2018-01-06 21:42:38'),
(13524, 2, 1, 76, '2018-02-17 01:06:46'),
(13525, 35, 1, 32, '2017-10-17 06:28:14'),
(13526, 1, 1, 66, '2018-05-27 14:41:17'),
(13527, 38, 1, 32, '2017-11-25 04:53:56'),
(13528, 47, 1, 41, '2017-10-10 21:06:42'),
(13529, 2, 1, 26, '2018-09-12 13:45:49'),
(13530, 40, 1, 52, '2017-12-24 05:23:06'),
(13531, 26, 1, 92, '2018-02-21 15:48:56'),
(13532, 13, 1, 28, '2017-10-07 08:43:33'),
(13533, 40, 1, 61, '2018-06-03 19:52:23'),
(13534, 18, 1, 77, '2017-12-06 14:40:32'),
(13535, 12, 1, 26, '2018-05-25 20:54:48'),
(13536, 9, 1, 57, '2018-01-28 01:00:25'),
(13537, 23, 1, 69, '2018-06-21 10:54:02'),
(13538, 32, 1, 30, '2018-01-21 06:42:50'),
(13539, 2, 1, 54, '2018-09-04 15:53:28'),
(13540, 41, 1, 16, '2018-04-29 00:31:55'),
(13541, 47, 1, 100, '2018-04-17 06:47:30'),
(13542, 35, 1, 57, '2017-12-22 04:53:37'),
(13543, 23, 1, 17, '2017-11-17 10:13:52'),
(13544, 14, 1, 66, '2018-01-28 18:07:53'),
(13545, 37, 1, 50, '2018-03-28 06:42:58'),
(13546, 23, 1, 10, '2017-12-27 00:31:15'),
(13547, 27, 1, 26, '2018-01-09 11:51:30'),
(13548, 20, 1, 19, '2018-08-31 21:46:27'),
(13549, 50, 1, 84, '2018-04-22 08:28:31'),
(13550, 42, 1, 63, '2018-05-10 08:09:17'),
(13551, 15, 1, 50, '2017-10-31 12:03:18'),
(13552, 45, 1, 59, '2018-03-08 04:42:06'),
(13553, 43, 1, 29, '2018-02-12 22:00:32'),
(13554, 50, 1, 81, '2017-12-04 00:10:23'),
(13555, 40, 1, 42, '2018-07-08 15:56:07'),
(13556, 25, 1, 57, '2017-11-01 11:08:10'),
(13557, 24, 1, 100, '2017-12-31 04:22:38'),
(13558, 13, 1, 75, '2018-01-05 15:36:22'),
(13559, 44, 1, 74, '2018-07-17 08:36:53'),
(13560, 48, 1, 94, '2017-11-17 03:06:16'),
(13561, 15, 1, 23, '2017-12-23 13:10:45'),
(13562, 24, 1, 55, '2018-04-01 11:21:07'),
(13563, 46, 1, 29, '2018-04-10 04:16:13'),
(13564, 42, 1, 87, '2018-09-29 20:59:55'),
(13565, 1, 1, 73, '2017-12-16 07:24:37'),
(13566, 39, 1, 19, '2018-09-01 20:59:24'),
(13567, 22, 1, 81, '2018-01-07 23:44:20'),
(13568, 1, 1, 87, '2018-01-24 23:18:23'),
(13569, 47, 1, 41, '2018-02-15 18:29:34'),
(13570, 9, 1, 26, '2018-04-20 23:02:22'),
(13571, 10, 1, 45, '2018-06-17 02:18:38'),
(13572, 24, 1, 92, '2018-03-07 06:06:10'),
(13573, 47, 1, 16, '2018-05-07 18:01:07'),
(13574, 48, 1, 65, '2018-09-16 01:14:13'),
(13575, 42, 1, 44, '2017-10-21 18:53:00'),
(13576, 9, 1, 25, '2018-07-24 09:58:07'),
(13577, 24, 1, 46, '2018-09-15 20:10:25'),
(13578, 49, 1, 82, '2017-11-07 18:57:13'),
(13579, 40, 1, 24, '2018-07-24 11:32:59'),
(13580, 18, 1, 66, '2018-04-16 16:54:36'),
(13581, 39, 1, 16, '2018-07-22 20:02:22'),
(13582, 44, 1, 92, '2018-05-07 06:19:48'),
(13583, 45, 1, 54, '2018-06-01 17:21:23'),
(13584, 44, 1, 95, '2018-02-20 19:58:25'),
(13585, 41, 1, 32, '2018-04-14 11:49:25'),
(13586, 41, 1, 90, '2018-05-31 19:51:25'),
(13587, 47, 1, 33, '2017-11-20 15:11:20'),
(13588, 22, 1, 79, '2018-04-28 02:38:03'),
(13589, 28, 1, 50, '2018-05-19 18:53:27'),
(13590, 13, 1, 23, '2017-12-06 01:40:50'),
(13591, 45, 1, 62, '2018-04-18 14:52:32'),
(13592, 44, 1, 98, '2018-08-09 19:39:55'),
(13593, 24, 1, 20, '2017-11-17 04:08:49'),
(13594, 31, 1, 17, '2018-05-21 01:49:58'),
(13595, 39, 1, 79, '2018-06-11 18:14:23'),
(13596, 4, 1, 73, '2017-11-24 08:15:44'),
(13597, 2, 1, 95, '2018-04-07 02:46:17'),
(13598, 26, 1, 77, '2018-07-16 07:34:16'),
(13599, 15, 1, 100, '2018-05-30 08:28:34'),
(13600, 33, 1, 82, '2017-12-21 00:45:04'),
(13601, 37, 1, 30, '2018-06-05 08:27:41'),
(13602, 28, 1, 86, '2018-02-02 11:07:18'),
(13603, 36, 1, 23, '2018-02-17 04:58:33'),
(13604, 32, 1, 17, '2018-09-14 19:41:11'),
(13605, 24, 1, 56, '2018-03-15 09:10:50'),
(13606, 1, 1, 66, '2017-11-26 23:46:17'),
(13607, 25, 1, 62, '2017-12-29 12:06:20'),
(13608, 34, 1, 72, '2018-08-28 06:37:05'),
(13609, 2, 1, 92, '2018-09-11 21:07:41'),
(13610, 10, 1, 91, '2018-06-24 04:19:35'),
(13611, 29, 1, 25, '2018-09-05 15:20:39'),
(13612, 1, 1, 84, '2017-11-17 15:27:30'),
(13613, 37, 1, 36, '2018-06-23 05:29:20'),
(13614, 13, 1, 12, '2018-10-01 04:06:31'),
(13615, 11, 1, 48, '2018-03-07 14:31:27'),
(13616, 46, 1, 65, '2017-10-19 22:08:19'),
(13617, 37, 1, 64, '2017-10-16 21:20:50'),
(13618, 5, 1, 55, '2018-05-02 12:40:46'),
(13619, 38, 1, 45, '2018-08-07 23:53:21'),
(13620, 19, 1, 56, '2018-02-24 20:33:37'),
(13621, 47, 1, 94, '2018-06-10 16:24:38'),
(13622, 40, 1, 78, '2018-07-23 05:20:33'),
(13623, 42, 1, 15, '2018-08-09 06:56:11'),
(13624, 35, 1, 72, '2018-05-25 21:16:25'),
(13625, 48, 1, 72, '2018-01-24 17:44:50'),
(13626, 3, 1, 85, '2017-12-07 21:06:59'),
(13627, 12, 1, 49, '2018-06-08 20:11:22'),
(13628, 37, 1, 69, '2018-06-03 02:24:24'),
(13629, 3, 1, 76, '2018-06-03 20:28:34'),
(13630, 43, 1, 53, '2018-05-28 19:03:18'),
(13631, 28, 1, 61, '2018-06-18 08:29:10'),
(13632, 42, 1, 61, '2018-05-30 09:02:44'),
(13633, 34, 1, 46, '2018-02-21 19:19:10'),
(13634, 9, 1, 46, '2017-11-03 17:41:10'),
(13635, 33, 1, 97, '2017-10-27 15:20:50'),
(13636, 7, 1, 77, '2018-06-03 18:17:59'),
(13637, 11, 1, 44, '2018-02-18 23:38:05'),
(13638, 23, 1, 67, '2018-03-15 07:16:45'),
(13639, 20, 1, 54, '2018-03-14 07:50:54'),
(13640, 47, 1, 96, '2018-07-25 10:57:55'),
(13641, 29, 1, 97, '2017-11-09 04:01:07'),
(13642, 46, 1, 58, '2018-01-02 23:35:12'),
(13643, 44, 1, 90, '2018-03-14 07:05:35'),
(13644, 44, 1, 49, '2018-05-14 05:41:49'),
(13645, 35, 1, 91, '2018-07-23 02:27:52'),
(13646, 2, 1, 93, '2017-12-07 12:12:37'),
(13647, 27, 1, 31, '2018-09-27 01:11:03'),
(13648, 13, 1, 100, '2018-05-31 06:52:07'),
(13649, 29, 1, 31, '2018-05-26 19:06:56'),
(13650, 50, 1, 30, '2017-10-10 19:36:36'),
(13651, 5, 1, 40, '2018-03-04 02:53:34'),
(13652, 49, 1, 42, '2018-04-14 16:37:26'),
(13653, 3, 1, 48, '2018-01-11 02:39:14'),
(13654, 34, 1, 15, '2018-09-15 13:53:11'),
(13655, 6, 1, 31, '2018-05-31 13:36:11'),
(13656, 12, 1, 83, '2018-08-31 13:26:51'),
(13657, 44, 1, 29, '2017-11-03 14:44:49'),
(13658, 7, 1, 97, '2018-01-10 19:01:58'),
(13659, 46, 1, 41, '2017-10-26 02:16:43'),
(13660, 29, 1, 81, '2018-04-18 00:09:15'),
(13661, 45, 1, 46, '2018-07-30 05:40:56'),
(13662, 9, 1, 37, '2017-12-19 16:21:54'),
(13663, 18, 1, 92, '2017-10-08 17:05:46'),
(13664, 27, 1, 76, '2017-10-14 16:02:35'),
(13665, 14, 1, 86, '2018-07-21 12:11:31'),
(13666, 13, 1, 97, '2017-12-23 18:26:01'),
(13667, 20, 1, 74, '2018-05-03 23:39:48');
INSERT INTO `ratings_balls` (`pk`, `fk_user`, `fk_message`, `ball`, `ball_datetime`) VALUES
(13668, 33, 1, 46, '2017-10-09 02:18:21'),
(13669, 5, 1, 67, '2018-04-13 15:16:40'),
(13670, 14, 1, 82, '2017-10-07 15:14:48'),
(13671, 36, 1, 58, '2018-04-01 04:23:54'),
(13672, 27, 1, 19, '2018-06-26 15:30:55'),
(13673, 46, 1, 81, '2018-07-24 08:29:17'),
(13674, 14, 1, 73, '2018-03-02 23:47:02'),
(13675, 26, 1, 88, '2018-09-22 23:42:01'),
(13676, 13, 1, 27, '2018-02-09 04:44:28'),
(13677, 12, 1, 95, '2018-03-08 14:40:49'),
(13678, 20, 1, 81, '2018-04-15 20:41:41'),
(13679, 33, 1, 29, '2018-02-15 04:50:19'),
(13680, 4, 1, 49, '2018-08-04 18:08:12'),
(13681, 21, 1, 12, '2018-09-02 10:54:25'),
(13682, 22, 1, 59, '2017-12-03 05:20:18'),
(13683, 1, 1, 95, '2018-05-29 21:23:58'),
(13684, 30, 1, 55, '2017-12-26 20:25:20'),
(13685, 49, 1, 90, '2017-12-05 17:20:02'),
(13686, 14, 1, 27, '2018-03-13 07:57:34'),
(13687, 28, 1, 60, '2018-04-30 17:14:17'),
(13688, 29, 1, 42, '2018-06-05 19:39:36'),
(13689, 24, 1, 62, '2018-08-04 08:21:28'),
(13690, 44, 1, 20, '2018-09-18 14:23:17'),
(13691, 18, 1, 21, '2018-04-10 12:30:38'),
(13692, 28, 1, 30, '2018-06-20 06:18:33'),
(13693, 23, 1, 56, '2018-09-27 13:40:27'),
(13694, 29, 1, 50, '2018-09-28 03:25:08'),
(13695, 41, 1, 24, '2018-05-29 16:47:11'),
(13696, 47, 1, 10, '2018-09-05 01:41:18'),
(13697, 33, 1, 96, '2018-01-07 23:19:41'),
(13698, 50, 1, 74, '2018-01-02 10:23:46'),
(13699, 5, 1, 60, '2017-10-30 07:18:51'),
(13700, 24, 1, 20, '2018-05-26 00:17:37'),
(13701, 25, 1, 56, '2018-08-30 10:09:57'),
(13702, 4, 1, 97, '2017-12-29 04:55:46'),
(13703, 28, 1, 54, '2018-01-06 18:55:06'),
(13704, 33, 1, 52, '2018-07-28 01:27:57'),
(13705, 12, 1, 77, '2018-03-11 17:51:24'),
(13706, 17, 1, 81, '2017-10-19 15:32:17'),
(13707, 48, 1, 68, '2018-06-08 22:19:33'),
(13708, 45, 1, 61, '2018-01-05 06:04:59'),
(13709, 44, 1, 15, '2018-08-29 11:28:32'),
(13710, 16, 1, 97, '2018-04-28 18:35:04'),
(13711, 22, 1, 39, '2017-11-07 22:20:43'),
(13712, 49, 1, 72, '2017-11-27 10:44:51'),
(13713, 24, 1, 81, '2018-04-18 23:41:33'),
(13714, 46, 1, 84, '2018-01-14 10:03:28'),
(13715, 7, 1, 86, '2018-02-13 02:11:08'),
(13716, 14, 1, 18, '2018-03-03 20:56:44'),
(13717, 21, 1, 73, '2018-01-18 03:30:10'),
(13718, 33, 1, 35, '2018-02-11 02:55:27'),
(13719, 38, 1, 52, '2018-05-24 14:02:24'),
(13720, 19, 1, 21, '2018-07-24 20:05:01'),
(13721, 49, 1, 60, '2018-05-28 04:34:03'),
(13722, 8, 1, 83, '2018-09-15 12:17:03'),
(13723, 25, 1, 72, '2018-06-27 04:32:09'),
(13724, 15, 1, 77, '2018-04-08 01:15:36'),
(13725, 29, 1, 89, '2018-09-01 12:11:03'),
(13726, 28, 1, 39, '2018-03-22 23:48:48'),
(13727, 26, 1, 57, '2017-12-07 07:24:02'),
(13728, 38, 1, 42, '2017-12-19 12:46:12'),
(13729, 15, 1, 21, '2018-01-17 20:44:30'),
(13730, 10, 1, 84, '2018-02-10 18:58:51'),
(13731, 6, 1, 75, '2018-03-06 13:20:04'),
(13732, 39, 1, 98, '2017-12-01 06:42:48'),
(13733, 48, 1, 29, '2018-05-20 04:28:48'),
(13734, 47, 1, 75, '2017-12-03 21:29:26'),
(13735, 33, 1, 98, '2018-05-21 06:18:30'),
(13736, 10, 1, 41, '2018-09-18 00:23:02'),
(13737, 42, 1, 35, '2018-08-23 04:08:32'),
(13738, 7, 1, 93, '2017-12-22 13:19:22'),
(13739, 25, 1, 41, '2018-07-17 11:43:34'),
(13740, 33, 1, 61, '2018-06-30 07:17:30'),
(13741, 32, 1, 47, '2017-10-25 00:31:42'),
(13742, 32, 1, 45, '2018-08-09 17:39:21'),
(13743, 23, 1, 24, '2018-08-04 20:34:01'),
(13744, 29, 1, 55, '2018-03-03 05:08:26'),
(13745, 41, 1, 86, '2018-03-28 10:06:38'),
(13746, 44, 1, 70, '2017-10-26 10:23:16'),
(13747, 39, 1, 26, '2018-04-23 18:09:43'),
(13748, 50, 1, 79, '2017-12-03 02:57:30'),
(13749, 29, 1, 35, '2018-02-23 15:26:48'),
(13750, 9, 1, 16, '2017-12-14 21:11:45'),
(13751, 34, 1, 56, '2017-10-08 13:06:29'),
(13752, 5, 1, 31, '2017-10-25 08:08:21'),
(13753, 9, 1, 24, '2018-01-06 02:51:03'),
(13754, 18, 1, 47, '2018-01-06 04:20:32'),
(13755, 48, 1, 43, '2018-03-07 12:12:21'),
(13756, 27, 1, 95, '2018-02-14 14:15:03'),
(13757, 15, 1, 24, '2017-12-28 10:10:10'),
(13758, 28, 1, 78, '2018-06-09 05:22:14'),
(13759, 34, 1, 48, '2018-02-20 20:36:34'),
(13760, 47, 1, 32, '2017-10-18 10:51:44'),
(13761, 2, 1, 45, '2018-04-18 00:51:45'),
(13762, 42, 1, 54, '2018-02-07 12:41:55'),
(13763, 9, 1, 85, '2018-04-20 17:29:36'),
(13764, 5, 1, 32, '2018-01-25 04:28:17'),
(13765, 18, 1, 83, '2018-01-24 19:59:02'),
(13766, 21, 1, 100, '2017-12-25 10:46:35'),
(13767, 24, 1, 39, '2018-03-11 09:08:19'),
(13768, 23, 1, 26, '2018-02-13 01:42:30'),
(13769, 43, 1, 74, '2018-06-08 17:29:15'),
(13770, 42, 1, 59, '2018-04-17 05:36:48'),
(13771, 48, 1, 32, '2018-04-05 22:47:41'),
(13772, 23, 1, 37, '2017-10-21 03:54:55'),
(13773, 7, 1, 59, '2017-12-18 00:15:20'),
(13774, 37, 1, 33, '2018-06-09 15:39:49'),
(13775, 28, 1, 76, '2018-07-02 21:53:27'),
(13776, 40, 1, 52, '2018-09-03 04:50:16'),
(13777, 4, 1, 15, '2018-05-09 13:08:02'),
(13778, 36, 1, 28, '2018-05-20 08:27:38'),
(13779, 22, 1, 30, '2018-07-02 01:28:03'),
(13780, 30, 1, 46, '2017-12-15 16:32:35'),
(13781, 9, 1, 73, '2017-11-10 10:01:17'),
(13782, 45, 1, 62, '2018-04-23 02:33:28'),
(13783, 12, 1, 83, '2018-06-29 06:35:24'),
(13784, 43, 1, 19, '2018-03-01 01:00:44'),
(13785, 18, 1, 71, '2017-12-03 18:42:22'),
(13786, 11, 1, 78, '2018-06-06 17:37:19'),
(13787, 10, 1, 46, '2018-01-26 23:08:05'),
(13788, 19, 1, 99, '2018-08-13 20:27:04'),
(13789, 36, 1, 49, '2018-02-08 03:39:34'),
(13790, 7, 1, 82, '2018-06-10 23:33:45'),
(13791, 7, 1, 39, '2018-08-28 07:08:27'),
(13792, 15, 1, 68, '2017-11-13 11:42:35'),
(13793, 9, 1, 57, '2018-01-05 04:47:19'),
(13794, 38, 1, 50, '2018-01-29 03:36:25'),
(13795, 27, 1, 60, '2018-06-23 03:05:20'),
(13796, 35, 1, 68, '2017-12-11 07:12:18'),
(13797, 33, 1, 19, '2018-04-11 02:48:16'),
(13798, 3, 1, 20, '2018-03-21 15:14:49'),
(13799, 28, 1, 32, '2018-03-03 22:58:12'),
(13800, 31, 1, 79, '2017-11-11 06:04:48'),
(13801, 26, 1, 96, '2017-11-02 11:26:47'),
(13802, 45, 1, 22, '2017-12-18 05:06:48'),
(13803, 10, 1, 46, '2018-04-08 03:26:20'),
(13804, 32, 1, 89, '2018-01-21 20:00:03'),
(13805, 46, 1, 13, '2018-04-07 18:56:02'),
(13806, 35, 1, 100, '2018-09-13 03:10:14'),
(13807, 17, 1, 44, '2018-01-28 16:23:54'),
(13808, 36, 1, 97, '2018-05-21 05:03:11'),
(13809, 48, 1, 73, '2017-11-07 05:47:35'),
(13810, 8, 1, 78, '2018-08-02 11:06:40'),
(13811, 33, 1, 89, '2018-03-30 15:30:12'),
(13812, 36, 1, 63, '2018-01-15 06:14:47'),
(13813, 47, 1, 15, '2018-07-16 11:02:34'),
(13814, 34, 1, 76, '2018-06-16 19:54:48'),
(13815, 14, 1, 100, '2018-04-20 03:23:48'),
(13816, 22, 1, 38, '2018-06-02 20:26:39'),
(13817, 29, 1, 22, '2018-07-13 18:01:22'),
(13818, 31, 1, 12, '2017-12-18 12:41:37'),
(13819, 30, 1, 99, '2018-08-02 16:05:06'),
(13820, 28, 1, 15, '2018-04-22 12:00:51'),
(13821, 3, 1, 45, '2018-02-17 11:22:08'),
(13822, 35, 1, 20, '2018-05-17 10:16:06'),
(13823, 39, 1, 64, '2018-03-23 07:32:50'),
(13824, 3, 1, 92, '2018-01-08 21:39:09'),
(13825, 50, 1, 67, '2018-07-23 07:40:24'),
(13826, 45, 1, 61, '2018-04-12 00:00:01'),
(13827, 10, 1, 75, '2018-07-30 10:10:57'),
(13828, 46, 1, 31, '2017-10-30 05:03:19'),
(13829, 24, 1, 26, '2018-09-30 21:44:26'),
(13830, 6, 1, 88, '2018-04-25 11:48:17'),
(13831, 31, 1, 16, '2018-07-24 22:30:17'),
(13832, 21, 1, 64, '2017-10-12 17:35:36'),
(13833, 5, 1, 94, '2018-01-10 10:47:31'),
(13834, 22, 1, 63, '2018-04-28 11:24:35'),
(13835, 31, 1, 86, '2018-08-23 07:49:48'),
(13836, 24, 1, 81, '2018-04-21 13:34:21'),
(13837, 23, 1, 56, '2018-02-08 15:04:29'),
(13838, 9, 1, 65, '2018-09-22 19:34:16'),
(13839, 4, 1, 14, '2018-02-02 10:42:23'),
(13840, 11, 1, 95, '2017-12-30 18:52:20'),
(13841, 26, 1, 37, '2017-12-10 10:14:45'),
(13842, 34, 1, 47, '2017-12-03 02:09:58'),
(13843, 29, 1, 96, '2018-07-06 14:46:26'),
(13844, 28, 1, 93, '2017-11-27 08:32:09'),
(13845, 21, 1, 28, '2018-08-30 09:51:30'),
(13846, 44, 1, 97, '2017-11-16 01:31:03'),
(13847, 43, 1, 35, '2018-09-27 22:21:23'),
(13848, 13, 1, 43, '2017-12-13 23:22:19'),
(13849, 48, 1, 30, '2018-05-09 20:54:19'),
(13850, 33, 1, 16, '2018-04-07 23:34:47'),
(13851, 50, 1, 74, '2018-03-14 20:31:32'),
(13852, 35, 1, 51, '2018-06-24 22:33:28'),
(13853, 22, 1, 37, '2017-10-13 11:38:10'),
(13854, 27, 1, 47, '2018-02-09 08:50:21'),
(13855, 50, 1, 72, '2018-01-03 04:08:56'),
(13856, 40, 1, 34, '2018-04-27 19:34:22'),
(13857, 31, 1, 50, '2018-07-15 21:48:02'),
(13858, 22, 1, 53, '2018-05-29 03:12:57'),
(13859, 8, 1, 74, '2018-07-12 13:03:40'),
(13860, 36, 1, 11, '2018-01-11 06:07:56'),
(13861, 16, 1, 68, '2018-08-14 10:44:21'),
(13862, 41, 1, 54, '2018-04-01 15:08:23'),
(13863, 23, 1, 86, '2018-06-14 07:55:38'),
(13864, 30, 1, 26, '2017-12-26 08:32:04'),
(13865, 7, 1, 75, '2018-04-10 12:49:59'),
(13866, 17, 1, 18, '2017-12-06 14:03:36'),
(13867, 11, 1, 32, '2018-05-16 10:32:20'),
(13868, 38, 1, 50, '2018-03-17 04:53:36'),
(13869, 11, 1, 56, '2018-03-16 05:12:07'),
(13870, 7, 1, 92, '2018-05-07 10:48:34'),
(13871, 23, 1, 93, '2018-04-01 12:05:07'),
(13872, 31, 1, 48, '2018-07-16 06:31:12'),
(13873, 20, 1, 87, '2017-12-02 07:39:44'),
(13874, 43, 1, 22, '2018-06-27 03:41:22'),
(13875, 2, 1, 98, '2018-07-07 10:42:51'),
(13876, 28, 1, 60, '2017-11-27 08:58:34'),
(13877, 37, 1, 71, '2018-05-25 13:45:38'),
(13878, 36, 1, 95, '2017-10-28 17:00:19'),
(13879, 35, 1, 41, '2018-06-01 15:53:02'),
(13880, 45, 1, 79, '2018-02-04 07:35:14'),
(13881, 14, 1, 42, '2018-05-07 06:58:09'),
(13882, 29, 1, 76, '2017-12-31 13:36:00'),
(13883, 21, 1, 33, '2018-01-29 15:00:53'),
(13884, 45, 1, 70, '2018-02-23 22:40:25'),
(13885, 32, 1, 49, '2018-03-27 15:45:31'),
(13886, 21, 1, 35, '2018-07-17 22:39:14'),
(13887, 33, 1, 16, '2017-11-19 08:28:34'),
(13888, 48, 1, 11, '2017-12-22 04:03:50'),
(13889, 42, 1, 28, '2018-06-22 08:53:15'),
(13890, 50, 1, 55, '2017-10-26 17:23:47'),
(13891, 26, 1, 66, '2018-02-22 23:54:18'),
(13892, 5, 1, 45, '2018-06-16 08:59:31'),
(13893, 40, 1, 15, '2018-01-28 05:51:46'),
(13894, 40, 1, 88, '2018-06-27 13:43:58'),
(13895, 22, 1, 62, '2018-02-12 20:06:15'),
(13896, 43, 1, 73, '2017-12-19 18:48:35'),
(13897, 21, 1, 61, '2018-01-07 09:46:15'),
(13898, 12, 1, 96, '2018-01-12 13:57:21'),
(13899, 36, 1, 48, '2018-01-28 21:33:20'),
(13900, 22, 1, 64, '2018-03-13 22:13:14'),
(13901, 17, 1, 53, '2017-11-21 14:00:11'),
(13902, 32, 1, 11, '2018-02-07 20:27:58'),
(13903, 43, 1, 52, '2018-06-10 13:55:20'),
(13904, 11, 1, 18, '2017-11-27 12:22:42'),
(13905, 9, 1, 15, '2018-02-06 15:39:25'),
(13906, 14, 1, 38, '2017-11-07 05:42:51'),
(13907, 17, 1, 62, '2018-03-02 00:14:20'),
(13908, 13, 1, 78, '2018-05-07 22:08:31'),
(13909, 33, 1, 56, '2018-09-20 16:27:29'),
(13910, 27, 1, 38, '2018-03-04 04:57:02'),
(13911, 48, 1, 47, '2018-01-12 22:11:19'),
(13912, 5, 1, 22, '2018-08-18 03:43:46'),
(13913, 50, 1, 91, '2017-12-29 19:19:34'),
(13914, 22, 1, 33, '2018-01-07 14:24:41'),
(13915, 19, 1, 75, '2017-10-14 06:54:23'),
(13916, 12, 1, 48, '2018-06-20 04:50:17'),
(13917, 29, 1, 68, '2017-11-16 06:53:07'),
(13918, 31, 1, 33, '2017-10-30 15:34:51'),
(13919, 25, 1, 10, '2018-07-20 02:35:18'),
(13920, 12, 1, 49, '2018-02-07 00:32:22'),
(13921, 43, 1, 30, '2018-09-21 08:03:22'),
(13922, 36, 1, 54, '2018-08-07 14:34:02'),
(13923, 23, 1, 100, '2018-07-09 23:20:01'),
(13924, 47, 1, 33, '2018-03-14 05:06:48'),
(13925, 1, 1, 38, '2018-09-15 10:27:36'),
(13926, 25, 1, 60, '2017-10-06 00:48:01'),
(13927, 44, 1, 21, '2018-02-06 00:00:03'),
(13928, 4, 1, 37, '2017-12-10 11:12:05'),
(13929, 20, 1, 64, '2018-07-25 06:55:38'),
(13930, 48, 1, 100, '2018-06-12 17:49:37'),
(13931, 23, 1, 20, '2017-11-01 19:35:39'),
(13932, 31, 1, 83, '2018-03-26 03:21:13'),
(13933, 25, 1, 30, '2018-03-01 07:24:09'),
(13934, 39, 1, 33, '2018-08-10 02:44:15'),
(13935, 47, 1, 54, '2018-04-17 13:56:27'),
(13936, 50, 1, 15, '2018-01-14 15:12:53'),
(13937, 48, 1, 36, '2017-11-21 13:38:04'),
(13938, 33, 1, 38, '2018-03-08 18:45:41'),
(13939, 38, 1, 32, '2018-01-26 03:40:15'),
(13940, 7, 1, 94, '2018-07-09 08:10:38'),
(13941, 39, 1, 32, '2018-07-17 14:48:05'),
(13942, 49, 1, 80, '2018-01-04 12:11:26'),
(13943, 14, 1, 90, '2018-09-15 05:17:08'),
(13944, 28, 1, 78, '2018-05-26 08:22:20'),
(13945, 12, 1, 77, '2018-02-27 08:31:05'),
(13946, 43, 1, 12, '2018-02-03 09:57:43'),
(13947, 30, 1, 67, '2018-04-27 21:18:59'),
(13948, 22, 1, 57, '2017-12-29 18:35:56'),
(13949, 24, 1, 89, '2018-04-21 23:34:04'),
(13950, 26, 1, 88, '2017-10-14 10:07:07'),
(13951, 35, 1, 90, '2017-10-30 08:46:13'),
(13952, 37, 1, 43, '2018-02-17 14:22:59'),
(13953, 3, 1, 74, '2018-09-14 09:42:34'),
(13954, 27, 1, 100, '2018-02-02 11:30:21'),
(13955, 36, 1, 17, '2017-11-24 13:33:43'),
(13956, 32, 1, 97, '2018-06-15 14:25:19'),
(13957, 43, 1, 99, '2018-08-18 17:04:42'),
(13958, 48, 1, 25, '2018-06-23 23:05:21'),
(13959, 28, 1, 50, '2017-12-17 08:50:29'),
(13960, 25, 1, 71, '2017-12-09 09:44:23'),
(13961, 13, 1, 42, '2018-02-10 07:44:20'),
(13962, 18, 1, 23, '2018-05-14 05:39:19'),
(13963, 35, 1, 17, '2018-01-25 15:12:36'),
(13964, 12, 1, 28, '2018-05-14 12:15:33'),
(13965, 14, 1, 93, '2018-06-02 05:36:13'),
(13966, 31, 1, 36, '2018-03-23 05:09:36'),
(13967, 30, 1, 37, '2017-11-17 09:42:16'),
(13968, 29, 1, 46, '2017-12-01 23:21:05'),
(13969, 46, 1, 40, '2018-03-01 01:49:04'),
(13970, 15, 1, 82, '2018-03-08 01:03:29'),
(13971, 20, 1, 36, '2017-12-13 18:29:48'),
(13972, 34, 1, 79, '2018-02-14 15:17:20'),
(13973, 50, 1, 20, '2017-10-13 18:26:23'),
(13974, 49, 1, 42, '2018-01-24 17:43:18'),
(13975, 48, 1, 68, '2017-11-01 00:31:02'),
(13976, 8, 1, 63, '2018-07-11 19:44:23'),
(13977, 21, 1, 70, '2018-03-17 21:10:46'),
(13978, 14, 1, 32, '2018-01-17 08:10:53'),
(13979, 5, 1, 66, '2018-06-01 09:27:42'),
(13980, 7, 1, 66, '2017-12-28 05:24:10'),
(13981, 15, 1, 41, '2017-10-04 09:35:45'),
(13982, 41, 1, 87, '2017-12-28 16:49:47'),
(13983, 48, 1, 19, '2018-03-17 13:23:32'),
(13984, 10, 1, 61, '2018-08-02 15:27:15'),
(13985, 9, 1, 78, '2018-06-30 23:42:31'),
(13986, 28, 1, 68, '2018-02-19 08:43:18'),
(13987, 16, 1, 83, '2017-11-13 22:09:53'),
(13988, 22, 1, 15, '2018-06-08 09:34:09'),
(13989, 18, 1, 60, '2017-12-12 07:44:37'),
(13990, 28, 1, 56, '2018-03-19 20:53:59'),
(13991, 6, 1, 50, '2017-12-13 07:56:44'),
(13992, 12, 1, 82, '2018-08-09 04:49:26'),
(13993, 25, 1, 64, '2018-06-12 04:22:26'),
(13994, 40, 1, 73, '2018-03-24 16:19:22'),
(13995, 37, 1, 41, '2018-08-25 16:30:45'),
(13996, 16, 1, 86, '2018-08-29 06:17:07'),
(13997, 1, 1, 85, '2018-05-31 08:14:52'),
(13998, 48, 1, 33, '2018-01-29 20:18:30'),
(13999, 15, 1, 94, '2018-01-02 05:24:41'),
(14000, 10, 1, 80, '2017-12-12 09:13:23'),
(14001, 38, 1, 59, '2018-03-31 13:12:21'),
(14002, 43, 1, 65, '2017-10-05 11:53:49'),
(14003, 24, 1, 50, '2018-08-04 14:07:19'),
(14004, 15, 1, 29, '2017-12-10 17:20:37'),
(14005, 24, 1, 31, '2018-01-23 07:57:51'),
(14006, 7, 1, 94, '2018-06-13 08:04:45'),
(14007, 2, 1, 89, '2018-03-09 03:44:23'),
(14008, 45, 1, 39, '2017-12-11 14:30:37'),
(14009, 43, 1, 65, '2018-01-05 18:40:26'),
(14010, 6, 1, 49, '2017-10-15 09:17:20'),
(14011, 12, 1, 52, '2018-09-05 16:28:20'),
(14012, 24, 1, 39, '2018-03-09 12:47:00'),
(14013, 35, 1, 55, '2018-03-02 14:33:18'),
(14014, 35, 1, 97, '2018-06-09 19:08:08'),
(14015, 31, 1, 45, '2017-10-04 04:02:13'),
(14016, 11, 1, 89, '2018-08-20 00:24:06'),
(14017, 13, 1, 66, '2018-09-07 11:37:51'),
(14018, 26, 1, 27, '2018-03-31 10:48:27'),
(14019, 3, 1, 69, '2018-06-23 08:16:05'),
(14020, 48, 1, 87, '2018-05-08 21:56:24'),
(14021, 2, 1, 93, '2017-12-20 07:50:23'),
(14022, 18, 1, 13, '2018-08-27 08:05:55'),
(14023, 21, 1, 22, '2018-06-10 17:26:48'),
(14024, 25, 1, 75, '2017-12-06 12:56:09'),
(14025, 16, 1, 49, '2018-04-02 14:32:55'),
(14026, 38, 1, 90, '2017-10-08 15:32:01'),
(14027, 20, 1, 76, '2018-04-29 03:06:41'),
(14028, 41, 1, 30, '2018-04-05 13:04:41'),
(14029, 7, 1, 87, '2017-10-15 19:50:34'),
(14030, 1, 1, 42, '2018-06-09 11:24:31'),
(14031, 2, 1, 86, '2018-03-18 18:10:08'),
(14032, 42, 1, 14, '2017-10-07 06:08:32'),
(14033, 42, 1, 76, '2018-07-14 15:50:38'),
(14034, 4, 1, 42, '2018-04-11 02:55:53'),
(14035, 50, 1, 77, '2018-03-04 03:43:49'),
(14036, 3, 1, 23, '2017-11-06 08:16:26'),
(14037, 1, 1, 48, '2018-06-12 22:32:10'),
(14038, 34, 1, 61, '2018-02-26 23:59:48'),
(14039, 34, 1, 26, '2018-06-28 06:59:51'),
(14040, 33, 1, 24, '2018-05-26 20:22:10'),
(14041, 4, 1, 51, '2018-07-28 00:51:07'),
(14042, 2, 1, 66, '2018-09-04 00:35:04'),
(14043, 3, 1, 43, '2018-01-12 01:44:57'),
(14044, 20, 1, 50, '2018-08-07 12:00:52'),
(14045, 40, 1, 34, '2018-09-24 17:45:26'),
(14046, 35, 1, 37, '2018-04-13 08:01:40'),
(14047, 11, 1, 12, '2018-01-31 16:45:39'),
(14048, 29, 1, 45, '2017-10-25 01:57:47'),
(14049, 13, 1, 51, '2018-04-12 05:33:37'),
(14050, 13, 1, 21, '2018-06-09 16:10:48'),
(14051, 35, 1, 33, '2017-12-25 21:02:48'),
(14052, 4, 1, 100, '2018-04-26 10:06:22'),
(14053, 15, 1, 64, '2018-06-25 19:23:55'),
(14054, 25, 1, 73, '2018-06-04 07:35:03'),
(14055, 40, 1, 94, '2018-09-04 00:20:56'),
(14056, 20, 1, 33, '2017-11-15 12:13:29'),
(14057, 43, 1, 24, '2017-10-17 04:40:47'),
(14058, 45, 1, 21, '2018-04-10 12:28:01'),
(14059, 26, 1, 97, '2018-07-08 11:07:06'),
(14060, 34, 1, 55, '2018-02-20 22:16:03'),
(14061, 38, 1, 12, '2017-11-05 15:37:26'),
(14062, 40, 1, 87, '2018-03-08 16:01:47'),
(14063, 18, 1, 64, '2018-02-08 04:30:43'),
(14064, 9, 1, 91, '2018-05-08 21:31:29'),
(14065, 47, 1, 14, '2018-02-18 04:13:31'),
(14066, 20, 1, 86, '2017-11-29 21:59:25'),
(14067, 37, 1, 49, '2017-10-11 03:00:53'),
(14068, 15, 1, 90, '2018-08-15 03:19:41'),
(14069, 15, 1, 60, '2018-01-04 11:35:15'),
(14070, 41, 1, 36, '2017-12-01 01:32:31'),
(14071, 45, 1, 51, '2018-03-17 21:12:27'),
(14072, 27, 1, 30, '2018-03-24 01:12:56'),
(14073, 20, 1, 13, '2018-03-11 01:24:59'),
(14074, 38, 1, 79, '2018-05-18 04:15:09'),
(14075, 19, 1, 81, '2018-05-08 22:18:09'),
(14076, 12, 1, 52, '2018-03-08 13:36:07'),
(14077, 16, 1, 15, '2018-09-03 07:48:29'),
(14078, 19, 1, 92, '2018-02-06 20:59:54'),
(14079, 45, 1, 15, '2018-02-08 18:56:28'),
(14080, 26, 1, 18, '2018-03-09 23:29:04'),
(14081, 27, 1, 56, '2017-11-09 11:17:18'),
(14082, 10, 1, 27, '2017-10-07 05:13:36'),
(14083, 44, 1, 27, '2018-05-15 15:26:24'),
(14084, 47, 1, 42, '2017-11-21 02:41:00'),
(14085, 27, 1, 72, '2018-02-18 11:02:29'),
(14086, 4, 1, 44, '2017-11-25 01:31:52'),
(14087, 21, 1, 35, '2018-07-31 18:03:05'),
(14088, 41, 1, 46, '2018-06-05 20:34:48'),
(14089, 5, 1, 82, '2018-07-24 02:05:09'),
(14090, 47, 1, 30, '2017-11-12 02:23:10'),
(14091, 47, 1, 100, '2018-03-05 20:11:31'),
(14092, 16, 1, 97, '2017-12-21 01:00:42'),
(14093, 43, 1, 83, '2017-10-21 22:45:33'),
(14094, 11, 1, 87, '2018-04-14 02:00:05'),
(14095, 11, 1, 45, '2018-02-16 02:40:12'),
(14096, 24, 1, 78, '2018-01-16 12:07:54'),
(14097, 7, 1, 67, '2018-03-02 09:26:01'),
(14098, 35, 1, 97, '2018-06-24 01:08:22'),
(14099, 29, 1, 59, '2018-03-07 13:51:20'),
(14100, 24, 1, 78, '2018-06-13 20:28:54'),
(14101, 22, 1, 33, '2018-04-23 06:39:47'),
(14102, 45, 1, 75, '2017-11-20 11:15:31'),
(14103, 9, 1, 27, '2017-12-19 02:11:15'),
(14104, 49, 1, 68, '2018-07-22 06:52:39'),
(14105, 34, 1, 26, '2018-09-01 08:06:34'),
(14106, 15, 1, 97, '2018-04-27 02:26:20'),
(14107, 26, 1, 26, '2018-01-20 22:44:14'),
(14108, 26, 1, 32, '2018-02-01 08:58:07'),
(14109, 9, 1, 44, '2017-11-17 12:54:21'),
(14110, 7, 1, 52, '2018-04-21 13:12:03'),
(14111, 21, 1, 68, '2018-08-19 23:36:30'),
(14112, 24, 1, 68, '2018-09-12 13:02:27'),
(14113, 20, 1, 11, '2018-06-15 05:46:05'),
(14114, 26, 1, 19, '2017-11-30 07:56:52'),
(14115, 38, 1, 50, '2017-12-24 02:15:47'),
(14116, 7, 1, 66, '2017-11-08 07:16:20'),
(14117, 10, 1, 28, '2018-07-13 15:58:35'),
(14118, 27, 1, 51, '2018-08-20 11:27:57'),
(14119, 4, 1, 82, '2018-06-17 05:01:02'),
(14120, 17, 1, 30, '2017-12-14 05:47:15'),
(14121, 4, 1, 38, '2017-11-29 19:16:25'),
(14122, 5, 1, 40, '2018-05-02 19:58:46'),
(14123, 22, 1, 80, '2017-11-19 05:16:20'),
(14124, 7, 1, 26, '2017-12-24 22:11:33'),
(14125, 32, 1, 67, '2018-08-22 22:23:15'),
(14126, 35, 1, 73, '2018-05-11 23:06:33'),
(14127, 32, 1, 66, '2018-04-20 22:46:35'),
(14128, 26, 1, 13, '2017-12-02 06:41:34'),
(14129, 23, 1, 10, '2018-09-26 01:37:39'),
(14130, 37, 1, 100, '2018-04-27 08:20:16'),
(14131, 45, 1, 59, '2018-05-23 08:00:00'),
(14132, 38, 1, 84, '2018-04-15 07:59:53'),
(14133, 24, 1, 45, '2018-03-08 00:13:51'),
(14134, 7, 1, 62, '2018-06-05 15:01:31'),
(14135, 14, 1, 44, '2017-10-14 07:24:26'),
(14136, 11, 1, 36, '2018-06-16 20:59:07'),
(14137, 21, 1, 48, '2018-05-10 09:36:50'),
(14138, 40, 1, 59, '2018-08-29 04:18:04'),
(14139, 45, 1, 90, '2018-09-02 03:20:55'),
(14140, 30, 1, 37, '2018-03-13 15:21:01'),
(14141, 49, 1, 57, '2018-01-28 03:46:35'),
(14142, 47, 1, 39, '2017-10-23 19:56:01'),
(14143, 18, 1, 45, '2018-05-29 22:07:08'),
(14144, 26, 1, 65, '2018-03-01 00:24:10'),
(14145, 43, 1, 74, '2018-08-09 19:58:55'),
(14146, 7, 1, 87, '2018-03-26 18:56:36'),
(14147, 8, 1, 95, '2018-01-17 06:30:37'),
(14148, 38, 1, 71, '2018-07-16 10:18:22'),
(14149, 26, 1, 44, '2018-03-21 23:59:18'),
(14150, 27, 1, 46, '2018-08-07 16:10:57'),
(14151, 50, 1, 66, '2018-04-22 00:03:26'),
(14152, 3, 1, 27, '2018-01-10 03:06:10'),
(14153, 29, 1, 98, '2018-04-10 16:54:49'),
(14154, 5, 1, 21, '2018-03-01 05:54:40'),
(14155, 11, 1, 91, '2018-08-01 11:02:45'),
(14156, 6, 1, 16, '2018-03-20 12:02:28'),
(14157, 50, 1, 33, '2018-09-01 14:46:44'),
(14158, 46, 1, 34, '2018-06-06 11:28:56'),
(14159, 32, 1, 22, '2018-06-25 21:44:23'),
(14160, 4, 1, 68, '2018-07-25 03:06:32'),
(14161, 21, 1, 68, '2017-12-10 13:56:33'),
(14162, 33, 1, 94, '2018-03-30 12:21:42'),
(14163, 35, 1, 45, '2018-08-31 20:18:40'),
(14164, 35, 1, 20, '2018-02-05 02:41:29'),
(14165, 13, 1, 77, '2018-05-18 04:43:26'),
(14166, 17, 1, 21, '2018-06-07 23:44:27'),
(14167, 33, 1, 73, '2018-05-07 11:20:36'),
(14168, 1, 1, 22, '2017-10-03 14:22:04'),
(14169, 27, 1, 32, '2018-08-03 16:35:36'),
(14170, 17, 1, 77, '2017-10-30 01:00:45'),
(14171, 36, 1, 59, '2018-04-25 08:31:57'),
(14172, 29, 1, 59, '2018-01-21 23:11:22'),
(14173, 48, 1, 30, '2017-12-24 17:36:32'),
(14174, 22, 1, 76, '2018-07-26 16:59:03'),
(14175, 5, 1, 82, '2018-08-09 12:19:37'),
(14176, 19, 1, 36, '2018-09-15 21:58:04'),
(14177, 1, 1, 58, '2018-08-26 05:37:30'),
(14178, 32, 1, 75, '2018-03-19 06:44:59'),
(14179, 43, 1, 70, '2018-07-10 18:16:55'),
(14180, 25, 1, 67, '2018-03-27 10:56:26'),
(14181, 36, 1, 54, '2018-05-08 07:51:30'),
(14182, 49, 1, 40, '2018-04-13 10:07:05'),
(14183, 39, 1, 91, '2018-06-09 06:13:26'),
(14184, 23, 1, 43, '2018-03-13 06:52:48'),
(14185, 15, 1, 57, '2017-11-21 08:57:59'),
(14186, 16, 1, 67, '2018-02-20 08:04:37'),
(14187, 46, 1, 36, '2017-11-22 16:35:42'),
(14188, 7, 1, 94, '2018-05-22 03:21:33'),
(14189, 39, 1, 93, '2018-06-26 03:07:43'),
(14190, 2, 1, 17, '2018-03-02 09:26:59'),
(14191, 28, 1, 40, '2018-03-13 13:00:30'),
(14192, 20, 1, 86, '2017-12-10 07:52:20'),
(14193, 23, 1, 55, '2018-05-31 05:54:43'),
(14194, 10, 1, 23, '2017-12-12 17:50:18'),
(14195, 8, 1, 51, '2018-02-28 07:21:17'),
(14196, 16, 1, 84, '2018-02-12 04:35:12'),
(14197, 7, 1, 65, '2018-09-16 18:48:35'),
(14198, 37, 1, 25, '2017-10-14 06:42:24'),
(14199, 41, 1, 91, '2018-02-26 00:42:05'),
(14200, 15, 1, 63, '2017-11-16 08:37:15'),
(14201, 29, 1, 34, '2018-05-07 16:46:56'),
(14202, 27, 1, 38, '2018-09-30 10:33:33'),
(14203, 37, 1, 65, '2018-09-16 10:26:03'),
(14204, 8, 1, 99, '2017-12-14 03:34:39'),
(14205, 45, 1, 81, '2018-09-29 00:39:36'),
(14206, 25, 1, 12, '2018-08-29 17:20:03'),
(14207, 26, 1, 55, '2018-06-23 18:24:12'),
(14208, 2, 1, 78, '2018-08-22 10:31:03'),
(14209, 24, 1, 29, '2017-10-22 07:08:56'),
(14210, 31, 1, 91, '2017-10-03 06:53:06'),
(14211, 11, 1, 81, '2017-11-26 20:19:25'),
(14212, 20, 1, 26, '2018-03-11 12:50:21'),
(14213, 47, 1, 27, '2017-12-04 06:06:44'),
(14214, 40, 1, 54, '2018-04-08 15:55:59'),
(14215, 25, 1, 27, '2018-02-17 14:35:28'),
(14216, 22, 1, 90, '2018-08-23 05:35:41'),
(14217, 7, 1, 36, '2018-02-27 10:20:39'),
(14218, 5, 1, 60, '2018-01-03 13:15:16'),
(14219, 15, 1, 16, '2018-06-12 05:37:09'),
(14220, 13, 1, 31, '2017-12-20 19:23:41'),
(14221, 3, 1, 46, '2018-01-23 07:42:10'),
(14222, 11, 1, 45, '2017-10-10 05:34:02'),
(14223, 21, 1, 94, '2017-12-17 09:17:22'),
(14224, 10, 1, 47, '2018-01-01 02:38:24'),
(14225, 3, 1, 73, '2018-04-17 14:00:06'),
(14226, 21, 1, 65, '2017-11-19 12:54:01'),
(14227, 6, 1, 16, '2018-08-05 11:00:58'),
(14228, 7, 1, 39, '2018-05-23 08:44:56'),
(14229, 14, 1, 93, '2017-12-20 19:36:49'),
(14230, 28, 1, 11, '2018-08-22 12:45:53'),
(14231, 44, 1, 64, '2017-12-16 23:00:15'),
(14232, 2, 1, 76, '2018-02-01 03:04:17'),
(14233, 21, 1, 21, '2018-04-16 21:12:05'),
(14234, 15, 1, 32, '2018-04-16 22:13:29'),
(14235, 18, 1, 33, '2018-09-05 12:41:03'),
(14236, 40, 1, 45, '2018-04-19 20:50:38'),
(14237, 2, 1, 77, '2018-05-30 17:25:19'),
(14238, 12, 1, 48, '2017-10-18 17:52:22'),
(14239, 19, 1, 78, '2017-10-28 18:37:48'),
(14240, 21, 1, 92, '2018-06-24 00:38:02'),
(14241, 44, 1, 24, '2018-01-10 22:55:56'),
(14242, 3, 1, 27, '2018-07-07 12:47:29'),
(14243, 14, 1, 56, '2017-12-03 12:21:10'),
(14244, 41, 1, 28, '2018-05-25 05:30:54'),
(14245, 11, 1, 100, '2018-03-02 19:59:01'),
(14246, 44, 1, 68, '2018-06-21 02:19:20'),
(14247, 28, 1, 11, '2018-03-21 07:05:36'),
(14248, 6, 1, 27, '2018-02-02 00:03:18'),
(14249, 34, 1, 19, '2018-06-13 10:11:40'),
(14250, 34, 1, 94, '2018-07-14 22:30:39'),
(14251, 27, 1, 82, '2018-09-01 07:49:27'),
(14252, 20, 1, 65, '2018-04-01 04:05:55'),
(14253, 35, 1, 47, '2017-11-25 05:54:57'),
(14254, 39, 1, 18, '2018-07-25 03:15:43'),
(14255, 18, 1, 34, '2017-10-22 12:11:17'),
(14256, 42, 1, 25, '2018-07-04 20:33:20'),
(14257, 33, 1, 74, '2018-05-22 19:17:38'),
(14258, 36, 1, 21, '2018-04-07 15:40:13'),
(14259, 28, 1, 20, '2017-11-25 08:06:10'),
(14260, 34, 1, 65, '2018-04-14 07:25:17'),
(14261, 19, 1, 87, '2018-09-18 03:40:07'),
(14262, 19, 1, 42, '2018-01-21 09:12:21'),
(14263, 37, 1, 76, '2018-09-23 20:03:58'),
(14264, 13, 1, 88, '2018-04-01 01:18:26'),
(14265, 27, 1, 97, '2018-01-18 11:28:40'),
(14266, 18, 1, 44, '2018-02-26 17:12:51'),
(14267, 36, 1, 22, '2018-01-24 17:41:11'),
(14268, 6, 1, 74, '2018-05-07 18:50:15'),
(14269, 22, 1, 67, '2017-12-13 11:06:09'),
(14270, 41, 1, 77, '2017-10-30 00:20:06'),
(14271, 11, 1, 100, '2018-04-13 15:54:15'),
(14272, 16, 1, 38, '2018-05-25 01:40:24'),
(14273, 5, 1, 99, '2018-04-01 21:04:43'),
(14274, 47, 1, 74, '2018-01-15 17:02:24'),
(14275, 24, 1, 49, '2017-10-30 19:23:39'),
(14276, 15, 1, 29, '2017-10-05 16:57:26'),
(14277, 45, 1, 80, '2017-11-12 14:15:50'),
(14278, 27, 1, 31, '2018-03-22 18:06:42'),
(14279, 5, 1, 43, '2018-06-08 06:28:49'),
(14280, 22, 1, 12, '2018-08-10 15:09:22'),
(14281, 22, 1, 31, '2018-04-04 12:32:12'),
(14282, 5, 1, 40, '2018-09-22 16:09:28'),
(14283, 7, 1, 65, '2018-02-07 06:22:47'),
(14284, 17, 1, 45, '2017-10-08 02:11:15'),
(14285, 5, 1, 41, '2018-08-03 18:10:29'),
(14286, 5, 1, 28, '2018-05-18 05:31:05'),
(14287, 19, 1, 47, '2018-08-11 12:15:53'),
(14288, 18, 1, 85, '2017-10-15 08:49:09'),
(14289, 34, 1, 91, '2018-04-02 13:48:51'),
(14290, 23, 1, 44, '2017-10-09 19:23:49'),
(14291, 36, 1, 42, '2018-03-09 13:53:28'),
(14292, 47, 1, 31, '2018-05-21 13:42:29'),
(14293, 42, 1, 20, '2018-06-10 08:25:13'),
(14294, 26, 1, 35, '2018-08-30 23:16:30'),
(14295, 7, 1, 20, '2018-04-25 08:27:35'),
(14296, 41, 1, 81, '2017-12-16 00:26:39'),
(14297, 1, 1, 91, '2018-08-06 15:22:37'),
(14298, 1, 1, 49, '2018-08-23 21:30:12'),
(14299, 21, 1, 14, '2017-11-14 21:51:05'),
(14300, 34, 1, 13, '2018-01-11 09:53:18'),
(14301, 2, 1, 84, '2018-03-21 00:12:30'),
(14302, 43, 1, 37, '2018-04-15 10:12:52'),
(14303, 34, 1, 59, '2017-11-20 06:18:56'),
(14304, 50, 1, 90, '2018-05-24 03:25:57'),
(14305, 31, 1, 83, '2018-09-01 03:31:52'),
(14306, 22, 1, 86, '2018-07-27 04:35:07'),
(14307, 1, 1, 36, '2017-12-26 00:27:25'),
(14308, 7, 1, 66, '2018-08-21 01:51:48'),
(14309, 12, 1, 38, '2017-11-16 00:28:31'),
(14310, 40, 1, 97, '2018-01-02 05:59:57'),
(14311, 47, 1, 28, '2018-07-13 02:05:00'),
(14312, 25, 1, 63, '2018-09-26 20:22:19'),
(14313, 44, 1, 49, '2018-07-07 23:59:38'),
(14314, 1, 1, 18, '2018-01-29 01:47:15'),
(14315, 31, 1, 76, '2017-12-02 16:00:51'),
(14316, 26, 1, 33, '2018-06-12 03:23:23'),
(14317, 47, 1, 31, '2018-04-20 11:01:34'),
(14318, 43, 1, 81, '2018-02-12 22:05:04'),
(14319, 12, 1, 95, '2018-02-05 17:49:50'),
(14320, 26, 1, 79, '2018-07-19 13:50:05'),
(14321, 7, 1, 78, '2018-02-07 07:11:40'),
(14322, 31, 1, 90, '2018-08-30 03:03:20'),
(14323, 33, 1, 79, '2017-12-12 23:01:11'),
(14324, 23, 1, 14, '2018-02-09 22:43:03'),
(14325, 9, 1, 87, '2018-02-13 17:22:15'),
(14326, 31, 1, 92, '2018-04-08 09:03:56'),
(14327, 19, 1, 65, '2018-01-21 06:28:08'),
(14328, 16, 1, 12, '2017-11-16 04:58:58'),
(14329, 39, 1, 86, '2018-05-19 01:53:49'),
(14330, 17, 1, 72, '2018-07-22 00:10:18'),
(14331, 7, 1, 44, '2017-10-05 15:25:21'),
(14332, 6, 1, 82, '2018-05-11 14:50:43'),
(14333, 35, 1, 36, '2018-07-01 21:46:28'),
(14334, 41, 1, 75, '2018-01-19 13:00:09'),
(14335, 27, 1, 57, '2018-05-20 17:15:20'),
(14336, 33, 1, 51, '2017-12-05 06:56:59'),
(14337, 13, 1, 23, '2017-12-04 12:42:04'),
(14338, 11, 1, 54, '2018-02-17 12:54:47'),
(14339, 22, 1, 40, '2017-12-13 15:36:59'),
(14340, 25, 1, 23, '2018-04-24 12:51:48'),
(14341, 8, 1, 57, '2018-04-27 10:38:56'),
(14342, 31, 1, 14, '2018-06-04 15:20:55'),
(14343, 29, 1, 59, '2018-08-18 09:52:09'),
(14344, 4, 1, 24, '2018-02-09 07:43:21'),
(14345, 24, 1, 19, '2017-10-08 18:52:14'),
(14346, 34, 1, 16, '2018-09-05 09:15:21'),
(14347, 38, 1, 81, '2018-01-09 12:58:16'),
(14348, 1, 1, 21, '2018-05-17 10:24:08'),
(14349, 46, 1, 59, '2018-07-30 19:42:03'),
(14350, 26, 1, 14, '2017-11-25 16:40:56'),
(14351, 28, 1, 23, '2018-06-25 04:24:04'),
(14352, 25, 1, 17, '2018-08-21 08:30:57'),
(14353, 48, 1, 28, '2018-03-06 14:16:48'),
(14354, 32, 1, 45, '2018-01-31 15:06:56'),
(14355, 28, 1, 12, '2018-05-25 20:10:09'),
(14356, 26, 1, 32, '2018-06-24 10:34:08'),
(14357, 44, 1, 33, '2018-08-10 13:54:16'),
(14358, 20, 1, 35, '2018-08-31 22:30:19'),
(14359, 15, 1, 92, '2018-09-18 11:33:07'),
(14360, 43, 1, 64, '2018-03-11 18:29:32'),
(14361, 44, 1, 62, '2017-10-12 02:38:39'),
(14362, 38, 1, 22, '2017-11-18 06:38:20'),
(14363, 36, 1, 12, '2018-09-16 20:59:26'),
(14364, 7, 1, 80, '2017-12-10 15:58:25'),
(14365, 44, 1, 89, '2018-06-06 02:34:13'),
(14366, 5, 1, 37, '2018-01-16 09:49:15'),
(14367, 42, 1, 13, '2018-06-25 17:59:43'),
(14368, 22, 1, 97, '2018-02-28 16:25:55'),
(14369, 36, 1, 32, '2018-07-31 22:21:56'),
(14370, 42, 1, 16, '2018-08-12 16:55:47'),
(14371, 48, 1, 21, '2018-09-25 17:11:05'),
(14372, 30, 1, 87, '2018-07-30 19:33:46'),
(14373, 21, 1, 38, '2017-11-19 21:17:23'),
(14374, 7, 1, 91, '2017-12-25 12:55:53'),
(14375, 20, 1, 76, '2017-12-19 09:40:11'),
(14376, 21, 1, 29, '2018-01-16 15:35:27'),
(14377, 30, 1, 50, '2018-05-27 22:21:44'),
(14378, 43, 1, 85, '2018-03-16 00:43:29'),
(14379, 17, 1, 73, '2017-12-28 05:09:17'),
(14380, 33, 1, 78, '2018-08-27 10:36:17'),
(14381, 3, 1, 34, '2017-11-20 09:59:27'),
(14382, 34, 1, 63, '2018-08-13 00:00:10'),
(14383, 48, 1, 39, '2017-11-02 06:02:34'),
(14384, 30, 1, 68, '2018-08-06 12:55:27'),
(14385, 7, 1, 94, '2018-05-23 18:03:52'),
(14386, 23, 1, 78, '2018-08-11 14:20:49'),
(14387, 12, 1, 98, '2018-06-22 09:36:25'),
(14388, 10, 1, 62, '2018-08-31 10:19:43'),
(14389, 15, 1, 47, '2017-12-20 04:32:47'),
(14390, 37, 1, 50, '2018-01-16 08:47:45'),
(14391, 47, 1, 30, '2018-05-18 05:11:55'),
(14392, 31, 1, 54, '2018-09-11 15:39:47'),
(14393, 32, 1, 11, '2018-02-25 21:23:39'),
(14394, 22, 1, 84, '2018-05-15 20:23:32'),
(14395, 36, 1, 87, '2018-07-22 17:01:12'),
(14396, 17, 1, 82, '2018-06-19 09:10:48'),
(14397, 1, 1, 67, '2018-04-01 05:30:35'),
(14398, 45, 1, 61, '2018-02-21 21:38:49'),
(14399, 45, 1, 20, '2018-05-10 07:23:48'),
(14400, 46, 1, 82, '2018-03-23 08:33:14'),
(14401, 7, 1, 68, '2018-08-30 22:36:21'),
(14402, 45, 1, 64, '2017-11-22 12:23:30'),
(14403, 10, 1, 32, '2018-08-20 04:11:44'),
(14404, 41, 1, 27, '2018-07-16 15:33:42'),
(14405, 30, 1, 95, '2018-02-23 11:27:50'),
(14406, 23, 1, 76, '2018-06-09 16:34:44'),
(14407, 31, 1, 92, '2018-04-08 07:26:29'),
(14408, 48, 1, 100, '2017-11-24 12:28:33'),
(14409, 41, 1, 37, '2017-10-08 20:21:12'),
(14410, 23, 1, 72, '2018-07-16 11:33:12'),
(14411, 10, 1, 39, '2017-11-04 10:24:09'),
(14412, 22, 1, 35, '2018-01-16 23:24:25'),
(14413, 39, 1, 43, '2017-11-23 16:55:31'),
(14414, 30, 1, 50, '2018-01-18 17:50:35'),
(14415, 10, 1, 71, '2018-03-27 13:38:00'),
(14416, 6, 1, 28, '2018-06-12 04:08:37'),
(14417, 40, 1, 66, '2018-09-14 01:39:38'),
(14418, 15, 1, 56, '2017-10-19 05:34:48'),
(14419, 25, 1, 22, '2018-01-07 04:00:50'),
(14420, 16, 1, 61, '2017-11-18 03:15:48'),
(14421, 49, 1, 80, '2018-07-22 20:28:41'),
(14422, 34, 1, 99, '2018-08-09 02:16:31'),
(14423, 42, 1, 72, '2018-08-18 23:37:12'),
(14424, 8, 1, 49, '2018-03-19 07:42:01'),
(14425, 24, 1, 78, '2018-07-09 09:52:47'),
(14426, 12, 1, 51, '2017-11-24 23:56:57'),
(14427, 22, 1, 31, '2018-08-05 01:48:40'),
(14428, 19, 1, 12, '2017-12-02 14:01:38'),
(14429, 10, 1, 69, '2018-06-21 12:30:52'),
(14430, 48, 1, 38, '2018-02-07 21:04:26'),
(14431, 14, 1, 56, '2017-10-24 11:19:28'),
(14432, 29, 1, 98, '2018-03-26 22:14:23'),
(14433, 14, 1, 13, '2018-04-11 07:44:26'),
(14434, 18, 1, 92, '2018-07-27 11:02:01'),
(14435, 14, 1, 97, '2017-11-28 19:05:48'),
(14436, 34, 1, 11, '2018-05-26 10:34:59'),
(14437, 10, 1, 55, '2018-03-16 20:20:41'),
(14438, 27, 1, 65, '2017-12-21 19:09:45'),
(14439, 20, 1, 27, '2018-05-12 23:07:16'),
(14440, 1, 1, 67, '2018-02-12 19:26:28'),
(14441, 10, 1, 87, '2018-07-13 18:42:55'),
(14442, 34, 1, 74, '2018-07-26 05:09:52'),
(14443, 47, 1, 71, '2018-04-01 22:55:33'),
(14444, 50, 1, 62, '2018-05-11 14:19:37'),
(14445, 21, 1, 32, '2017-12-01 05:13:00'),
(14446, 17, 1, 72, '2018-08-14 22:14:06'),
(14447, 38, 1, 84, '2018-09-25 23:05:14'),
(14448, 25, 1, 83, '2018-06-03 16:48:05'),
(14449, 20, 1, 36, '2017-12-31 13:10:00'),
(14450, 46, 1, 74, '2018-03-01 02:58:59'),
(14451, 10, 1, 58, '2018-08-07 16:30:20'),
(14452, 8, 1, 44, '2018-01-17 09:56:37'),
(14453, 9, 1, 26, '2018-07-18 03:22:17'),
(14454, 12, 1, 26, '2018-09-10 23:52:21'),
(14455, 39, 1, 14, '2017-10-13 00:57:37'),
(14456, 34, 1, 35, '2018-09-14 16:19:01'),
(14457, 26, 1, 42, '2018-06-05 21:11:23'),
(14458, 21, 1, 96, '2018-01-21 15:30:48'),
(14459, 4, 1, 19, '2018-07-24 16:03:29'),
(14460, 1, 1, 24, '2018-01-21 15:14:32'),
(14461, 5, 1, 78, '2018-08-03 01:12:53'),
(14462, 38, 1, 41, '2018-08-03 03:16:43'),
(14463, 1, 1, 57, '2017-11-28 23:03:12'),
(14464, 41, 1, 11, '2018-09-18 00:05:40'),
(14465, 10, 1, 46, '2017-11-20 05:00:17'),
(14466, 8, 1, 28, '2018-09-22 03:25:11'),
(14467, 16, 1, 42, '2018-09-18 16:12:39'),
(14468, 12, 1, 76, '2018-06-23 15:30:39'),
(14469, 47, 1, 37, '2017-11-29 10:24:05'),
(14470, 14, 1, 70, '2017-10-15 00:32:01'),
(14471, 11, 1, 80, '2018-08-28 02:41:29'),
(14472, 46, 1, 36, '2018-02-13 05:50:36'),
(14473, 16, 1, 60, '2017-11-15 06:13:04'),
(14474, 37, 1, 63, '2018-06-20 16:11:44'),
(14475, 33, 1, 43, '2018-05-13 19:42:20'),
(14476, 50, 1, 61, '2018-04-25 12:52:24'),
(14477, 18, 1, 95, '2018-05-18 03:18:36'),
(14478, 24, 1, 88, '2017-11-21 09:32:01'),
(14479, 47, 1, 63, '2017-11-11 08:12:35'),
(14480, 48, 1, 77, '2017-11-28 13:21:22'),
(14481, 15, 1, 29, '2017-12-17 19:12:23'),
(14482, 11, 1, 33, '2017-10-17 08:40:17'),
(14483, 49, 1, 41, '2018-07-11 07:09:01'),
(14484, 2, 1, 22, '2018-07-09 09:49:16'),
(14485, 48, 1, 36, '2018-01-12 23:52:46'),
(14486, 47, 1, 97, '2018-05-03 16:22:38'),
(14487, 40, 1, 82, '2018-02-16 05:02:38'),
(14488, 48, 1, 90, '2018-01-03 04:50:04'),
(14489, 22, 1, 29, '2018-09-26 19:42:50'),
(14490, 1, 1, 11, '2018-03-17 03:14:38'),
(14491, 44, 1, 48, '2017-10-22 02:01:41'),
(14492, 4, 1, 14, '2018-04-20 10:25:52'),
(14493, 1, 1, 90, '2018-08-12 02:00:04'),
(14494, 10, 1, 14, '2018-06-06 14:41:16'),
(14495, 21, 1, 77, '2017-12-31 11:00:47'),
(14496, 27, 1, 47, '2018-03-08 22:06:36'),
(14497, 36, 1, 73, '2017-10-09 06:11:14'),
(14498, 25, 1, 24, '2018-08-31 03:34:30'),
(14499, 28, 1, 86, '2018-03-02 05:13:51'),
(14500, 34, 1, 21, '2017-10-18 12:07:21'),
(14501, 27, 1, 41, '2017-11-24 17:39:58'),
(14502, 5, 1, 21, '2017-10-31 17:17:01'),
(14503, 15, 1, 92, '2018-09-30 08:08:38'),
(14504, 29, 1, 86, '2018-02-14 06:02:41'),
(14505, 17, 1, 22, '2018-04-23 01:15:11'),
(14506, 25, 1, 42, '2018-06-09 01:11:26'),
(14507, 24, 1, 74, '2018-04-27 21:14:00'),
(14508, 37, 1, 42, '2018-06-03 17:25:43'),
(14509, 46, 1, 15, '2018-02-17 10:36:04'),
(14510, 43, 1, 65, '2018-08-09 13:13:15'),
(14511, 33, 1, 75, '2018-03-27 23:43:51'),
(14512, 19, 1, 21, '2018-07-30 18:37:08'),
(14513, 1, 1, 100, '2017-11-01 22:52:07'),
(14514, 28, 1, 16, '2018-05-29 22:40:05'),
(14515, 41, 1, 29, '2018-01-28 15:43:24'),
(14516, 37, 1, 94, '2017-10-25 07:21:05'),
(14517, 3, 1, 97, '2018-02-12 14:19:36'),
(14518, 31, 1, 96, '2018-06-03 08:41:48'),
(14519, 24, 1, 25, '2017-10-17 23:29:01'),
(14520, 50, 1, 62, '2017-10-08 10:34:55'),
(14521, 2, 1, 99, '2018-07-18 01:31:41'),
(14522, 31, 1, 33, '2017-11-24 11:50:50'),
(14523, 37, 1, 53, '2018-09-26 13:49:10'),
(14524, 26, 1, 24, '2018-02-26 01:10:38'),
(14525, 44, 1, 20, '2017-10-17 22:58:09'),
(14526, 36, 1, 80, '2018-06-27 06:56:57'),
(14527, 47, 1, 81, '2018-06-28 16:18:44'),
(14528, 38, 1, 64, '2017-11-02 21:30:11'),
(14529, 22, 1, 73, '2018-05-08 10:46:02'),
(14530, 47, 1, 40, '2018-09-28 17:06:59'),
(14531, 48, 1, 79, '2018-05-17 20:07:43'),
(14532, 34, 1, 73, '2018-07-14 18:50:03'),
(14533, 30, 1, 46, '2018-04-05 17:09:09'),
(14534, 11, 1, 33, '2017-11-29 11:25:16'),
(14535, 38, 1, 20, '2018-05-04 21:26:40'),
(14536, 50, 1, 49, '2018-09-19 19:00:20'),
(14537, 16, 1, 66, '2018-09-29 19:56:24'),
(14538, 40, 1, 21, '2018-01-03 16:51:39'),
(14539, 1, 1, 58, '2018-06-07 02:41:01'),
(14540, 33, 1, 37, '2018-09-27 10:30:16'),
(14541, 8, 1, 22, '2018-02-03 11:27:04'),
(14542, 12, 1, 73, '2018-08-16 13:23:06'),
(14543, 33, 1, 88, '2018-02-08 02:22:08'),
(14544, 16, 1, 13, '2018-05-31 11:09:03'),
(14545, 24, 1, 82, '2018-07-22 07:12:46'),
(14546, 34, 1, 29, '2018-07-08 08:50:15'),
(14547, 4, 1, 13, '2018-08-21 07:21:34'),
(14548, 8, 1, 89, '2017-11-19 07:54:32'),
(14549, 9, 1, 62, '2018-03-22 00:22:04'),
(14550, 12, 1, 66, '2018-03-05 03:26:55'),
(14551, 20, 1, 15, '2018-06-02 21:13:16'),
(14552, 37, 1, 89, '2018-04-12 01:35:20'),
(14553, 20, 1, 12, '2018-05-29 04:48:44'),
(14554, 33, 1, 50, '2018-03-13 12:28:45'),
(14555, 22, 1, 68, '2018-08-04 06:34:01'),
(14556, 38, 1, 79, '2017-10-08 12:19:00'),
(14557, 20, 1, 58, '2018-04-12 14:59:47'),
(14558, 4, 1, 51, '2018-08-02 15:59:24'),
(14559, 23, 1, 69, '2018-01-19 01:53:48'),
(14560, 32, 1, 100, '2018-09-20 20:32:58'),
(14561, 6, 1, 37, '2018-07-27 13:28:07'),
(14562, 49, 1, 51, '2018-09-06 06:59:21'),
(14563, 47, 1, 92, '2017-10-10 02:20:24'),
(14564, 29, 1, 52, '2017-12-04 11:56:21'),
(14565, 11, 1, 66, '2018-04-05 06:01:28'),
(14566, 25, 1, 84, '2017-11-04 13:47:16'),
(14567, 30, 1, 75, '2018-02-04 08:03:45'),
(14568, 38, 1, 59, '2017-11-18 20:08:19'),
(14569, 9, 1, 83, '2018-07-04 23:25:10'),
(14570, 10, 1, 51, '2018-01-10 17:59:16'),
(14571, 38, 1, 72, '2017-12-22 15:58:34'),
(14572, 11, 1, 43, '2017-11-16 02:17:48'),
(14573, 27, 1, 74, '2018-02-07 11:24:21'),
(14574, 10, 1, 83, '2018-08-15 11:58:07'),
(14575, 4, 1, 44, '2018-01-24 18:23:06'),
(14576, 13, 1, 29, '2018-07-10 11:35:34'),
(14577, 16, 1, 63, '2018-02-25 18:03:49'),
(14578, 11, 1, 47, '2018-07-05 01:44:38'),
(14579, 32, 1, 90, '2017-10-11 05:02:05'),
(14580, 18, 1, 72, '2018-09-02 10:07:51'),
(14581, 13, 1, 56, '2018-05-18 23:21:52'),
(14582, 23, 1, 99, '2017-10-14 08:29:57'),
(14583, 43, 1, 51, '2018-02-18 17:17:34'),
(14584, 11, 1, 89, '2017-11-01 09:55:25'),
(14585, 4, 1, 43, '2018-01-07 19:16:43'),
(14586, 26, 1, 70, '2018-09-03 16:30:10'),
(14587, 24, 1, 30, '2018-07-08 15:33:30'),
(14588, 33, 1, 47, '2018-01-13 07:02:24'),
(14589, 19, 1, 51, '2018-05-31 03:11:16'),
(14590, 20, 1, 10, '2018-04-28 20:21:38'),
(14591, 44, 1, 28, '2018-07-13 22:43:12'),
(14592, 43, 1, 37, '2018-01-06 22:47:27'),
(14593, 14, 1, 91, '2018-09-25 19:36:41'),
(14594, 49, 1, 54, '2018-03-03 13:42:50'),
(14595, 32, 1, 100, '2017-11-12 15:08:01'),
(14596, 4, 1, 65, '2018-08-07 04:29:00'),
(14597, 26, 1, 55, '2018-02-06 12:46:10'),
(14598, 20, 1, 82, '2018-08-27 04:56:11'),
(14599, 9, 1, 50, '2018-03-01 00:27:33'),
(14600, 42, 1, 14, '2018-02-12 23:24:35'),
(14601, 2, 1, 25, '2017-10-23 08:09:20'),
(14602, 39, 1, 41, '2017-11-30 02:59:58'),
(14603, 27, 1, 77, '2018-09-05 18:38:59'),
(14604, 10, 1, 77, '2018-08-05 06:32:17'),
(14605, 40, 1, 65, '2018-05-16 03:25:41'),
(14606, 13, 1, 57, '2017-11-29 23:17:32'),
(14607, 7, 1, 37, '2017-12-16 19:53:30'),
(14608, 41, 1, 86, '2017-12-04 00:11:40'),
(14609, 22, 1, 94, '2018-01-15 18:52:49'),
(14610, 1, 1, 14, '2018-02-08 18:41:59'),
(14611, 49, 1, 89, '2018-09-18 13:46:43'),
(14612, 9, 1, 89, '2017-11-22 03:29:11'),
(14613, 43, 1, 52, '2018-01-14 07:35:10'),
(14614, 18, 1, 56, '2018-03-01 12:19:11'),
(14615, 7, 1, 18, '2018-01-29 20:09:45'),
(14616, 40, 1, 76, '2018-09-02 03:42:38'),
(14617, 33, 1, 24, '2018-04-20 20:33:22'),
(14618, 38, 1, 45, '2018-08-04 04:00:37'),
(14619, 43, 1, 18, '2018-08-30 11:33:29'),
(14620, 43, 1, 54, '2018-09-15 08:17:07'),
(14621, 19, 1, 11, '2018-03-31 04:10:13'),
(14622, 43, 1, 39, '2018-02-19 18:48:25'),
(14623, 44, 1, 57, '2018-03-09 11:18:21'),
(14624, 49, 1, 40, '2018-05-27 18:28:57'),
(14625, 27, 1, 20, '2018-09-03 21:01:28'),
(14626, 19, 1, 74, '2018-05-27 04:23:12'),
(14627, 39, 1, 77, '2018-01-09 13:50:14'),
(14628, 33, 1, 100, '2018-07-06 14:55:25'),
(14629, 14, 1, 15, '2018-09-26 00:26:02'),
(14630, 11, 1, 68, '2018-02-10 06:49:31'),
(14631, 26, 1, 72, '2017-11-01 17:04:43'),
(14632, 33, 1, 56, '2018-07-29 06:40:28'),
(14633, 8, 1, 59, '2017-10-28 13:06:59'),
(14634, 36, 1, 86, '2018-06-27 04:50:28'),
(14635, 34, 1, 62, '2018-03-13 19:11:59'),
(14636, 4, 1, 14, '2018-06-05 23:31:10'),
(14637, 24, 1, 93, '2018-02-26 19:49:35'),
(14638, 43, 1, 83, '2018-06-25 15:14:22'),
(14639, 44, 1, 48, '2017-10-10 20:44:34'),
(14640, 49, 1, 95, '2018-05-15 12:25:47'),
(14641, 26, 1, 23, '2017-12-09 13:17:29'),
(14642, 18, 1, 98, '2018-03-09 08:57:05'),
(14643, 46, 1, 45, '2018-06-26 02:34:57'),
(14644, 35, 1, 81, '2018-09-25 17:10:36'),
(14645, 34, 1, 78, '2018-05-27 11:57:56'),
(14646, 6, 1, 25, '2018-05-21 09:12:19'),
(14647, 42, 1, 59, '2017-10-21 23:14:23'),
(14648, 48, 1, 79, '2018-02-17 09:00:02'),
(14649, 15, 1, 14, '2018-07-10 18:58:40'),
(14650, 40, 1, 27, '2018-08-26 10:37:49'),
(14651, 8, 1, 10, '2018-06-28 20:04:56'),
(14652, 30, 1, 96, '2018-04-12 05:04:11'),
(14653, 4, 1, 35, '2017-11-04 07:42:00'),
(14654, 11, 1, 55, '2018-09-24 11:17:41'),
(14655, 17, 1, 41, '2018-06-06 19:52:09'),
(14656, 23, 1, 86, '2018-07-16 19:35:06'),
(14657, 38, 1, 61, '2018-07-31 22:24:21'),
(14658, 4, 1, 38, '2018-04-29 13:43:01'),
(14659, 45, 1, 29, '2018-09-17 13:26:21'),
(14660, 30, 1, 96, '2018-05-05 03:49:04'),
(14661, 15, 1, 43, '2018-09-27 13:21:58'),
(14662, 41, 1, 52, '2017-12-10 17:49:16'),
(14663, 36, 1, 14, '2017-12-17 00:27:07'),
(14664, 26, 1, 55, '2018-03-09 07:53:23'),
(14665, 31, 1, 75, '2018-04-07 03:07:46'),
(14666, 36, 1, 29, '2017-10-08 10:32:35'),
(14667, 17, 1, 60, '2018-06-09 18:59:09'),
(14668, 13, 1, 63, '2018-01-15 03:44:57'),
(14669, 30, 1, 73, '2018-05-21 10:17:35'),
(14670, 4, 1, 58, '2017-12-25 19:33:49'),
(14671, 41, 1, 61, '2018-05-19 17:24:53'),
(14672, 5, 1, 23, '2018-02-23 07:15:38'),
(14673, 26, 1, 20, '2017-11-03 22:21:27'),
(14674, 48, 1, 60, '2017-11-25 05:51:07'),
(14675, 12, 1, 100, '2018-08-21 17:09:31'),
(14676, 1, 1, 63, '2018-09-18 23:33:41'),
(14677, 15, 1, 43, '2018-02-05 08:40:27'),
(14678, 35, 1, 99, '2018-05-12 18:10:54'),
(14679, 38, 1, 99, '2017-10-22 11:30:29'),
(14680, 34, 1, 34, '2018-07-23 14:47:44'),
(14681, 47, 1, 17, '2018-05-10 06:01:35'),
(14682, 44, 1, 17, '2017-12-21 15:04:00'),
(14683, 46, 1, 73, '2018-07-30 02:34:27'),
(14684, 11, 1, 21, '2018-01-15 03:08:58'),
(14685, 39, 1, 28, '2018-08-13 01:47:33'),
(14686, 26, 1, 20, '2018-06-12 09:07:03'),
(14687, 50, 1, 97, '2018-01-16 19:51:44'),
(14688, 27, 1, 71, '2018-09-08 23:08:14'),
(14689, 32, 1, 57, '2018-05-13 03:49:13'),
(14690, 47, 1, 56, '2017-11-14 17:12:31'),
(14691, 23, 1, 45, '2018-07-27 01:02:42'),
(14692, 50, 1, 31, '2017-12-15 04:10:45'),
(14693, 44, 1, 51, '2018-04-15 13:06:47'),
(14694, 6, 1, 95, '2018-04-08 09:27:02'),
(14695, 1, 1, 95, '2018-08-27 12:08:41'),
(14696, 40, 1, 56, '2018-02-12 04:19:15'),
(14697, 24, 1, 29, '2018-02-22 03:24:38'),
(14698, 15, 1, 34, '2017-12-10 08:25:08'),
(14699, 32, 1, 52, '2018-03-05 05:12:28'),
(14700, 27, 1, 71, '2018-07-03 10:41:19'),
(14701, 15, 1, 31, '2018-06-09 14:12:07'),
(14702, 13, 1, 79, '2018-01-05 03:03:40'),
(14703, 37, 1, 58, '2018-04-23 09:04:16'),
(14704, 50, 1, 91, '2018-09-10 02:48:36'),
(14705, 21, 1, 47, '2018-01-07 15:25:43'),
(14706, 29, 1, 63, '2017-11-11 14:46:07'),
(14707, 21, 1, 39, '2018-01-09 22:04:16'),
(14708, 38, 1, 90, '2018-02-07 17:27:59'),
(14709, 9, 1, 21, '2018-04-25 17:56:54'),
(14710, 20, 1, 39, '2018-03-02 03:05:20'),
(14711, 18, 1, 44, '2018-06-11 23:28:46'),
(14712, 42, 1, 12, '2018-05-14 04:56:22'),
(14713, 4, 1, 84, '2018-08-05 01:59:35'),
(14714, 14, 1, 56, '2018-06-14 13:55:50'),
(14715, 2, 1, 72, '2018-07-18 09:09:21'),
(14716, 45, 1, 57, '2018-09-20 19:21:02'),
(14717, 45, 1, 28, '2018-07-24 12:55:39'),
(14718, 48, 1, 77, '2018-07-03 22:08:29'),
(14719, 1, 1, 26, '2017-11-26 21:21:22'),
(14720, 38, 1, 48, '2017-12-08 22:47:54'),
(14721, 30, 1, 24, '2018-09-26 13:50:15'),
(14722, 28, 1, 79, '2018-02-21 19:59:00'),
(14723, 6, 1, 40, '2018-09-22 20:46:28'),
(14724, 37, 1, 53, '2018-01-18 02:10:16'),
(14725, 3, 1, 45, '2018-06-09 14:47:31'),
(14726, 14, 1, 75, '2018-09-10 02:25:16'),
(14727, 39, 1, 22, '2018-09-07 10:08:36'),
(14728, 19, 1, 85, '2018-03-26 01:52:40'),
(14729, 38, 1, 46, '2018-07-19 04:44:44'),
(14730, 6, 1, 23, '2018-03-04 08:58:50'),
(14731, 22, 1, 95, '2018-07-02 02:38:56'),
(14732, 11, 1, 89, '2018-03-20 18:21:20'),
(14733, 43, 1, 40, '2018-03-03 09:55:52'),
(14734, 37, 1, 98, '2018-04-25 23:38:31'),
(14735, 50, 1, 42, '2018-09-02 11:42:38'),
(14736, 12, 1, 71, '2018-01-24 23:46:34'),
(14737, 7, 1, 13, '2017-10-25 02:14:54'),
(14738, 20, 1, 46, '2018-02-17 14:13:13'),
(14739, 34, 1, 89, '2018-06-01 21:44:26'),
(14740, 43, 1, 81, '2018-08-12 00:35:45'),
(14741, 50, 1, 73, '2018-03-26 20:01:08'),
(14742, 4, 1, 19, '2018-01-02 05:54:51'),
(14743, 50, 1, 23, '2018-01-31 03:57:08'),
(14744, 32, 1, 82, '2018-02-22 23:30:27'),
(14745, 19, 1, 14, '2018-06-01 09:06:55'),
(14746, 7, 1, 12, '2017-11-11 19:31:26'),
(14747, 16, 1, 30, '2018-04-23 05:01:58'),
(14748, 5, 1, 52, '2018-07-11 18:59:13'),
(14749, 3, 1, 41, '2018-04-07 08:49:21'),
(14750, 14, 1, 46, '2018-08-08 10:49:24'),
(14751, 37, 1, 64, '2018-02-20 08:51:02'),
(14752, 22, 1, 62, '2018-01-22 21:33:46'),
(14753, 34, 1, 50, '2018-06-19 04:17:03'),
(14754, 38, 1, 32, '2018-07-27 15:52:18'),
(14755, 16, 1, 65, '2018-08-13 01:15:36'),
(14756, 12, 1, 40, '2017-12-22 18:54:15'),
(14757, 44, 1, 14, '2017-10-25 17:18:59'),
(14758, 40, 1, 65, '2018-04-18 19:38:56'),
(14759, 9, 1, 62, '2018-01-30 04:14:49'),
(14760, 36, 1, 71, '2018-04-18 05:33:28'),
(14761, 18, 1, 96, '2018-02-15 11:05:02'),
(14762, 39, 1, 96, '2018-05-23 10:33:30'),
(14763, 39, 1, 10, '2018-09-06 06:25:26'),
(14764, 3, 1, 34, '2018-05-23 07:06:47'),
(14765, 31, 1, 12, '2018-03-05 11:12:08'),
(14766, 3, 1, 62, '2018-03-30 15:27:39'),
(14767, 50, 1, 92, '2017-10-02 00:14:06'),
(14768, 4, 1, 87, '2018-02-10 01:47:37'),
(14769, 26, 1, 91, '2017-12-16 19:36:40'),
(14770, 38, 1, 51, '2018-07-13 23:57:53'),
(14771, 12, 1, 49, '2018-01-05 20:05:41'),
(14772, 30, 1, 73, '2018-02-06 18:35:36'),
(14773, 24, 1, 42, '2018-07-12 19:09:05'),
(14774, 43, 1, 12, '2017-10-21 22:57:27'),
(14775, 46, 1, 47, '2018-06-09 10:17:14'),
(14776, 22, 1, 45, '2018-07-08 11:55:01'),
(14777, 41, 1, 43, '2018-04-20 02:11:08'),
(14778, 1, 1, 86, '2018-07-17 01:21:23'),
(14779, 43, 1, 11, '2018-08-15 15:55:49'),
(14780, 48, 1, 77, '2018-04-18 02:20:17'),
(14781, 48, 1, 16, '2018-04-26 12:13:26'),
(14782, 19, 1, 34, '2018-08-22 05:44:09'),
(14783, 17, 1, 73, '2017-10-18 17:26:16'),
(14784, 28, 1, 66, '2017-11-27 19:17:42'),
(14785, 36, 1, 36, '2017-12-22 22:04:10'),
(14786, 36, 1, 77, '2018-03-06 01:00:09'),
(14787, 9, 1, 26, '2018-02-05 04:42:17'),
(14788, 24, 1, 52, '2017-10-31 16:21:37'),
(14789, 23, 1, 13, '2018-01-15 14:50:11'),
(14790, 43, 1, 53, '2018-06-07 22:22:33'),
(14791, 43, 1, 27, '2017-10-13 18:28:53'),
(14792, 30, 1, 80, '2018-06-15 12:01:59'),
(14793, 25, 1, 36, '2017-11-05 07:12:32'),
(14794, 44, 1, 44, '2017-12-11 04:53:16'),
(14795, 40, 1, 13, '2018-09-12 03:13:36'),
(14796, 14, 1, 35, '2018-01-26 23:38:16'),
(14797, 40, 1, 68, '2017-12-21 17:36:01'),
(14798, 45, 1, 88, '2018-01-19 15:30:13'),
(14799, 45, 1, 59, '2017-12-18 17:50:02'),
(14800, 29, 1, 96, '2018-09-21 03:08:19'),
(14801, 20, 1, 20, '2018-08-31 07:20:58'),
(14802, 18, 1, 47, '2018-05-06 00:24:22'),
(14803, 47, 1, 22, '2017-12-29 07:22:41'),
(14804, 3, 1, 77, '2017-11-11 01:51:05'),
(14805, 31, 1, 86, '2018-06-19 17:12:41'),
(14806, 17, 1, 68, '2018-01-10 19:40:38'),
(14807, 6, 1, 32, '2018-01-22 17:15:19'),
(14808, 34, 1, 40, '2018-05-01 13:49:35'),
(14809, 20, 1, 75, '2018-07-02 18:54:54'),
(14810, 24, 1, 72, '2018-06-08 12:39:44'),
(14811, 2, 1, 69, '2018-07-06 08:45:29'),
(14812, 18, 1, 97, '2017-11-04 22:22:40'),
(14813, 13, 1, 81, '2018-01-07 16:28:02'),
(14814, 49, 1, 54, '2018-02-25 08:18:30'),
(14815, 50, 1, 51, '2017-10-10 10:12:53'),
(14816, 47, 1, 73, '2017-11-17 13:44:20'),
(14817, 32, 1, 89, '2018-08-03 20:02:13'),
(14818, 50, 1, 19, '2018-04-04 15:35:37'),
(14819, 8, 1, 83, '2018-09-29 17:41:38'),
(14820, 32, 1, 52, '2018-08-30 04:34:23'),
(14821, 46, 1, 20, '2018-09-04 02:38:16'),
(14822, 42, 1, 43, '2018-05-10 07:15:07'),
(14823, 25, 1, 39, '2018-06-11 22:14:23'),
(14824, 1, 1, 22, '2018-07-08 18:08:38'),
(14825, 43, 1, 20, '2017-12-04 03:10:42'),
(14826, 31, 1, 96, '2018-01-11 07:55:41'),
(14827, 2, 1, 36, '2017-10-07 10:00:15'),
(14828, 6, 1, 92, '2018-05-25 04:21:42'),
(14829, 9, 1, 90, '2018-08-14 10:27:52'),
(14830, 13, 1, 80, '2018-07-11 03:55:09'),
(14831, 10, 1, 72, '2018-01-17 16:43:12'),
(14832, 44, 1, 24, '2017-12-06 18:37:57'),
(14833, 44, 1, 87, '2018-08-25 17:15:19'),
(14834, 8, 1, 38, '2017-12-24 10:21:06'),
(14835, 40, 1, 59, '2018-03-14 07:20:38'),
(14836, 5, 1, 85, '2018-03-24 02:28:46'),
(14837, 2, 1, 63, '2017-11-09 03:55:11'),
(14838, 19, 1, 54, '2017-12-02 15:46:45'),
(14839, 27, 1, 73, '2018-04-21 19:24:55'),
(14840, 40, 1, 31, '2018-01-18 06:08:53'),
(14841, 10, 1, 83, '2017-12-16 13:44:24'),
(14842, 34, 1, 18, '2018-04-01 00:11:38'),
(14843, 24, 1, 50, '2017-11-10 09:45:53'),
(14844, 12, 1, 37, '2018-05-17 08:13:58'),
(14845, 26, 1, 46, '2017-12-08 11:15:53'),
(14846, 8, 1, 96, '2018-03-31 20:41:30'),
(14847, 19, 1, 96, '2018-08-05 12:09:20'),
(14848, 25, 1, 43, '2018-09-22 10:36:48'),
(14849, 31, 1, 59, '2018-03-10 19:33:58'),
(14850, 48, 1, 14, '2018-06-16 11:07:57'),
(14851, 15, 1, 39, '2018-05-05 07:57:05'),
(14852, 31, 1, 30, '2018-04-07 17:54:30'),
(14853, 18, 1, 39, '2018-04-06 03:03:19'),
(14854, 37, 1, 53, '2017-11-09 03:38:41'),
(14855, 45, 1, 86, '2018-06-08 15:54:32'),
(14856, 32, 1, 91, '2017-10-02 21:48:19'),
(14857, 43, 1, 41, '2018-08-30 02:45:41'),
(14858, 14, 1, 97, '2018-07-18 07:44:32'),
(14859, 30, 1, 82, '2017-12-03 09:47:50'),
(14860, 46, 1, 41, '2018-01-21 18:14:31'),
(14861, 20, 1, 58, '2018-03-02 12:37:50'),
(14862, 19, 1, 95, '2018-04-28 22:34:57'),
(14863, 16, 1, 93, '2017-11-20 14:55:54'),
(14864, 1, 1, 15, '2018-07-06 08:18:05'),
(14865, 6, 1, 97, '2018-04-06 00:33:08'),
(14866, 45, 1, 47, '2017-11-30 01:57:01'),
(14867, 1, 1, 18, '2018-08-21 05:05:09'),
(14868, 35, 1, 97, '2017-10-15 13:03:20'),
(14869, 7, 1, 62, '2018-09-24 19:09:51'),
(14870, 7, 1, 12, '2018-07-20 10:12:10'),
(14871, 26, 1, 88, '2017-11-18 15:42:05'),
(14872, 25, 1, 13, '2018-02-18 17:18:23'),
(14873, 11, 1, 15, '2017-12-25 03:27:06'),
(14874, 12, 1, 14, '2017-12-23 21:34:37'),
(14875, 24, 1, 96, '2017-11-16 00:58:20'),
(14876, 31, 1, 77, '2017-12-26 06:57:14'),
(14877, 23, 1, 16, '2018-04-14 08:47:04'),
(14878, 37, 1, 64, '2018-01-30 07:01:00'),
(14879, 42, 1, 18, '2018-07-31 02:20:37'),
(14880, 2, 1, 16, '2018-05-22 02:50:30'),
(14881, 28, 1, 94, '2018-01-28 19:00:06'),
(14882, 39, 1, 40, '2018-06-30 13:00:17'),
(14883, 45, 1, 32, '2018-06-11 16:51:32'),
(14884, 2, 1, 67, '2017-11-30 06:27:23'),
(14885, 33, 1, 33, '2018-09-02 13:44:07'),
(14886, 30, 1, 35, '2018-02-22 06:49:45'),
(14887, 37, 1, 94, '2018-04-01 20:57:58'),
(14888, 19, 1, 18, '2018-03-11 05:38:41'),
(14889, 4, 1, 15, '2017-11-01 02:34:23');
INSERT INTO `ratings_balls` (`pk`, `fk_user`, `fk_message`, `ball`, `ball_datetime`) VALUES
(14890, 22, 1, 13, '2018-03-18 07:03:07'),
(14891, 5, 1, 22, '2018-09-14 08:50:42'),
(14892, 22, 1, 57, '2018-02-02 05:57:54'),
(14893, 43, 1, 83, '2018-06-25 17:38:59'),
(14894, 19, 1, 32, '2018-01-09 02:28:30'),
(14895, 43, 1, 69, '2018-07-07 23:29:59'),
(14896, 10, 1, 72, '2018-01-23 16:06:18'),
(14897, 23, 1, 44, '2018-08-06 19:51:20'),
(14898, 16, 1, 28, '2017-10-18 16:26:25'),
(14899, 27, 1, 49, '2018-01-11 23:04:47'),
(14900, 43, 1, 83, '2018-09-27 08:52:26'),
(14901, 12, 1, 70, '2018-03-03 17:22:57'),
(14902, 31, 1, 100, '2017-10-24 18:28:08'),
(14903, 7, 1, 91, '2018-03-29 15:44:09'),
(14904, 40, 1, 96, '2018-06-26 04:37:47'),
(14905, 20, 1, 11, '2017-10-29 04:02:40'),
(14906, 20, 1, 90, '2017-11-06 21:49:00'),
(14907, 46, 1, 90, '2018-09-02 12:41:30'),
(14908, 12, 1, 84, '2018-08-02 11:47:31'),
(14909, 40, 1, 58, '2018-08-11 22:24:03'),
(14910, 20, 1, 15, '2018-02-12 18:37:03'),
(14911, 13, 1, 96, '2017-12-05 00:54:35'),
(14912, 13, 1, 49, '2018-05-28 10:35:32'),
(14913, 46, 1, 42, '2018-04-23 03:54:47'),
(14914, 24, 1, 19, '2018-03-12 09:39:39'),
(14915, 46, 1, 84, '2017-11-17 05:58:45'),
(14916, 18, 1, 66, '2018-05-24 23:41:51'),
(14917, 18, 1, 68, '2018-05-19 17:19:30'),
(14918, 10, 1, 33, '2018-05-19 16:23:13'),
(14919, 31, 1, 99, '2018-05-28 04:10:37'),
(14920, 1, 1, 20, '2017-12-09 09:37:34'),
(14921, 12, 1, 34, '2018-07-08 16:29:29'),
(14922, 16, 1, 70, '2018-02-24 23:20:15'),
(14923, 31, 1, 95, '2018-08-23 09:40:31'),
(14924, 41, 1, 88, '2017-11-16 20:25:56'),
(14925, 10, 1, 98, '2018-07-15 08:18:23'),
(14926, 41, 1, 97, '2018-09-20 01:59:35'),
(14927, 27, 1, 24, '2018-08-03 16:05:52'),
(14928, 19, 1, 10, '2018-04-30 10:17:49'),
(14929, 28, 1, 37, '2017-12-11 03:46:58'),
(14930, 50, 1, 80, '2018-09-28 02:21:33'),
(14931, 6, 1, 100, '2018-09-25 17:59:59'),
(14932, 15, 1, 40, '2018-01-30 10:20:10'),
(14933, 28, 1, 45, '2018-07-07 11:44:20'),
(14934, 42, 1, 44, '2018-04-06 20:36:02'),
(14935, 34, 1, 11, '2018-02-21 11:37:50'),
(14936, 16, 1, 11, '2018-06-20 08:49:28'),
(14937, 12, 1, 44, '2018-08-10 10:23:11'),
(14938, 31, 1, 52, '2018-06-24 23:23:46'),
(14939, 43, 1, 62, '2018-09-20 07:39:44'),
(14940, 13, 1, 65, '2018-01-20 17:53:06'),
(14941, 6, 1, 87, '2018-06-18 21:46:51'),
(14942, 36, 1, 78, '2018-02-23 00:30:06'),
(14943, 32, 1, 24, '2018-05-04 18:29:41'),
(14944, 22, 1, 100, '2017-11-02 05:37:56'),
(14945, 47, 1, 76, '2018-05-16 08:42:02'),
(14946, 38, 1, 74, '2018-02-06 21:00:56'),
(14947, 7, 1, 87, '2018-09-02 07:13:15'),
(14948, 46, 1, 50, '2018-02-14 11:32:44'),
(14949, 14, 1, 22, '2017-11-21 10:09:22'),
(14950, 49, 1, 25, '2018-06-24 07:23:04'),
(14951, 19, 1, 45, '2018-09-05 17:26:07'),
(14952, 12, 1, 47, '2018-04-14 17:29:56'),
(14953, 39, 1, 61, '2018-07-23 11:21:22'),
(14954, 34, 1, 76, '2017-11-04 23:22:59'),
(14955, 48, 1, 88, '2018-02-10 13:15:03'),
(14956, 36, 1, 39, '2018-08-12 17:36:59'),
(14957, 13, 1, 68, '2018-08-09 01:23:19'),
(14958, 13, 1, 90, '2018-05-10 14:38:30'),
(14959, 25, 1, 76, '2018-01-03 15:21:56'),
(14960, 44, 1, 57, '2017-12-28 09:16:08'),
(14961, 4, 1, 44, '2018-07-15 15:32:05'),
(14962, 23, 1, 55, '2018-02-24 08:41:37'),
(14963, 17, 1, 30, '2018-01-15 16:10:30'),
(14964, 36, 1, 41, '2018-08-10 22:07:37'),
(14965, 37, 1, 18, '2018-01-11 05:02:00'),
(14966, 46, 1, 21, '2018-02-07 05:44:38'),
(14967, 11, 1, 36, '2018-06-02 03:49:50'),
(14968, 7, 1, 69, '2018-04-30 07:23:13'),
(14969, 2, 1, 39, '2018-05-18 19:00:39'),
(14970, 46, 1, 56, '2017-10-26 07:26:34'),
(14971, 30, 1, 25, '2018-07-12 04:12:32'),
(14972, 34, 1, 41, '2018-05-26 12:40:46'),
(14973, 29, 1, 46, '2018-08-15 19:55:21'),
(14974, 38, 1, 28, '2018-03-16 13:08:08'),
(14975, 12, 1, 14, '2018-04-23 00:14:13'),
(14976, 26, 1, 73, '2017-11-26 21:41:47'),
(14977, 42, 1, 32, '2018-05-29 07:06:58'),
(14978, 23, 1, 80, '2018-09-06 00:06:07'),
(14979, 49, 1, 79, '2018-02-09 02:58:15'),
(14980, 9, 1, 38, '2017-10-25 02:51:10'),
(14981, 23, 1, 42, '2018-02-18 01:02:58'),
(14982, 10, 1, 92, '2018-05-09 23:11:46'),
(14983, 26, 1, 29, '2018-08-12 15:28:25'),
(14984, 35, 1, 70, '2017-10-14 08:08:09'),
(14985, 42, 1, 53, '2018-04-19 23:12:25'),
(14986, 48, 1, 35, '2018-07-30 09:55:23'),
(14987, 23, 1, 78, '2018-03-06 13:40:29'),
(14988, 23, 1, 30, '2018-04-20 00:49:36'),
(14989, 33, 1, 14, '2017-12-07 00:13:54'),
(14990, 46, 1, 80, '2017-11-05 04:46:25'),
(14991, 17, 1, 78, '2017-10-24 07:24:43'),
(14992, 33, 1, 82, '2018-02-25 01:54:51'),
(14993, 40, 1, 26, '2017-10-25 21:57:54'),
(14994, 50, 1, 89, '2018-05-19 11:53:55'),
(14995, 42, 1, 34, '2018-08-19 19:09:42'),
(14996, 46, 1, 53, '2018-09-09 07:44:11'),
(14997, 6, 1, 41, '2018-02-12 10:53:01'),
(14998, 47, 1, 33, '2017-12-13 11:09:23'),
(14999, 11, 1, 65, '2018-02-17 23:21:01'),
(15000, 40, 1, 58, '2017-10-10 00:10:07'),
(15001, 17, 1, 66, '2018-08-14 05:05:38'),
(15002, 34, 1, 59, '2018-04-14 14:39:40'),
(15003, 17, 1, 36, '2018-01-23 17:17:21');

-- --------------------------------------------------------

--
-- Структура таблицы `ratings_messages`
--

CREATE TABLE `ratings_messages` (
  `pk` int(11) NOT NULL,
  `message` varchar(255) DEFAULT NULL
) ENGINE=InnoDB DEFAULT CHARSET=latin1;

--
-- Дамп данных таблицы `ratings_messages`
--

INSERT INTO `ratings_messages` (`pk`, `message`) VALUES
(1, 'test'),
(2, 'test'),
(3, 'test');

-- --------------------------------------------------------

--
-- Структура таблицы `users`
--

CREATE TABLE `users` (
  `pk` int(11) NOT NULL,
  `login` varchar(255) NOT NULL,
  `password` text NOT NULL,
  `registration_date` date NOT NULL,
  `last_visit_date` datetime NOT NULL,
  `rating_ball` int(10) UNSIGNED DEFAULT '0',
  `experience` bigint(20) UNSIGNED DEFAULT '0'
) ENGINE=InnoDB DEFAULT CHARSET=latin1;

--
-- Дамп данных таблицы `users`
--

INSERT INTO `users` (`pk`, `login`, `password`, `registration_date`, `last_visit_date`, `rating_ball`, `experience`) VALUES
(1, 'Jaclyn Rowe II', '58399a83f9650508b5d3ce39918be38e', '2018-08-23', '2018-09-15 00:00:00', 263, 66897043663433565),
(2, 'Kade Krajcik', 'b6a8ce153364c6c8a42b4e3b97bbf659', '2017-10-11', '2018-04-13 00:00:00', 422, 181530443869222377),
(3, 'Reilly Ankunding', '7df18ff53de5a09ba216c20280efb645', '2018-09-10', '2018-09-12 00:00:00', 855, 101216937003095338),
(4, 'Trycia Waelchi', '1266f4f83f5694f79cf117242647771e', '2017-11-15', '2017-12-29 00:00:00', 10, 21588818818110055),
(5, 'Shanna Rutherford', 'a9c982ea48f8cf4349ff7130cc273735', '2018-02-09', '2018-07-22 00:00:00', 556, 227355302060567932),
(6, 'Prof. Dedrick Lehner', 'afc4160051bd291c9de765b7eb6594a5', '2018-05-12', '2018-09-17 00:00:00', 523, 211323869317600278),
(7, 'Tito Harvey', 'f0983a839643d89f3c48bc646f410637', '2017-10-07', '2017-10-24 00:00:00', 748, 245538782402503989),
(8, 'Travon Ruecker', '325a0a5a2a81d44cec27975b181a23e0', '2018-05-05', '2018-07-04 00:00:00', 393, 130162529507623278),
(9, 'Jamaal Kohler IV', '4aea0ac57bb17ad357e796803e63f78d', '2018-04-28', '2018-05-26 00:00:00', 458, 71326913419635106),
(10, 'Dina Gerlach', '2ece0b149e9a8f6dc08c2ee46bb3f864', '2018-07-03', '2018-09-02 00:00:00', 688, 191971805048388098),
(11, 'Verdie Waelchi', 'a61cbdcf125df6ca115d44f3fd69c61e', '2017-11-02', '2017-11-04 00:00:00', 872, 86018586102760748),
(12, 'Mia Fritsch', '31c42c67e3778212abbc5beef9cdcf2e', '2018-05-12', '2018-07-04 00:00:00', 194, 153122034636585001),
(13, 'Willie Boyer I', '3919e0e5d3e1f6eef8b79495b3617ad5', '2018-04-06', '2018-09-02 00:00:00', 155, 261995434153595086),
(14, 'Eldora Goodwin II', '850a7a42030028e3858e7f6fb8372162', '2018-08-03', '2018-08-22 00:00:00', 310, 173133240014879522),
(15, 'Samir Gerhold IV', '605ab9f827e6d95f42c204ca1a3765a0', '2017-10-20', '2018-02-19 00:00:00', 441, 95743082889791989),
(16, 'Carolanne Kunze', 'f7297df218edb4be407adaf2dcd7a744', '2018-01-10', '2018-08-16 00:00:00', 221, 14166799555298173),
(17, 'Alverta Casper', 'e4b08ffa20bbbaa9100646a5d587642d', '2018-08-25', '2018-09-19 00:00:00', 5, 256131869608713831),
(18, 'Ms. Hellen Kuhic Sr.', 'd6e6fb384cf2b08d91d9cf24f9e2bbce', '2017-11-14', '2018-03-20 00:00:00', 93, 199940197696568956),
(19, 'Prof. Ivory Ward', '13420aad933f3e1a6bbca37fce3d32f5', '2018-08-20', '2018-08-29 00:00:00', 872, 37984305107955796),
(20, 'Mr. Jonathan Donnelly DDS', '2775c69bce3349a9da1374342ee0116b', '2017-10-30', '2017-11-20 00:00:00', 17, 194125064552676741),
(21, 'Effie Jenkins', 'f238dac09a4daf523f36687f5eee7784', '2018-01-27', '2018-07-09 00:00:00', 782, 251053044252069122),
(22, 'Bruce Franecki I', '02f833c626749fb0a5a8475bfcdf5e9d', '2018-06-23', '2018-09-21 00:00:00', 899, 306262755462823012),
(23, 'Candido Kertzmann', 'd3359420310556cefe6db5a1fb7359ad', '2017-11-16', '2018-03-11 00:00:00', 349, 121491582950934797),
(24, 'Ima Bechtelar', '78810c0949416231168d824f41326d48', '2018-09-27', '2018-09-27 00:00:00', 4, 216715441614478657),
(25, 'Colleen Wiegand', 'ccd83efbde88c89038c71dfcdbf3f477', '2018-05-19', '2018-07-03 00:00:00', 679, 223843851672613455),
(26, 'Rudolph Ernser V', 'f9796df9ddc027e2e559bb6367be51bd', '2018-04-03', '2018-08-19 00:00:00', 306, 101336313762999207),
(27, 'Timmy Hodkiewicz', 'f1c74cea7cbdb81b4e758cf53f1b9023', '2018-03-01', '2018-09-01 00:00:00', 252, 287212766184358170),
(28, 'Dr. Alessia Doyle Jr.', '5557337c5f71ff4782afbf43abc1040c', '2017-12-19', '2018-08-17 00:00:00', 686, 251773626156544041),
(29, 'Giovani Blick', 'f3c8abf3681e3fefb58a1630c8b6d08a', '2018-09-21', '2018-09-27 00:00:00', 641, 155424885586362728),
(30, 'Billie Turner', '784ed05baa3429bb0087ef7cede5fedc', '2018-07-08', '2018-07-24 00:00:00', 396, 286928959470330077),
(31, 'Adele Klocko', '8d2d489f2c4243559abc6d7bcc5f101b', '2018-05-21', '2018-06-18 00:00:00', 497, 1223691039783608),
(32, 'Rhett Beer', '5bd4775a0fefaa7b79ced0fccc905890', '2018-03-14', '2018-05-05 00:00:00', 770, 297492146677380195),
(33, 'Claudia Pfeffer', '2cd085770edcdc03eca769ae35bfd7dd', '2018-09-07', '2018-09-10 00:00:00', 814, 73884828792274688),
(34, 'Prof. Maribel Hirthe DDS', 'a26ed8299aed6742dd35e0f4f818f967', '2018-07-08', '2018-08-31 00:00:00', 44, 56212481364747749),
(35, 'Evelyn Kohler', '42c24b272068c880b7cf7f4c5de1f7a7', '2018-08-23', '2018-09-07 00:00:00', 109, 306916173819711847),
(36, 'Bernadine Schumm', '59f0c5f8f7b51d68180a894d5a8456f2', '2018-01-23', '2018-07-19 00:00:00', 31, 262969255990892556),
(37, 'Mrs. Aditya Greenfelder III', 'df0e51b61d319d6723e119cf5a0f1160', '2018-09-19', '2018-09-28 00:00:00', 806, 281518710560723381),
(38, 'Esmeralda Hane', 'd0c4d0893ba466b04e4b37a1cbc8a009', '2018-08-15', '2018-09-20 00:00:00', 184, 112427090392989808),
(39, 'Prof. Jesse Hackett Sr.', '900049169c7c76af40e4f514a9be9cb7', '2017-11-22', '2018-04-24 00:00:00', 19, 73975506847639424),
(40, 'Harvey Rice MD', '6ecead45f08c1fdc60e19c19b5667086', '2017-10-09', '2018-07-26 00:00:00', 74, 140989093433012575),
(41, 'Dr. Margret Abshire DVM', 'bca17aeb1e8ff7b36f0640de06be6aa2', '2018-07-29', '2018-08-19 00:00:00', 157, 131776888506440693),
(42, 'Agustin Skiles', '65b4fd8bf93657035157b5923121e777', '2017-11-25', '2018-03-25 00:00:00', 683, 189786552769333452),
(43, 'Dr. Isabel McCullough DDS', '66ac57ed03b79ad110687819b3bf2be2', '2018-06-24', '2018-07-31 00:00:00', 919, 295690328820043540),
(44, 'Mr. Randi Krajcik', '7c88543c4afc194bc16d03b7f77affaa', '2018-01-13', '2018-03-26 00:00:00', 619, 84685621650065857),
(45, 'Michel Champlin', '48ddfd89bb6716a54239c2087de09aa2', '2018-02-19', '2018-09-09 00:00:00', 396, 310956689928428747),
(46, 'Phoebe Brekke Jr.', '8339d031c4fa9667bdbd22ff886ff744', '2018-07-14', '2018-08-08 00:00:00', 284, 111440021052312945),
(47, 'Dorris Kerluke III', 'ee10cfa7fc67ebabd85362506544c5f1', '2018-02-08', '2018-04-10 00:00:00', 297, 84027340280298555),
(48, 'Dannie Cummings MD', '8d3e849a03eebb4bc65e0ddf102b6c16', '2018-09-21', '2018-09-22 00:00:00', 157, 146053791229036405),
(49, 'Lavinia Hayes', 'b821a9ea7126ba21907066362d5326ac', '2018-05-31', '2018-09-26 00:00:00', 678, 131411931156489712),
(50, 'Andre Turner', '4e022f8c42c81d33c27bbd8d0108562c', '2018-06-20', '2018-07-22 00:00:00', 106, 172195068268857194);

--
-- Триггеры `users`
--
DELIMITER $$
CREATE TRIGGER `hash_user_password` BEFORE INSERT ON `users` FOR EACH ROW BEGIN
    SET NEW.password = md5(NEW.password);
  END
$$
DELIMITER ;

-- --------------------------------------------------------

--
-- Структура таблицы `users_has_achievements`
--

CREATE TABLE `users_has_achievements` (
  `pk` int(11) NOT NULL,
  `fk_user` int(11) DEFAULT NULL,
  `fk_achievement` int(11) DEFAULT NULL
) ENGINE=InnoDB DEFAULT CHARSET=latin1;

-- --------------------------------------------------------

--
-- Структура таблицы `users_has_characters`
--

CREATE TABLE `users_has_characters` (
  `pk` int(11) NOT NULL,
  `fk_user` int(11) DEFAULT NULL,
  `fk_character` int(11) DEFAULT NULL
) ENGINE=InnoDB DEFAULT CHARSET=latin1;

--
-- Дамп данных таблицы `users_has_characters`
--

INSERT INTO `users_has_characters` (`pk`, `fk_user`, `fk_character`) VALUES
(1, 37, 1),
(2, 5, 15),
(3, 46, 15),
(4, 47, 9),
(5, 23, 8),
(6, 17, 9),
(7, 4, 14),
(8, 36, 10),
(9, 49, 9),
(10, 37, 3),
(11, 21, 2),
(12, 13, 11),
(13, 44, 8),
(14, 26, 1),
(15, 37, 1),
(16, 19, 14),
(17, 35, 15),
(18, 14, 15),
(19, 19, 5),
(20, 46, 9),
(21, 25, 3),
(22, 49, 11),
(23, 44, 4),
(24, 45, 1),
(25, 50, 3),
(26, 39, 13),
(27, 19, 1),
(28, 19, 7),
(29, 12, 3),
(30, 27, 1),
(31, 44, 7),
(32, 14, 10),
(33, 27, 6),
(34, 40, 12),
(35, 36, 9),
(36, 3, 3),
(37, 13, 14),
(38, 40, 1),
(39, 28, 12),
(40, 41, 3),
(41, 9, 8),
(42, 14, 4),
(43, 20, 6),
(44, 20, 12),
(45, 37, 2),
(46, 44, 8),
(47, 31, 1),
(48, 5, 9),
(49, 21, 1),
(50, 44, 6),
(51, 45, 14),
(52, 28, 12),
(53, 25, 1),
(54, 21, 6),
(55, 27, 10),
(56, 5, 4),
(57, 37, 4),
(58, 30, 2),
(59, 23, 4),
(60, 2, 4),
(61, 22, 4),
(62, 1, 5),
(63, 43, 8),
(64, 7, 7),
(65, 31, 2),
(66, 12, 15),
(67, 38, 14),
(68, 26, 6),
(69, 47, 10),
(70, 47, 12),
(71, 38, 5),
(72, 23, 9),
(73, 7, 5),
(74, 44, 12),
(75, 43, 12),
(76, 25, 12),
(77, 24, 4),
(78, 14, 15),
(79, 4, 1),
(80, 13, 11),
(81, 10, 10),
(82, 3, 8),
(83, 36, 13),
(84, 47, 1),
(85, 8, 6),
(86, 27, 4),
(87, 35, 1),
(88, 48, 2),
(89, 32, 10),
(90, 17, 8),
(91, 19, 10),
(92, 26, 12),
(93, 15, 7),
(94, 16, 9),
(95, 1, 12),
(96, 40, 9),
(97, 10, 3),
(98, 25, 2),
(99, 33, 4),
(100, 4, 4),
(101, 3, 2);

-- --------------------------------------------------------

--
-- Структура таблицы `users_levels`
--

CREATE TABLE `users_levels` (
  `pk` int(11) NOT NULL,
  `level` tinyint(3) UNSIGNED DEFAULT NULL,
  `experience` bigint(20) UNSIGNED DEFAULT NULL
) ENGINE=InnoDB DEFAULT CHARSET=latin1;

--
-- Дамп данных таблицы `users_levels`
--

INSERT INTO `users_levels` (`pk`, `level`, `experience`) VALUES
(1, 1, 0),
(2, 2, 100),
(3, 3, 150),
(4, 4, 225),
(5, 5, 338),
(6, 6, 507),
(7, 7, 761),
(8, 8, 1142),
(9, 9, 1713),
(10, 10, 2570),
(11, 11, 3855),
(12, 12, 5783),
(13, 13, 8675),
(14, 14, 13013),
(15, 15, 19520),
(16, 16, 29280),
(17, 17, 43920),
(18, 18, 65880),
(19, 19, 98820),
(20, 20, 148230),
(21, 21, 222345),
(22, 22, 333518),
(23, 23, 500277),
(24, 24, 750416),
(25, 25, 1125624),
(26, 26, 1688436),
(27, 27, 2532654),
(28, 28, 3798981),
(29, 29, 5698472),
(30, 30, 8547708),
(31, 31, 12821562),
(32, 32, 19232343),
(33, 33, 28848515),
(34, 34, 43272773),
(35, 35, 64909160),
(36, 36, 97363740),
(37, 37, 146045610),
(38, 38, 219068415),
(39, 39, 328602623),
(40, 40, 492903935),
(41, 41, 739355903),
(42, 42, 1109033855),
(43, 43, 1663550783),
(44, 44, 2495326175),
(45, 45, 3742989263),
(46, 46, 5614483895),
(47, 47, 8421725843),
(48, 48, 12632588765),
(49, 49, 18948883148),
(50, 50, 28423324722),
(51, 51, 42634987083),
(52, 52, 63952480625),
(53, 53, 95928720938),
(54, 54, 143893081407),
(55, 55, 215839622111),
(56, 56, 323759433167),
(57, 57, 485639149751),
(58, 58, 728458724627),
(59, 59, 1092688086941),
(60, 60, 1639032130412),
(61, 61, 2458548195618),
(62, 62, 3687822293427),
(63, 63, 5531733440141),
(64, 64, 8297600160212),
(65, 65, 12446400240318),
(66, 66, 18669600360477),
(67, 67, 28004400540716),
(68, 68, 42006600811074),
(69, 69, 63009901216611),
(70, 70, 94514851824917),
(71, 71, 141772277737380),
(72, 72, 212658416606060),
(73, 73, 318987624909100),
(74, 74, 478481437363640),
(75, 75, 717722156045470),
(76, 76, 1076583234068200),
(77, 77, 1614874851102300),
(78, 78, 2422312276653400),
(79, 79, 3633468414980200),
(80, 80, 5450202622470300),
(81, 81, 8175303933705400),
(82, 82, 12262955900558000),
(83, 83, 18394433850837000),
(84, 84, 27591650776256000),
(85, 85, 41387476164384000),
(86, 86, 62081214246575000),
(87, 87, 93121821369863000),
(88, 88, 139682732054790000),
(89, 89, 209524098082190000),
(90, 90, 314286147123290000),
(91, 91, 471429220684930000),
(92, 92, 707143831027400000),
(93, 93, 1060715746541100000),
(94, 94, 1591073619811600000),
(95, 95, 2386610429717500000),
(96, 96, 3579915644576200000),
(97, 97, 5369873466864300000),
(98, 98, 8054810200296400000),
(99, 99, 12082215300445000000),
(100, 100, 18123322950667000000),
(101, 1, 0),
(102, 2, 100),
(103, 3, 150),
(104, 4, 225),
(105, 5, 338),
(106, 6, 507),
(107, 7, 761),
(108, 8, 1142),
(109, 9, 1713),
(110, 10, 2570),
(111, 11, 3855),
(112, 12, 5783),
(113, 13, 8675),
(114, 14, 13013),
(115, 15, 19520),
(116, 16, 29280),
(117, 17, 43920),
(118, 18, 65880),
(119, 19, 98820),
(120, 20, 148230),
(121, 21, 222345),
(122, 22, 333518),
(123, 23, 500277),
(124, 24, 750416),
(125, 25, 1125624),
(126, 26, 1688436),
(127, 27, 2532654),
(128, 28, 3798981),
(129, 29, 5698472),
(130, 30, 8547708),
(131, 31, 12821562),
(132, 32, 19232343),
(133, 33, 28848515),
(134, 34, 43272773),
(135, 35, 64909160),
(136, 36, 97363740),
(137, 37, 146045610),
(138, 38, 219068415),
(139, 39, 328602623),
(140, 40, 492903935),
(141, 41, 739355903),
(142, 42, 1109033855),
(143, 43, 1663550783),
(144, 44, 2495326175),
(145, 45, 3742989263),
(146, 46, 5614483895),
(147, 47, 8421725843),
(148, 48, 12632588765),
(149, 49, 18948883148),
(150, 50, 28423324722),
(151, 51, 42634987083),
(152, 52, 63952480625),
(153, 53, 95928720938),
(154, 54, 143893081407),
(155, 55, 215839622111),
(156, 56, 323759433167),
(157, 57, 485639149751),
(158, 58, 728458724627),
(159, 59, 1092688086941),
(160, 60, 1639032130412),
(161, 61, 2458548195618),
(162, 62, 3687822293427),
(163, 63, 5531733440141),
(164, 64, 8297600160212),
(165, 65, 12446400240318),
(166, 66, 18669600360477),
(167, 67, 28004400540716),
(168, 68, 42006600811074),
(169, 69, 63009901216611),
(170, 70, 94514851824917),
(171, 71, 141772277737380),
(172, 72, 212658416606060),
(173, 73, 318987624909100),
(174, 74, 478481437363640),
(175, 75, 717722156045470),
(176, 76, 1076583234068200),
(177, 77, 1614874851102300),
(178, 78, 2422312276653400),
(179, 79, 3633468414980200),
(180, 80, 5450202622470300),
(181, 81, 8175303933705400),
(182, 82, 12262955900558000),
(183, 83, 18394433850837000),
(184, 84, 27591650776256000),
(185, 85, 41387476164384000),
(186, 86, 62081214246575000),
(187, 87, 93121821369863000),
(188, 88, 139682732054790000),
(189, 89, 209524098082190000),
(190, 90, 314286147123290000),
(191, 91, 471429220684930000),
(192, 92, 707143831027400000),
(193, 93, 1060715746541100000),
(194, 94, 1591073619811600000),
(195, 95, 2386610429717500000),
(196, 96, 3579915644576200000),
(197, 97, 5369873466864300000),
(198, 98, 8054810200296400000),
(199, 99, 12082215300445000000),
(200, 100, 18123322950667000000),
(201, 1, 0),
(202, 2, 100),
(203, 3, 150),
(204, 4, 225),
(205, 5, 338),
(206, 6, 507),
(207, 7, 761),
(208, 8, 1142),
(209, 9, 1713),
(210, 10, 2570),
(211, 11, 3855),
(212, 12, 5783),
(213, 13, 8675),
(214, 14, 13013),
(215, 15, 19520),
(216, 16, 29280),
(217, 17, 43920),
(218, 18, 65880),
(219, 19, 98820),
(220, 20, 148230),
(221, 21, 222345),
(222, 22, 333518),
(223, 23, 500277),
(224, 24, 750416),
(225, 25, 1125624),
(226, 26, 1688436),
(227, 27, 2532654),
(228, 28, 3798981),
(229, 29, 5698472),
(230, 30, 8547708),
(231, 31, 12821562),
(232, 32, 19232343),
(233, 33, 28848515),
(234, 34, 43272773),
(235, 35, 64909160),
(236, 36, 97363740),
(237, 37, 146045610),
(238, 38, 219068415),
(239, 39, 328602623),
(240, 40, 492903935),
(241, 41, 739355903),
(242, 42, 1109033855),
(243, 43, 1663550783),
(244, 44, 2495326175),
(245, 45, 3742989263),
(246, 46, 5614483895),
(247, 47, 8421725843),
(248, 48, 12632588765),
(249, 49, 18948883148),
(250, 50, 28423324722),
(251, 51, 42634987083),
(252, 52, 63952480625),
(253, 53, 95928720938),
(254, 54, 143893081407),
(255, 55, 215839622111),
(256, 56, 323759433167),
(257, 57, 485639149751),
(258, 58, 728458724627),
(259, 59, 1092688086941),
(260, 60, 1639032130412),
(261, 61, 2458548195618),
(262, 62, 3687822293427),
(263, 63, 5531733440141),
(264, 64, 8297600160212),
(265, 65, 12446400240318),
(266, 66, 18669600360477),
(267, 67, 28004400540716),
(268, 68, 42006600811074),
(269, 69, 63009901216611),
(270, 70, 94514851824917),
(271, 71, 141772277737380),
(272, 72, 212658416606060),
(273, 73, 318987624909100),
(274, 74, 478481437363640),
(275, 75, 717722156045470),
(276, 76, 1076583234068200),
(277, 77, 1614874851102300),
(278, 78, 2422312276653400),
(279, 79, 3633468414980200),
(280, 80, 5450202622470300),
(281, 81, 8175303933705400),
(282, 82, 12262955900558000),
(283, 83, 18394433850837000),
(284, 84, 27591650776256000),
(285, 85, 41387476164384000),
(286, 86, 62081214246575000),
(287, 87, 93121821369863000),
(288, 88, 139682732054790000),
(289, 89, 209524098082190000),
(290, 90, 314286147123290000),
(291, 91, 471429220684930000),
(292, 92, 707143831027400000),
(293, 93, 1060715746541100000),
(294, 94, 1591073619811600000),
(295, 95, 2386610429717500000),
(296, 96, 3579915644576200000),
(297, 97, 5369873466864300000),
(298, 98, 8054810200296400000),
(299, 99, 12082215300445000000),
(300, 100, 18123322950667000000);

--
-- Индексы сохранённых таблиц
--

--
-- Индексы таблицы `achievements`
--
ALTER TABLE `achievements`
  ADD PRIMARY KEY (`pk`);

--
-- Индексы таблицы `characters`
--
ALTER TABLE `characters`
  ADD PRIMARY KEY (`pk`),
  ADD UNIQUE KEY `character_name_uindex` (`name`),
  ADD KEY `characters_characters_lines_pk_fk` (`fk_first_line`),
  ADD KEY `characters_characters_lines_pk_fk_2` (`fk_second_line`);

--
-- Индексы таблицы `characters_levels`
--
ALTER TABLE `characters_levels`
  ADD PRIMARY KEY (`pk`);

--
-- Индексы таблицы `characters_lines`
--
ALTER TABLE `characters_lines`
  ADD PRIMARY KEY (`pk`);

--
-- Индексы таблицы `characters_parametrs`
--
ALTER TABLE `characters_parametrs`
  ADD PRIMARY KEY (`pk`),
  ADD KEY `characters_parametrs_characters_pk_fk` (`fk_character`);

--
-- Индексы таблицы `matches`
--
ALTER TABLE `matches`
  ADD PRIMARY KEY (`pk`),
  ADD KEY `matches_match_status_pk_fk` (`fk_status`);

--
-- Индексы таблицы `matches_logs`
--
ALTER TABLE `matches_logs`
  ADD PRIMARY KEY (`pk`),
  ADD KEY `matches_logs_matches_pk_fk` (`fk_match`),
  ADD KEY `matches_logs_users_pk_fk` (`fk_user_char_1`),
  ADD KEY `matches_logs_users_pk_fk_2` (`fk_user_char_2`),
  ADD KEY `matches_logs_matches_logs_events_pk_fk` (`fk_event`);

--
-- Индексы таблицы `matches_logs_events`
--
ALTER TABLE `matches_logs_events`
  ADD PRIMARY KEY (`pk`);

--
-- Индексы таблицы `matches_party`
--
ALTER TABLE `matches_party`
  ADD PRIMARY KEY (`pk`),
  ADD KEY `matches_party_users_has_characters_pk_fk` (`fk_user_char`),
  ADD KEY `matches_party_matches_pk_fk` (`fk_match`);

--
-- Индексы таблицы `matches_statuses`
--
ALTER TABLE `matches_statuses`
  ADD PRIMARY KEY (`pk`),
  ADD UNIQUE KEY `match_status_status_uindex` (`status`);

--
-- Индексы таблицы `ratings_balls`
--
ALTER TABLE `ratings_balls`
  ADD PRIMARY KEY (`pk`),
  ADD KEY `ratings_balls_users_pk_fk` (`fk_user`),
  ADD KEY `ratings_balls_rating_message_pk_fk` (`fk_message`);

--
-- Индексы таблицы `ratings_messages`
--
ALTER TABLE `ratings_messages`
  ADD PRIMARY KEY (`pk`);

--
-- Индексы таблицы `users`
--
ALTER TABLE `users`
  ADD PRIMARY KEY (`pk`),
  ADD UNIQUE KEY `users_login_uindex` (`login`);

--
-- Индексы таблицы `users_has_achievements`
--
ALTER TABLE `users_has_achievements`
  ADD PRIMARY KEY (`pk`),
  ADD KEY `users_has_achievements_users_pk_fk` (`fk_user`),
  ADD KEY `users_has_achievements_achievements_pk_fk` (`fk_achievement`);

--
-- Индексы таблицы `users_has_characters`
--
ALTER TABLE `users_has_characters`
  ADD PRIMARY KEY (`pk`),
  ADD KEY `user_has_character_users_pk_fk` (`fk_user`),
  ADD KEY `user_has_character_character_pk_fk` (`fk_character`);

--
-- Индексы таблицы `users_levels`
--
ALTER TABLE `users_levels`
  ADD PRIMARY KEY (`pk`);

--
-- AUTO_INCREMENT для сохранённых таблиц
--

--
-- AUTO_INCREMENT для таблицы `achievements`
--
ALTER TABLE `achievements`
  MODIFY `pk` int(11) NOT NULL AUTO_INCREMENT;

--
-- AUTO_INCREMENT для таблицы `characters`
--
ALTER TABLE `characters`
  MODIFY `pk` int(11) NOT NULL AUTO_INCREMENT, AUTO_INCREMENT=31;

--
-- AUTO_INCREMENT для таблицы `characters_levels`
--
ALTER TABLE `characters_levels`
  MODIFY `pk` int(11) NOT NULL AUTO_INCREMENT, AUTO_INCREMENT=91;

--
-- AUTO_INCREMENT для таблицы `characters_lines`
--
ALTER TABLE `characters_lines`
  MODIFY `pk` int(11) NOT NULL AUTO_INCREMENT, AUTO_INCREMENT=13;

--
-- AUTO_INCREMENT для таблицы `characters_parametrs`
--
ALTER TABLE `characters_parametrs`
  MODIFY `pk` int(11) NOT NULL AUTO_INCREMENT;

--
-- AUTO_INCREMENT для таблицы `matches`
--
ALTER TABLE `matches`
  MODIFY `pk` int(11) NOT NULL AUTO_INCREMENT, AUTO_INCREMENT=10298;

--
-- AUTO_INCREMENT для таблицы `matches_logs`
--
ALTER TABLE `matches_logs`
  MODIFY `pk` int(11) NOT NULL AUTO_INCREMENT, AUTO_INCREMENT=1003;

--
-- AUTO_INCREMENT для таблицы `matches_logs_events`
--
ALTER TABLE `matches_logs_events`
  MODIFY `pk` int(11) NOT NULL AUTO_INCREMENT, AUTO_INCREMENT=4;

--
-- AUTO_INCREMENT для таблицы `matches_party`
--
ALTER TABLE `matches_party`
  MODIFY `pk` int(11) NOT NULL AUTO_INCREMENT, AUTO_INCREMENT=604;

--
-- AUTO_INCREMENT для таблицы `matches_statuses`
--
ALTER TABLE `matches_statuses`
  MODIFY `pk` int(11) NOT NULL AUTO_INCREMENT, AUTO_INCREMENT=16;

--
-- AUTO_INCREMENT для таблицы `ratings_balls`
--
ALTER TABLE `ratings_balls`
  MODIFY `pk` int(11) NOT NULL AUTO_INCREMENT, AUTO_INCREMENT=15004;

--
-- AUTO_INCREMENT для таблицы `ratings_messages`
--
ALTER TABLE `ratings_messages`
  MODIFY `pk` int(11) NOT NULL AUTO_INCREMENT, AUTO_INCREMENT=4;

--
-- AUTO_INCREMENT для таблицы `users`
--
ALTER TABLE `users`
  MODIFY `pk` int(11) NOT NULL AUTO_INCREMENT, AUTO_INCREMENT=151;

--
-- AUTO_INCREMENT для таблицы `users_has_achievements`
--
ALTER TABLE `users_has_achievements`
  MODIFY `pk` int(11) NOT NULL AUTO_INCREMENT;

--
-- AUTO_INCREMENT для таблицы `users_has_characters`
--
ALTER TABLE `users_has_characters`
  MODIFY `pk` int(11) NOT NULL AUTO_INCREMENT, AUTO_INCREMENT=102;

--
-- AUTO_INCREMENT для таблицы `users_levels`
--
ALTER TABLE `users_levels`
  MODIFY `pk` int(11) NOT NULL AUTO_INCREMENT, AUTO_INCREMENT=301;

--
-- Ограничения внешнего ключа сохраненных таблиц
--

--
-- Ограничения внешнего ключа таблицы `characters`
--
ALTER TABLE `characters`
  ADD CONSTRAINT `characters_characters_lines_pk_fk` FOREIGN KEY (`fk_first_line`) REFERENCES `characters_lines` (`pk`),
  ADD CONSTRAINT `characters_characters_lines_pk_fk_2` FOREIGN KEY (`fk_second_line`) REFERENCES `characters_lines` (`pk`);

--
-- Ограничения внешнего ключа таблицы `characters_parametrs`
--
ALTER TABLE `characters_parametrs`
  ADD CONSTRAINT `characters_parametrs_characters_pk_fk` FOREIGN KEY (`fk_character`) REFERENCES `characters` (`pk`);

--
-- Ограничения внешнего ключа таблицы `matches`
--
ALTER TABLE `matches`
  ADD CONSTRAINT `matches_match_status_pk_fk` FOREIGN KEY (`fk_status`) REFERENCES `matches_statuses` (`pk`);

--
-- Ограничения внешнего ключа таблицы `matches_logs`
--
ALTER TABLE `matches_logs`
  ADD CONSTRAINT `matches_logs_matches_logs_events_pk_fk` FOREIGN KEY (`fk_event`) REFERENCES `matches_logs_events` (`pk`),
  ADD CONSTRAINT `matches_logs_matches_pk_fk` FOREIGN KEY (`fk_match`) REFERENCES `matches` (`pk`),
  ADD CONSTRAINT `matches_logs_users_has_characters_pk_fk` FOREIGN KEY (`fk_user_char_1`) REFERENCES `users_has_characters` (`pk`),
  ADD CONSTRAINT `matches_logs_users_has_characters_pk_fk_2` FOREIGN KEY (`fk_user_char_2`) REFERENCES `users_has_characters` (`pk`);

--
-- Ограничения внешнего ключа таблицы `matches_party`
--
ALTER TABLE `matches_party`
  ADD CONSTRAINT `matches_party_matches_pk_fk` FOREIGN KEY (`fk_match`) REFERENCES `matches` (`pk`),
  ADD CONSTRAINT `matches_party_users_has_characters_pk_fk` FOREIGN KEY (`fk_user_char`) REFERENCES `users_has_characters` (`pk`);

--
-- Ограничения внешнего ключа таблицы `ratings_balls`
--
ALTER TABLE `ratings_balls`
  ADD CONSTRAINT `ratings_balls_rating_message_pk_fk` FOREIGN KEY (`fk_message`) REFERENCES `ratings_messages` (`pk`),
  ADD CONSTRAINT `ratings_balls_users_pk_fk` FOREIGN KEY (`fk_user`) REFERENCES `users` (`pk`);

--
-- Ограничения внешнего ключа таблицы `users_has_achievements`
--
ALTER TABLE `users_has_achievements`
  ADD CONSTRAINT `users_has_achievements_achievements_pk_fk` FOREIGN KEY (`fk_achievement`) REFERENCES `achievements` (`pk`),
  ADD CONSTRAINT `users_has_achievements_users_pk_fk` FOREIGN KEY (`fk_user`) REFERENCES `users` (`pk`);

--
-- Ограничения внешнего ключа таблицы `users_has_characters`
--
ALTER TABLE `users_has_characters`
  ADD CONSTRAINT `user_has_character_character_pk_fk` FOREIGN KEY (`fk_character`) REFERENCES `characters` (`pk`),
  ADD CONSTRAINT `user_has_character_users_pk_fk` FOREIGN KEY (`fk_user`) REFERENCES `users` (`pk`);
COMMIT;

/*!40101 SET CHARACTER_SET_CLIENT=@OLD_CHARACTER_SET_CLIENT */;
/*!40101 SET CHARACTER_SET_RESULTS=@OLD_CHARACTER_SET_RESULTS */;
/*!40101 SET COLLATION_CONNECTION=@OLD_COLLATION_CONNECTION */;
